:020000040800F2
:1000000010BE012061020008CF380008692E0008E8
:10001000CD380008B31000082D490008000000008A
:10002000000000000000000000000000A101000826
:10003000B510000800000000FD010008E1390008CB
:100040007B0200087B0200087B0200087B0200089C
:100050007B0200087B0200087B0200087B0200088C
:100060007B0200087B0200087B0200087B0200087C
:100070007B0200087B0200087B0200087B0200086C
:100080007B0200087B0200087B0200087B0200085C
:100090007B0200087B0200087B0200087B0200084C
:1000A0007B0200087B0200087B0200087B0200083C
:1000B0009D3A00087B0200087B0200087B020008D2
:1000C0007B0200087B0200087B0200087B0200081C
:1000D0007B020008E1480008ED48000821490008BB
:1000E0007B0200087B0200087B0200087B020008FC
:1000F0007B0200087B0200087B0200087B020008EC
:100100007B0200087B0200087B0200087B020008DB
:100110007B0200087B020008A93A00087B02000865
:100120007B0200087B0200087B0200087B020008BB
:100130007B0200087B0200087B0200087B020008AB
:100140007B0200087B0200087B0200087B0200089B
:100150007B0200087B0200087B0200087B0200088B
:100160007B0200087B0200087B0200087B0200087B
:100170007B0200087B0200087B02000800000000F0
:100180007B0200087B020008DFF810D000F0AAFD17
:1001900000480047F9630208AFF3008010BE012059
:1001A0002C4B19680868B0E8F04F80F30988BFF35A
:1001B0006F8F4FF0000080F311887047000000003F
:1001C00008480068006880F308884FF0000080F35A
:1001D000148862B661B6BFF34F8FBFF36F8F00DF35
:1001E00000BF00BF08ED00E0DFF80C00016841F43B
:1001F00070010160704700BF88ED00E0EFF30980F7
:10020000BFF36F8F134B1A681EF0100F08BF20ED5D
:10021000108A20E9F04F106009B44FF0500080F3CD
:100220001188BFF34F8FBFF36F8F2DF0F7FF4FF0A3
:10023000000080F3118809BC19680868B0E8F04F25
:100240001EF0100F08BFB0EC108A80F30988BFF3CE
:100250006F8F70476C010020EFF30580704700003E
:100260000648804706480047FEE7FEE7FEE7FEE750
:10027000FEE7FEE7FEE7FEE7FEE7FEE78D3A000851
:10028000890100082DE9F05F0546002092469B4653
:1002900088460646814640241BE02846414647469C
:1002A000224600F020FA53465A46C01A914110D314
:1002B00011461846224600F007FA2D1A67EB01088E
:1002C0004F4622460120002100F0FEF917EB0009FD
:1002D0004E41201EA4F10104DFDC484631462A4687
:1002E0004346BDE8F09F40EA01039B0703D009E0C5
:1002F00008C9121F08C0042AFAD203E011F8013B12
:1003000000F8013B521EF9D27047D2B201E000F86A
:10031000012B491EFBD270470022F6E710B51346A9
:100320000A4604461946FFF7F0FF204610BD30B5D7
:1003300005462A460B4612F8010B13F8014B08B18B
:10034000A042F8D01CB1002802D06D1CF1E728466D
:1003500030BD10B5044604E00B7800F8013B03B152
:10036000491C521EF8D2204610BDCAB2401E10F8D9
:10037000011F8A4202D00029F9D100207047421C97
:1003800010F8011B0029FBD1801A704710B500221C
:1003900000E0521C835C8C5CA34201D1002BF8D19D
:1003A000D8B2E1B2401A10BD034611F8012B00F893
:1003B000012B002AF9D11846704700000FB400B590
:1003C0008DB010A909900B9000914FF0FF300A906A
:1003D00000200C9005480690054807906A4609A839
:1003E0000F9900F0B3F90DB05DF814FB6907000830
:1003F000870700082DE9FF5F1D464FF0FF3BD5E959
:10040000014691465F464FF00008A9697F1C01989C
:100410008847296A824688470028F6D1BAF1FF3F0B
:100420000CD024F4C064002E19DD600614D5BAF196
:100430002B0F09D0BAF12D0F0ED103E0584604B0AE
:10044000BDE8F09F44F48064A9697F1C0198884747
:10045000761E8246002E02DDBAF1300F03D0B9F1CC
:10046000000F26D032E0A969761E44F400747F1C88
:10047000019888478246002E05DDBAF1780F06D034
:10048000BAF1580F03D0B9F1000F10D01EE0B9F146
:10049000000F02D0B9F1100F18D1A969761E24F40B
:1004A00000747F1C019888478246102002E00820D3
:1004B00000E00A20814609E008FB0908A969761EC8
:1004C00044F400747F1C019888478246002E05DDA5
:1004D0004946504600F025F90028EDDAE96901980F
:1004E0008847A00502D46FF00100A8E7E00725D1F6
:1004F000600613D5600502D5C8F1000000E0404653
:1005000029680A1D2A600968220501D5087015E0CE
:10051000220701D5088011E008600FE02868011D5E
:1005200029600068210502D580F8008006E02107D7
:1005300002D5A0F8008001E0C0F8008038467EE7D0
:100540002DE9F04791460F4680460446002614F8F0
:10055000015B2DB100F0D8F80068405DC007F6D10E
:100560002B2D02D02D2D18D0641E4A463946204628
:1005700000F01AF927B13968A14201D1C7F800800B
:1005800071054FF002040BD54042002803DD04F052
:1005900009FA0460A007BDE8F08746F48066E4E746
:1005A0000028F8DA04F0FEF904606FF00040F2E78A
:1005B00070B5064604F0F6F9046805460A220021E3
:1005C0003046FFF7BDFF2C6070BD0EB540F23341E1
:1005D00002910021CDE900110A460B4600F042F9D4
:1005E00003B000BDC1F30A5210B5C1F3130140F2CC
:1005F000FF3341F480119A4201DA002010BD40F22D
:1006000033439A42A2F2334203DC524200F06BF8C9
:1006100010BD904010BD00F0004230F000400AD004
:10062000C10D01F56071C0F3160042EA0151C20824
:1006300040071143704700200146704730B5041E43
:1006400071F1000404DB4FF00044404264EB01010F
:10065000141E73F1000405DB1C464FF000435242A8
:1006600063EB04038B4208BF824230BD30B5041EE9
:1006700071F1000404DB4FF00044404264EB0101DF
:10068000141E73F1000405DB1C464FF00043524278
:1006900063EB0403994208BF904230BD30B50B466E
:1006A000014600202022012409E021FA02F59D42A2
:1006B00005D303FA02F5491B04FA02F52844151E76
:1006C000A2F10102F1DC30BD202A04DB203A00FA5D
:1006D00002F1002070479140C2F1200320FA03F399
:1006E000194390407047202A04DB203A21FA02F097
:1006F0000021704721FA02F3D040C2F1200291405C
:1007000008431946704700000048704754B6040873
:1007100010B50446FFF7F8FF0068005D00F0010027
:1007200010BD3A2800D2303820F02002412A01D3EF
:10073000A2F13700884201D34FF0FF30704700002C
:10074000026811441378016018467047D16004496B
:1007500051610449116200211161114600F0E6BAAD
:100760004107000811070008426842B1016811F80A
:10077000013B23B1521EC0E9001218467047012107
:10078000C160881E704742685AB1C368016843B9A6
:1007900083688B4205D0491E521CC0E9001200201C
:1007A00070474FF0FF3070472DE9F05F82460078C8
:1007B000002715468B460AF10104B946302801D0BE
:1007C0009DB113E014F8010B0127782803D05828B5
:1007D00001D045B10AE00DB1102D07D10027102539
:1007E00014F8010B02E0082500E00A250026B046B7
:1007F0000EE005FB080005FB06F1012701EB1046A2
:100800001FFA80F8B6F5803F00D3B94614F8010B03
:100810002946FFF786FF0028EBDABBF1000F05D071
:100820000FB1641E00E05446CBF80040B9F1000F50
:1008300006D004F0B7F802210160C81EBDE8F09FA1
:1008400048EA0640FAE710B5141E73F1000408DA0E
:10085000401C41F1000192185B411A4301D120F084
:10086000010010BD2DE9F04D92469B4611B1B1FA41
:1008700081F202E0B0FA80F220329046FFF724FFC6
:1008800004460F4640EA0A0041EA0B0153465A4625
:10089000084313D0114653EA010019D0C8F14002B1
:1008A0005046FFF720FF05460E4650465946424641
:1008B000FFF70AFF084305D0012004E0204639462F
:1008C000BDE8F08D0020054346EAE0762C4337432F
:1008D0000A986305E40AA0EB08000022FD0A44EA36
:1008E00047540A3002D500200146E9E701051019F6
:1008F0006941DDE9084500196941BDE8F04DA2E70D
:100900002DE9FE4F804681EA0300C00F0C4600909F
:1009100021F0004123F00045B8EB0200A94105D2C7
:100920004046214690461C460B46024623F00040B6
:10093000104347D0270DC7F30A00C3F30A510290B2
:10094000401A019040286BDAC3F3130040F4801B77
:100950000098924620B10023D2EB030A63EB0B0B05
:1009600001985946C0F140025046FFF7ADFE0646D9
:100970000D4650465946019A00F0C6F910EB0800A2
:100980006141002487EA115284EAE7731A4340D098
:10099000009A62B3019A012A4FEA075215DC001B44
:1009A00061EB02014FF0004202EA0752CDE900423A
:1009B000001C41F5801132462B46FFF753FF03B070
:1009C000BDE8F08F40462146F9E7001B61EB0201CC
:1009D000001C41F5801300185B412018A2F5001798
:1009E00047EB030140EAD570B6196D4111E06D087F
:1009F0004FEA360645EAC0754FEA0752001B61EB25
:100A00000201001C41F5801149084FEA300000192D
:100A1000514132462B4603B0BDE8F04FFFF713BFFC
:100A20000098012240000023D0EB020263EBE07348
:100A3000009821464FEAE074B8EB000061EB040136
:100A4000E9E783F000435BE781F0004158E72DE9D7
:100A5000FE4F81EA030404F0004421F000410094B9
:100A60004FF0000B23F0004350EA01045ED052EA3D
:100A700003045BD0C3F30A54C1F30A552C44A4F217
:100A8000F3340194A0FB0254C1F3130141F480112B
:100A9000C3F3130343F4801301FB024400FB034E32
:100AA000840A970A44EA815447EA8357A4FB0768FB
:100AB00002958D0A05FB07854FEA932C04FB0C5425
:100AC0002705029D4FEA065847EA1637B5EB080599
:100AD0006EEB070C870E920E47EA811742EA8312EB
:100AE000A7FB0201B6EB0B0164EB00042B0D43EAFC
:100AF0000C335E1844EB1C50DA465146E7FB02010A
:100B0000C5F313044FEA0B3343EA14534FEA04329C
:100B1000019C43EA0603A4F10C040294009CCDE975
:100B200000B4FFF79FFE03B0BDE8F08F0020014640
:100B3000F9E72DE9F04D81EA030404F0004B21F0C0
:100B4000004514464FF0000A23F0004150EA050228
:100B500020D054EA01021DD0C5F30A570246C5F35E
:100B60001303C1F31300C1F30A5640F4801543F494
:100B70008013A7EB0608101BD64608F2FD3873EB6E
:100B8000050002D308F1010801E092185B41B8F1B9
:100B9000000F03DA00200146BDE8F08D00204FF47D
:100BA0008011064684460EE0171B73EB050705D33C
:100BB000121B63EB050306434CEA010C49084FEA9C
:100BC000300092185B4150EA0107EDD152EA030070
:100BD00012D082EA040083EA0501084305D0101B05
:100BE000AB4106D20122002306E000224FF0004371
:100BF00002E06FF0010253101AEB06004CEB0851B3
:100C000010EB0A0041EB0B01BDE8F04DFFF71BBEF6
:100C10002DE9F04D00231A461B1A8A4103DB002000
:100C20000146BDE8F08DC1F30A52C1F3130141F44E
:100C300080154FF0000BD10702D100186D41521EF4
:100C40000027044640F2FF11384601EB620A3E4697
:100C50008046024600204FF48011FFF744FDC21980
:100C60007141BB1846EB0100B4EB030C75EB000CB3
:100C700004D3E41A65EB000517460E46241908F163
:100C800001006D4180463428E3DDF91946EB06008A
:100C9000091BA84103D24FF0FF32134601E00022A6
:100CA00013461BEB070046EB0A51BDE8F04DFFF77A
:100CB000CABDC1F30A52C1F3130140F2FF3341F43C
:100CC00080119A4202DA00200146704740F2334315
:100CD0009A42A2F2334202DC5242FFF704BDFFF710
:100CE000F3BC0000064C074D06E0E06840F001034D
:100CF00094E8070098471034AC42F6D3FFF748FA5F
:100D00002CBD04086CBD0408202A06DBCB17203A52
:100D100041FA02F043EAE07306E041FA02F3D04000
:100D2000C2F1200291400843194670472DE9F34F64
:100D30008BB04FF0000801F10C000C464FF0010B96
:100D400046460DF1080A0190626901210198904719
:100D5000051E2DD0252D2CD0216A8847C0B162698F
:100D6000012101989047216A88470028F7D1411E48
:100D700062690198904700E0761CA1690B9888474A
:100D8000216A88470028F7D1E1690B988847DBE79B
:100D9000A1690B9888470746A84201D1761CD3E782
:100DA000E1690B9888477F1C02D1B8F1000F6FD022
:100DB00047E1002762693D463946019890472A2855
:100DC00004D162690121019890470125DFF88892DA
:100DD0006269012101989047A0F130010A290AD2E5
:100DE0004F45E5DC07EB870100EB4107303FDFD4DF
:100DF00045F01005ECE7E90601D46FF000476C28D8
:100E00000AD04C2814D0682815D06A280DD0742830
:100E10001CD07A281AD01DE0626901210198904700
:100E20006C2802D045F0040514E045F002050DE001
:100E300045F020050AE06269012101989047682881
:100E400002D045F0080505E045F40065626901211E
:100E500001989047C4E9015765283DD019DC58280E
:100E60007AD00CDC452837D004DC252826D0412850
:100E700031D131E046282FD047282CD12CE05B28F7
:100E800077D0612828D063287CD0642823D15AE009
:100E9000D1E06F2848D008DC66281DD067281BD019
:100EA000692821D06E2816D127E0702845D07328F4
:100EB00068D0752847D078280DD14DE0A1690B98EE
:100EC0008847054625283FF469AFE1690B988847B4
:100ED0006D1C3FF46AAFB4E023466A466FF0010030
:100EE0000B99AFF300809FE045F040006060A807D9
:100EF00023464FF0000236D43EE0E8077FF447AFC8
:100F00002068011D21600068290501D506701BE7D6
:100F1000290701D5068017E7A90703D5F117C0E90E
:100F2000006111E706600FE745F040006060A80728
:100F300023464FF0080216D41EE040F60E0125EAC3
:100F40000100606016E045F040006060A80723469D
:100F50004FF00A0207D40FE045F040006060A80798
:100F600008D5234610226FF001000B99AFF30080E3
:100F70005AE007E0234610226FF001000B99FFF7BB
:100F800039FA51E04FF000094F464B46632802D032
:100F90005B2807D041E02079C00601D40120A06081
:100FA00001273AE062690121019890475E2805D146
:100FB0004FF001096269494601989047216939B9A2
:100FC00000210A46534643F82120491C0829FADB30
:100FD000B0B3216969B9C11700EBD16253110AEBB3
:100FE000830122F01F02821A01200B689040034304
:100FF0000B6062690121019890475D28E8D1B9F141
:10100000000F09D00020514651F82020D24341F86A
:101010002020401C0828F7DB02AB224600976FF027
:1010200001000B99AFF3008000280CDA401C08D1B6
:10103000BBF1000F05D04FF0FF300DB0BDE8F08FD1
:10104000FFE74046F9E7E90701D108F10108064446
:101050004FF0000B78E60000CCCCCC0C70B58C18AF
:1010600010F8015B15F0070301D110F8013B2A11BC
:1010700006D110F8012B03E010F8016B01F8016BA9
:101080005B1EF9D12B0705D40023521E0DD401F8A5
:10109000013BFAE710F8013BCB1A921C03E013F86E
:1010A000015B01F8015B521EF9D5A142D8D30020A3
:1010B00070BDFEE7704700002DE9FF4F83B09046FA
:1010C0000E460746002514464FE000BF381BA6EB2E
:1010D000050902901FFA89F180B2069A02F015F90B
:1010E000381901901FFA89F180B2069A02F00DF9C1
:1010F000301981B2A7EB050900901FFA89F0069A12
:1011000002F003F9A6EB040B1FFA8BF11FFA89F02A
:10111000069A02F0FAF8019806EB050A1FFA8AF11E
:1011200080B2069A02F0F1F807EB05091FFA8BF17D
:101130001FFA89F0069A02F0E8F80098069A81B240
:101140001FFA89F002F0E1F802981FFA8AF180B2E2
:10115000069A02F0DAF86D1C05FB05F004FB0401A9
:1011600018FB08F0814200DD641EA542AEDD07B029
:10117000BDE8F08F72B6FEE72DE9F0410446876DB9
:1011800000F058F9064694F835000025022806D0EC
:101190008020606584F834500120BDE8F08120682B
:1011A000016821F0160101602068416921F0800189
:1011B0004161206C08B9A06C20B12068016821F061
:1011C000080101602068016821F0010101600CE064
:1011D00000F030F9801B052807D920206065032026
:1011E00084F8350084F83450D7E720680068C007D9
:1011F000EED194F85C103F208840B860012084F85C
:10120000350084F834500020C7E790F835100229E3
:1012100003D08021416501207047052180F83510F9
:101220000068016821F001010160002070470000A2
:101230002DE9F84FDFF8BCA10022012503264FF06D
:101240000F090AF1040BAAF1040E00BF0B6805FA9E
:1012500002F42340A34270D10F7907F00307012F56
:1012600001D0022F16D187684FEA420806FA08FC1F
:1012700027EA0C07D1F80CC00CFA08FC4CEA070C62
:10128000C0F808C04768A7430C79C4F30014944021
:101290003C4344600C79E443A4070AD0C4684FEA95
:1012A000420C06FA0CF7BC438F6807FA0CF7274389
:1012B000C7600C7904F00304022C12D1D40800EBAF
:1012C000840CDCF820405707FF0E09FA07F824EADF
:1012D0000804D1F8108008FA07F848EA0408CCF8A6
:1012E000208004684FEA420C06FA0CF7BC430F79E1
:1012F00007F0030707FA0CF7274307604C6814F45C
:10130000403F70D03C4C276847F4804727602468F2
:1013100022F0030704F480440094384C07EB040CDB
:10132000DCF8084897074FEA177809FA08F7BC4332
:10133000334FB84202D1002724E054E0314FB84285
:1013400001D101271EE0304FB84201D1022719E038
:101350002E4FB84201D1032714E02D4FB84201D1DE
:1013600004270FE02B4FB84201D105270AE02A4F8E
:10137000B84201D1062705E0284FB84201D107271E
:1013800000E0082707FA08F72743CCF80878DAF8CE
:1013900000405746D1F804C09C435FEACC2C00D5EE
:1013A0001C433C60DBF800405F46D1F804C09C431E
:1013B0005FEA8C2C00D51C433C60DEF80040774689
:1013C000D1F804C09C435FEA8C3C00D51C433C60D0
:1013D000084F083F3C68D1F804C09C435FEACC3C0E
:1013E00000D51C433C60521C102AFFF42FAFBDE80F
:1013F000F88F0000083C01404438024000300140B2
:10140000000002400004024000080240000C0240BC
:10141000001002400014024000180240001C02406C
:101420000069084000D0012070470AB1816170470F
:101430000904FBE7014880687047000000C00120F4
:1014400070B5040025D094F83D00002520B984F83B
:101450003C50204600F03EFA242084F83D002068ED
:10146000016821F0010101602068016841F4004138
:1014700001602068016821F40041016000F0A4FBD4
:101480004D4A6168914201D84C4900E04C4988427C
:1014900001D2012070BD4B492368B0FBF1F15E68B9
:1014A00026F03F060E435E606368934206D94FF410
:1014B000967359434FF47A73B1FBF3F12368491CD7
:1014C0001E6A26F03F06314319626168914210D8C6
:1014D0004900401EB0FBF1F2521CC2F30B02042A79
:1014E00001D2042022E0B0FBF1F0401CC0F30B005D
:1014F0001CE0A268F2B301EBC10303EB0116431E2B
:10150000B3FBF6F35B1C43F480431B0549D092B355
:1015100001EBC10202EB0111401EB0FBF1F0401CD7
:10152000C0F30B0040F4804040F400402168CA69D9
:101530004CF6FF739A431043C861D4E90710014386
:101540002068026822F0C00211430160D4E903015F
:1015500001432068826848F2FF339A431143816057
:10156000D4E9050108432168CA6822F0FF0210434C
:10157000C86001E00EE016E02068016841F001015A
:1015800001602564202084F83D00256384F83E50E6
:10159000002070BD01EB4106431EB3FBF6F35B1C5C
:1015A000B3E70120C2E701EB4101401EB0FBF1F0BF
:1015B000401CC0F30B00B7E7A086010080841E002A
:1015C00000093D0040420F002DE9F84F1F469046AC
:1015D0008A460446DDF82890FFF72CFF054694F86C
:1015E0003D00202875D1192301226C492046009521
:1015F00001F03CFD0028F5D194F83C00012868D0AA
:10160000012084F83C0020680168C90703D1016803
:1016100041F0010101602068016821F4006101606E
:10162000222084F83D00102084F83E000026266425
:10163000C4F824806785608D20855948E0622B4678
:101640004A465146204601F027FC002878D1208DDB
:10165000544F68B1012814D002282068016816D0C0
:1016600041F480610160206841698069009087E0F1
:101670002068416981690091016841F4007101604D
:101680007EE02068016821F480610160F0E721F4C8
:10169000806101602068016841F40061E2E703288D
:1016A00048D801280AD0022814D04B4600223946D7
:1016B0002046009501F0DAFCD8BB27E02A464946CF
:1016C000204601F052FDA0BB20680069616A0870E5
:1016D0004DE061E04B46002239462046009501F07E
:1016E000C5FC30BB2068016841F4007101602068CE
:1016F0000069616A0870606A401C6062218D491E41
:101700002185618D491E618521682EE02068016870
:1017100021F48061016020680069616A0870606A74
:10172000401C6062208D401E2085608D401E6085BB
:10173000D0E705E02A464946204601F016FD10B1E3
:101740000120BDE8F88F20680069616A0870606A4E
:10175000401C6062218D491E2185618D491E618575
:1017600021684A69D24352070AD409690170606A44
:10177000401C6062208D401E2085608D401E60856B
:10178000208D00288BD1202084F83D0084F83E6015
:1017900084F83C600020D4E70220D2E70200100069
:1017A0000000FFFF040001002DE9F84F1F4690469E
:1017B0008A460446DDF82890FFF73CFE054694F87B
:1017C0003D0020287FD11923012240492046009561
:1017D00001F04CFC002876D194F83C00012872D02E
:1017E000012084F83C0020680168C90703D1016822
:1017F00041F0010101602068016821F4006101608D
:10180000212084F83D00102084F83E000026266444
:10181000C4F824806785608D20852D48E0622B46C2
:101820004A465146204601F0ADFB90B92068416917
:101830008069009036E02A464946204601F0C8FCFF
:1018400050B1206C042804D12068016841F4007173
:1018500001600120BDE8F88F606A216800780861A6
:10186000606A401C6062618D491E6185218D491E40
:1018700089B2218522685369DB435B070BD451B1E0
:1018800000781061606A401C6062608D401E608557
:10189000208D401E20852A464946204601F0C0FB87
:1018A0000028CED1208D0028C5D154F83D0B016809
:1018B00041F400710160202004F81E09E677667784
:1018C0000020C7E7FFE70220C4E700000200100085
:1018D0000000FFFF00B50068134987B0884220D19F
:1018E0001248016841F400110160006800F4001022
:1018F00005900E481038016841F00201016000684F
:10190000694600F002000590C0200090122001906E
:101910000120029003200390042004900448FFF764
:1019200087FC07B000BD0000005400404038024072
:1019300000040240024881680278114481607047C7
:1019400000C001200B4810B5016841F4007101602E
:10195000016841F480610160016841F480710160B7
:10196000032000F07FF80F2000F006F800F024F8C4
:10197000002010BD003C024070B50D4D04464FF4F0
:101980007A712878B1FBF0F00A490968B1FBF0F0F0
:1019900000F0CBFC48B9102C07D200222146501E83
:1019A00000F040F800206C6070BD012070BD0000A8
:1019B00000C0012010C001200A4808B5016841F4A8
:1019C00080410160006800F4804000900548001FDD
:1019D000016841F080510160006800F08050009083
:1019E00008BD00004438024000280DDB00F01F0253
:1019F000012191404009800000F1E020C0F88011F1
:101A0000BFF34F8FBFF36F8F7047002809DB00F0E3
:101A10001F02012191404009800000F1E020C0F840
:101A200000117047F0B40E4B1B680C46C3F3022341
:101A3000C3F10705042D00D90425191D072901D27A
:101A4000002300E0DB1E012606FA05F1491E2140B5
:101A500099409E40761E16403143F0BC02F092BF82
:101A60000CED00E0064900F0070208684FF6FF039E
:101A7000184040EA0220034A104308607047000003
:101A80000CED00E00000FA052DE9F0470E460500D8
:101A900065D0DFF81481D8F80000F7B200F0070035
:101AA000B04207D288F80070D8F8000000F00700B4
:101AB000B04254D128683D4C810712D5400703D568
:101AC000206840F4E05020602878000703D52068A3
:101AD00040F4604020602068A96820F0F0000843CE
:101AE00020602878C0072DD030496868083901285F
:101AF00012D0022813D0032811D0096889070029C1
:101B00002DDA216821F0030101432160FFF792FCE7
:101B1000814641F2883A0EE009688903EFE70968D7
:101B20008901ECE7FFF786FCA0EB0901514502D9DA
:101B30000320BDE8F0872068696800F00C00B0EB76
:101B4000810FEFD1D8F80010404601F00701B142F3
:101B500007D90770006800F00700B04201D00120EB
:101B6000E7E72878400705D52068E96820F4E050C9
:101B7000084320602878000706D52068296920F4EA
:101B8000604040EAC100206000F03EF82168084A49
:101B9000C1F30311515CC84006490860064800685B
:101BA000FFF7EAFE0020C4E7003C0240083802408C
:101BB000B0F9020810C0012004C0012001480068EB
:101BC0007047000010C001200448054900680968FA
:101BD000044AC1F38221515CC840704710C0012003
:101BE00008380240C0F9020804480549006809683D
:101BF000044AC1F34231515CC840704710C0012013
:101C000008380240C0F90208154810B5006810F005
:101C10000C02144813D04110042A0FD0082A0ED108
:101C20000F4C241F2268236802F03F025B0207D595
:101C30002068C0F38810A0FB010106E0084610BD33
:101C40002168C1F38811A1FB00010023FEF71AFBF4
:101C50002168C1F30141491C4900B0FBF1F010BDFE
:101C6000083802400024F4002DE9F84F04006ED03B
:101C70002078DFF84C93C007A9F104054AD009F198
:101C800004000168C1F38101012908D00068C0F394
:101C9000810002280AD1D9F80000400206D5286840
:101CA000800337D560680028E1D033E06068B0F584
:101CB000803F10D0B0F5A02F286810D020F48030DD
:101CC0002860286820F4802028606068A8B1FFF7A9
:101CD000B1FB06460DE0286840F48030F4E740F49C
:101CE00080202860F7E700BFFFF7A4FB801B642873
:101CF00073D828688003F7D50CE0FFF79BFB0646F6
:101D000005E000BFFFF796FB801B6428F0D8286829
:101D10008003F7D42078DFF8AC8280074FF0000A08
:101D20003ED5A748001D016811F00C0F08D00068CF
:101D3000C0F3810002280BD1D9F80000400207D47B
:101D40002868800716D5E068012800D112E033E149
:101D5000E068B8B10120C8F80000FFF76BFB064649
:101D600005E000BFFFF766FB801B0228C0D828688B
:101D70008007F7D52868216920F0F80040EAC10003
:101D800028600DE0C8F800A0FFF754FB064604E009
:101D9000FFF750FB801B02281FD828688007F7D464
:101DA0002078000722D5864F87486169703771B166
:101DB00001210160FFF73EFB064604E0FFF73AFB16
:101DC000801B022809D838688007F7D50EE0C0F8D4
:101DD00000A0FFF72FFB064605E082E0FFF72AFB95
:101DE000801B02287DD838688007F7D42078400708
:101DF00068D5DFF8CCB100270BF13C0BDBF8000015
:101E0000C0000BD4DBF8001041F08051CBF800107B
:101E1000DBF80000012700F0805000906B4E306826
:101E2000C00510D4306840F480703060FFF702FBCA
:101E3000009005E0FFF7FEFA0099401A022850D8FA
:101E40003068C005F6D55E4EA0686C3601280FD00C
:101E50000528306810D020F001003060306820F094
:101E600004003060A068B8B1FFF7E4FA00900FE01A
:101E7000306840F00100F4E740F004003060F7E71C
:101E8000FFF7D8FA0099411A41F28830814266D8AA
:101E900030688007F4D50EE0FFF7CCFA009007E039
:101EA000FFF7C8FA0099411A41F28830814256D8AA
:101EB00030688007F4D42FB1DBF8001021F0805196
:101EC000CBF80010A069C8B33D49091D0968C1F3EA
:101ED000810102294AD00228504607D0C8F8600084
:101EE00000E03CE0FFF7A6FA04463BE04746C8F8AE
:101EF0006000FFF79FFA064605E000BFFFF79AFA79
:101F0000801B02282BD828688001F7D4D4E9070168
:101F10000843A16A2E4A490802EB0141626A41EA7C
:101F20008211084394F82C1040EA0161C9F80010AE
:101F300001203866FFF77EFA044606E03EE000BF67
:101F4000FFF778FA001B022809D828688001F7D526
:101F500034E000BFFFF76EFA001B022802D903200D
:101F6000BDE8F88F28688001F4D427E00128F7D075
:101F7000D9F80000E26900F4800191421CD1226A84
:101F800000F03F01914217D147F6C071626A0140EB
:101F9000B1EB821F10D1A26A4FF0FF3300F4403141
:101FA00003EB5202B1EB024F06D194F82C1000F073
:101FB0007060B0EB016F01D00120D1E70020CFE7C6
:101FC0000438024000004742800E47420070004043
:101FD0000000FFFF70B5040009D0606A002540B121
:101FE00025616561A56294F8510040B10CE00120C3
:101FF00070BD6068B0F5827FF4D0E561F2E784F8E7
:102000005050204600F044F8022084F85100206827
:10201000016821F040010160A088218900F48270EC
:1020200001F404410843A18901F400610843217CC3
:1020300001F002010843217D01F001010843218BD9
:1020400001F400710843217F01F03801084394F83E
:10205000201001F080010843218D01F40051084354
:1020600021680860A069042101EA104094F8241056
:1020700001F010010843216848602068C16921F41B
:102080000061C1616565012084F85100002070BDC8
:10209000F0B50068274987B0884249D12648002515
:1020A000016841F002010160016801F0020105913F
:1020B000016841F004010160016801F0040105912B
:1020C000016841F020010160006800F020000590E7
:1020D00019481030016841F4004101600068082689
:1020E00000F40040059001200324CDE90060CDE913
:1020F0000204124F69463846FFF79AF80122082178
:102100003846FFF792F90096CDE9025402260627D9
:1021100069460B4804970196FFF78AF8E002CDE97B
:102120000006CDE90254694604970648FFF780F897
:1021300007B0F0BD003C00403038024000140240BF
:1021400000040240000802402DE9F84F044690F8D0
:10215000500000270A9E1D4692468B464FF001090B
:1021600001280ED0012084F85000FFF763F9804663
:1021700094F85100616801280CD0B1F5827F07D135
:1021800002E00220BDE8F88FA16809B9042801D057
:102190000227C2E0BBF1000F27D0BAF1000F24D014
:1021A0001DB394F85100042802D0052084F8510092
:1021B00000206065C4F838A0E587A587C4F830B072
:1021C000E586A5862064606420680168490603D41A
:1021D000016841F040010160E068B0F5006F60689F
:1021E00005D0E8B3012D46D07FE0012795E008B186
:1021F000012D39D1206B21680088C860206B801CBC
:102200002063E08E401EE0862EE02068816889070A
:102210000FD5E18E69B1B9F1010F0AD1216B09889F
:10222000C160206B801C2063E08E401EE0864FF072
:10223000000920688168C9070CD0E18F51B1C068DE
:10224000A16B0880A06B801CA063E08F401EE0871C
:102250004FF00109FFF7EEF8A0EB0800B04200E0F4
:1022600009E001D3701C50D1E08E0028CDD1E08F61
:102270000028CAD13FE0206B216800780873206BEA
:10228000401C2063E08E401EE0862EE020688168BE
:1022900089070FD5E18E69B1B9F1010F0AD1216B20
:1022A00009780173206B401C2063E08E401EE0869D
:1022B0004FF0000920688168C9070CD0E18F51B147
:1022C000C068A16B0870A06B401CA063E08F401E2B
:1022D000E0874FF00109FFF7ADF8A0EB0800B0422E
:1022E00002D3701C01D010E07EB1E08E0028CDD169
:1022F000E08F0028CAD142463146204601F0E8FA74
:1023000028B101272020606507E0032705E0A068C9
:1023100018B92068C16880680090012084F85100D5
:10232000002084F8500038462CE710B5401EB0F16C
:10233000807F01D3012010BD4FF0E02460610F21A8
:10234000601702F01FFB0020A06107202061002021
:1023500010BD70477047000070B590F83C20012A0E
:1023600032D0012480F83C40022280F83D200368EE
:102370005A689D6822F070060A6832435A60134B0F
:1023800002689A4214D0B2F1804F11D0104B9A4299
:102390000ED0104B9A420BD00F4B9A4208D00F4BE5
:1023A0009A4205D00E4B9A4202D00E4B9A4204D16B
:1023B000496825F080031943916080F83D40002171
:1023C00080F83C10084670BD022070BD000001403E
:1023D0000004004000080040000C004000040140E0
:1023E000004001400018004010B5040003D094F8EC
:1023F0003D0010B107E0012010BD002084F83C0032
:10240000204600F01FF8022084F83D00211D2068BE
:1024100001F056FB012084F8460084F83E0084F861
:102420003F0084F8400084F8410084F8420084F8BA
:10243000430084F8440084F8450084F83D000020FF
:1024400010BD000008B500680B49884212D10B4846
:10245000016841F0100101600068002200F01000E6
:10246000009011463620FFF7DDFABDE8084036201F
:10247000FFF7CBBA08BD0000001000404038024012
:1024800090F83D10012901D001207047022180F809
:102490003D100168CA6842F00102CA600068114933
:1024A000884214D0B0F1804F11D00F4988420ED02D
:1024B0000E4988420BD00E49884208D00D49884207
:1024C00005D00D49884202D00C49884204D1816868
:1024D00001F00701062903D0016841F00101016004
:1024E0000020704700000140000400400008004048
:1024F000000C004000040140004001400018004072
:10250000704770B50446006801694FF00005C94383
:10251000890715D4C168C943890711D4E91E01612F
:1025200001202077206880698007204602D0FFF7CD
:10253000E7FF04E000F098F8204600F05BF925770B
:1025400020680169C943490717D4C168C9434907CD
:1025500013D46FF0040101610220207720688069A4
:1025600010F4407F204602D0FFF7CAFF04E000F0DD
:102570007BF8204600F03EF9257720680169C943C1
:10258000090716D4C168C943090712D46FF00801BE
:102590000161042020772068C0698007204602D0AE
:1025A000FFF7AEFF04E000F05FF8204600F022F9EC
:1025B000257720680169C943C90617D4C168C94392
:1025C000C90613D46FF0100101610820207720683C
:1025D000C06910F4407F204602D0FFF791FF04E06D
:1025E00000F042F8204600F005F9257720680169DF
:1025F000C943C90708D1C168C943C90704D1891EA5
:102600000161204600F05CF920680169C9430906B0
:1026100009D4C168C943090605D46FF0800101617E
:102620002046FFF796FE20680169C943490609D490
:10263000C168C943490605D46FF0400101612046D5
:1026400000F03FF920680169C94389060BD4C168CD
:10265000C943890607D46FF0200101612046BDE817
:102660007040FFF777BE70BD704770B5044690F8B4
:102670003C0000260D4601280FD0012084F83C00C4
:102680006AB1042A1DD0082A2FD00C2A3FD0012677
:10269000002084F83C00304670BD022070BD2068E8
:1026A00001F080FA2068816941F0080181612068A9
:1026B000816921F004018161206881692A691143DF
:1026C00011E0206801F09EFA2068816941F4006100
:1026D00081612068816921F480618161206881695C
:1026E0002A6941EA02218161D2E7206801F0C0FA3B
:1026F0002068C16941F00801C1612068C16921F009
:102700000401C1612068C1692A69114311E0206890
:1027100001F0E2FA2068C16941F40061C1612068FA
:10272000C16921F48061C1612068C1692A6941EAF7
:102730000221C161ACE710B5040003D094F83D005C
:1027400010B107E0012010BD002084F83C002046B5
:1027500000F01EF8022084F83D00211D206801F0E1
:10276000AFF9012084F8460084F83E0084F83F0069
:1027700084F8400084F8410084F8420084F8430063
:1027800084F8440084F8450084F83D00002010BD22
:1027900000B50068144987B0884222D114216846E8
:1027A000FDF7BAFD1148016841F0080101600068B9
:1027B00000F0080005900D481030016841F0040158
:1027C0000160006800F0040005900220C102CDE91C
:1027D00000100121CDE90210049069460448FEF77B
:1027E00027FD07B000BD000000080040303802405F
:1027F000000C02407047000010B50446022249B1A7
:1028000004290ED0082913D094F84100012816D0CD
:10281000012010BD94F83E000128F9D184F83E2033
:102820000FE094F83F000128F2D184F83F2008E03F
:1028300094F840000128EBD184F8402001E084F8AE
:1028400041200122206801F09FF916492068164AAC
:10285000884201D0904203D1436C43F40043436467
:102860002068884213D0B0F1804F10D00F498842C1
:102870000DD00F4988420AD00E49884207D09042B5
:1028800005D00D49884202D00C49884204D18168A4
:1028900001F00701062903D0016841F00101016040
:1028A000002010BD00000140000401400004004071
:1028B00000080040000C00400040014000180040AB
:1028C0007047704770477047F8B50168044608685C
:1028D000CA684B6910F00F0F4FF0000559D003F094
:1028E000010602F49077374365D0C10705D0D105C2
:1028F00003D5216C41F001012164410705D5D907B9
:1029000003D0216C41F002012164810705D5D9076C
:1029100003D0216C41F004012164010707D502F0C6
:102920002001314303D0216C41F008012164216C66
:1029300000293AD0800604D5900602D5204601F041
:102940008EFE20684069216CC0F38010090700D416
:1029500060B3204601F05CFE20684069400621D546
:102960002068143050E8001F21F0400140E80012B8
:10297000002AF5D1A06BA8B16C490165A06BFEF7E8
:1029800044FC002811D0A06B016D01B0BDE8F040FF
:10299000084783060FD593060DD52046BDE8F840BD
:1029A00001F05DBE2046FFF78EFFF8BD2046FFF721
:1029B0008AFF2564F8BD266B2023012E79D1C60637
:1029C00077D5D60675D508684868009048694006EE
:1029D00040D5A16B086840680004000CEAD0A28DC5
:1029E0008242E7D9E085C869B0F5807F2DD02068A4
:1029F0000C3050E8001F21F4807140E80012002ADA
:102A0000F5D12068143050E8001F21F0010140E8A2
:102A10000012002AF5D12068143050E8001F21F080
:102A2000400140E80012002AF5D184F83E302563C9
:102A300020680C3050E8001F21F0100140E800121F
:102A4000002AF5D1A06BFEF797FBA08DE18D401A0F
:102A500081B229E0A08DE18D401A81B2E08D00287D
:102A6000A8D00029A6D020680C3050E8002F22F40E
:102A7000907240E80026002EF5D12068143050E80E
:102A8000002F22F0010240E80026002EF5D184F844
:102A90003E30256320680C3050E8002F22F01002F1
:102AA00040E80023002BF5D12046FFF70BFFF8BDCF
:102AB000FFE705062BD5150629D594F83D002128FA
:102AC000F5D1A068B0F5805F01D12069B0B1206A6E
:102AD000411C2162216800784860E08C401E00049F
:102AE000000CE084E3D12068C16821F08001C1605E
:102AF0002068C16841F04001C160D8E7206A0088C1
:102B0000C0F308004860206A801C2062E5E74006A8
:102B1000CDD55006CBD5CA68204622F04002CA6007
:102B200084F83D3000F09FF9C1E70000014600083D
:102B300070B5040004D094F83D00002510B106E003
:102B4000012070BD84F83C50204600F023F824207A
:102B500084F83D002068C16821F40051C16020461E
:102B600001F0DEFD2068016921F4904101612068D7
:102B7000416921F02A0141612068C16841F4005196
:102B8000C1602564202084F83D0084F83E000020C8
:102B900070BD0000F0B50768444845490222012392
:102BA0000726444C051587B0874226D1404814308B
:102BB000076847F010070760006800F010000590F4
:102BC000086840F001000860086800F00100059006
:102BD00048158DE80D00CDE9032669462046FEF72D
:102BE00027FB694620460095FEF722FB032211468B
:102BF0002520FEF717FF25202AE02D48DFF8B8C072
:102C00001030674528D1056845F400350560006837
:102C100000F400300590086840F001000860086882
:102C2000694600F00100059004208DE80D00CDE913
:102C300003262046FEF7FCFA08200090694620464D
:102C4000FEF7F6FA022203212620FEF7EBFE2620ED
:102C5000FEF7DBFE07B0F0BD184CA742FAD10468BE
:102C600044F480240460006800F480200590086823
:102C700040F00200086008680095CDE9012300F0EB
:102C80000200CDE904600E4C694603922046FEF72F
:102C9000CFFAE014009069462046FEF7C9FA0022F8
:102CA00005212720FEF7BEFE2720D1E700100140B6
:102CB000303802400000024000440040004800401C
:102CC0000004024090F83E30202B0ED159B152B191
:102CD00090F83C30012B08D0012380F83C300023D1
:102CE000036301F0A3BD012070470220704700007C
:102CF000F0B4294B016800225C15284899421FD185
:102D000081880B040ED403780D2B10D00A2B11D020
:102D1000C1F30D05224E491C89B273558180A14231
:102D200000D382801E4801221C49CC382EE041F499
:102D3000804103E04B04F4D541F400418180F1E788
:102D4000184B99420FD1C188A14200D3C280164BC3
:102D5000C18842785A54491CC18010490122491C3B
:102D6000A3F5227012E0114B994212D10189B1F5FD
:102D7000806F00D302810E4B018982785A54491C1E
:102D8000018106490122891CA3F24440F0BCFFF7EF
:102D900099BFF0BC70470000001001400000002007
:102DA00054C301200044004054C5012000480040A5
:102DB00054C701202DE9F843044690F83D001F4612
:102DC00016460D4620284CD1C5B1BEB194F83C0042
:102DD000012846D0012084F83C004FF00008C4F8D8
:102DE0004080212084F83D00FEF724FBA684814624
:102DF000E684A068B0F5805F03D004E00120BDE860
:102E0000F883206928B12E465FF0000584F83C80E5
:102E10000EE00026FAE78021204601F024FDA0B94B
:102E2000AEB116F8010B21684860E08C401EE084CA
:102E3000E08C4B464FF0000200970028EBD14FF09A
:102E40004001204601F00FFD30B10320D7E735F8EF
:102E5000020BC0F30800E6E7202084F83D000020C4
:102E6000CDE70220CBE77047FEE701684A69D2430D
:102E700052050FD46FF480624A61002140F8301F80
:102E8000202242738173026942F0040202610173DD
:102E900001207047002070472DE9F84F0446C06AB2
:102EA0001E4693460D4621680A6842F480620A6015
:102EB000082807D0012805D010F5803F02D0206BEC
:102EC000112804D12068016841F4807101604FF03D
:102ED00001195B46002249462046009600F0C6F8DC
:102EE0004FF4007840B120680068C00501D5C4F8EF
:102EF00040800320BDE8F88F2069DFF884A0B0F59A
:102F0000804F0FD00620216800EAD51747F0F00067
:102F1000086133465A460AF10601204600F0DAF805
:102F200058BB03E0E8B240F001001CE02168E8B2C1
:102F3000086133465A465146204600F0CBF8E0B9C6
:102F40002068416981690091016841F480710160E4
:102F50005B46002249462046009600F087F800288C
:102F6000C1D147F0F1002168086133465A46514605
:102F7000204600F0AFF80028BCD00120BAE70000DE
:102F800002000100F8B50446C06A1E460D46174609
:102F9000082807D0012805D010F5803F02D0206B0B
:102FA000122804D12068016841F480710160134641
:102FB00000224FF001112046009600F057F840B172
:102FC00020680068C00502D54FF40070206403201B
:102FD000F8BD2069B0F5804F0ED00620216800EAC8
:102FE000D51040F0F000086133463A460B492046C0
:102FF00000F070F878B902E005F0FE0000E0E8B2F9
:1030000021680861054933463A46891F204600F089
:1030100061F80028DCD00120F8BD000008000100A4
:1030200070B516460D4604460DE02046FFF71DFF1D
:1030300008B1012070BD681C05D0FEF7FBF9801BAC
:10304000A84207D835B120684069C0434007ECD496
:10305000002070BD002044F8300F20216173A07360
:10306000216941F0200121612073E2E72DE9F04759
:103070001E4690460D460446C1F30747DDF82090F2
:1030800008E0701C06D0FEF7D5F9A0EB0900B042AD
:103090000FD876B12068012F18D0806925EA00008A
:1030A0000004000C14D000214145EAD00020BDE806
:1030B000F087002044F8300F20216173A07321694C
:1030C00041F02001216120730120F0E74069E5E72C
:1030D0000121E9E72DE9F0479A4691460E4604465C
:1030E00000254FF02008C1F3074725E0206840691C
:1030F000C043400514D42068016841F400710160A8
:1031000021686FF480604861256384F83D8084F80D
:103110003E50206C40F00400206484F83C501FE0D6
:10312000B9F1FF3F08D0FEF785F9A0EB0A01494548
:103130000CD8B9F1000F09D02068012F13D0806995
:1031400026EA00000004000C0BD0CFE744F8305F03
:1031500084F80D80A573206940F02000206125735C
:103160000120BDE8F0874069EAE72DE9F04100253C
:1031700090460E460446202717E04069C043C0062B
:103180000CD454F8301B6FF01000486144F810590B
:103190006777A577206A2062257717E0FEF74AF95E
:1031A000A0EB0800B04208D83EB120684169C9438D
:1031B0004906E2D40020BDE8F08144F8305F67732F
:1031C000A573206940F02000206125730120F2E7FB
:1031D00070B516460D4604460DE02046FFF745FE45
:1031E00008B1012070BD681C05D0FEF723F9801BD3
:1031F000A84207D835B120684069C0430006ECD426
:10320000002070BD002044F8300F20216173A073AE
:10321000216941F0200121612073E2E72DE9F041AD
:1032200007461C4615460E462A2000F009FA380AC1
:1032300000F01AFAF8B200F017FA280A00F014FAAF
:10324000E8B200F011FA2B2000F0FAF9300A00F091
:103250000BFAF0B200F008FA200A00F005FAE0B22A
:1032600000F002FABDE8F0412C2000F0E9B92DE9A8
:10327000FE4F151ACDE900104FF000085E1A4746C0
:103280004FF0FF30002D02DD4FF0010102E003D1CD
:103290004FF000018B4602E08346C5F10005002E89
:1032A00002DD4FF0010002E003D14FF00000824642
:1032B00002E08246C5F10006B54201DD2C4600E081
:1032C0003446601C4FF00009029019E000980C9AF7
:1032D00081B2019880B200F018F8A8443744A045A4
:1032E00004DD0198A8EB040858440190A74203DDCF
:1032F00000983F1B5044009009F101001FFA80F92B
:1033000002998945E2DBBDE8FE8F10B514460B46F5
:103310000246FFF783FF2046BDE8104000F081B968
:103320002DE9F04780461F46581E83B21646501EB0
:1033300082B20C464046DDF82090FFF76FFF0AE0AE
:10334000454604E0484600F06CF96D1CADB2B5424C
:10335000F8D3641CA4B2BC42F2D3BDE8F0870000ED
:1033600010B56F4C002204212046FEF75EF8642061
:1033700006F00AF9012204212046FEF756F86420DF
:1033800006F002F9012210216648FEF74EF864208B
:1033900006F0FAF8E02000F053F90F2000F064F98D
:1033A000132000F061F91D2000F05EF9092000F003
:1033B0005BF9182000F058F90A2000F055F9432075
:1033C00000F052F9662000F04FF94F2000F04CF960
:1033D000072000F049F90F2000F046F90E2000F018
:1033E00043F9182000F040F91A2000F03DF90320BD
:1033F00000F03AF9E12000F023F90F2000F034F951
:103400001A2000F031F91D2000F02EF9042000F000
:103410002BF90F2000F028F9042000F025F93120C5
:1034200000F022F9142000F01FF9432000F01CF9ED
:10343000032000F019F90D2000F016F90C2000F01F
:1034400013F9262000F010F9292000F00DF90020D2
:1034500000F00AF9C02000F0F3F8142000F004F99D
:103460000E2000F001F9C12000F0EAF8432000F03E
:10347000FBF8C52000F0E4F8002000F0F5F8362055
:1034800000F0F2F8802000F0EFF8362000F0D8F8D5
:10349000282000F0E9F83A2000F0D2F8662000F089
:1034A000E3F8B02000F0CCF8002000F0DDF8B12007
:1034B00000F0C6F8B02000F0D7F8112000F0D4F8E2
:1034C000B42000F0BDF8022000F0CEF8B62000F0E5
:1034D000B7F8022000F0C8F8022000F0C5F8E92093
:1034E00000F0AEF8002000F0BFF8F72000F0A8F8D8
:1034F000A92000F0B9F8512000F0B6F82C2000F017
:10350000B3F8822000F0B0F8112000F099F878208C
:1035100006F03AF8BDE81040292000F091B800000C
:1035200000100240001402402DE9FF4F81B0044614
:10353000DDE90F7B4FEA570800904FEAD80000FB07
:1035400007FA203AD0B20390029802993844401EFC
:1035500083B204EB0800401E82B22046FFF75EFEF5
:10356000002637E0102F24D0202F35D11C49039896
:1035700001EB80105FF0000510F80690BBF1000F22
:103580004FF0010000FA05F000EA090016D020B162
:103590002046049A0299FFF7B8FE641C0098A4B272
:1035A000211A414510D10298009C401C80B2029023
:1035B0000EE00C49039801EB0010DBE708B104981A
:1035C00000E00E9800F02DF86D1CEDB2082DD5D35B
:1035D000761CB6B25645C5D305B0BDE8F08F0000E5
:1035E000485C0408585604082DE9FE4F9946DDE969
:1035F0000D6714468A460546DDF830800CE0CDF8AC
:1036000000804B4651462846CDE90167FFF78CFF05
:1036100005EB560085B2641C2278002AEFD1BDE884
:10362000FE8F10B50446C0F3074000F01DF8C4F348
:10363000072000F019F8E0B2BDE8104000F014B81F
:1036400070B5084C0546002208212046FDF7EDFE26
:10365000284600F009F82046BDE870400122082104
:10366000FDF7E3BE001002402DE9F047DFF8589067
:103670000546002220214846FDF7D7FE134F0024BF
:103680004FF400484FF40056002231463846FDF70B
:10369000CCFE280601D5012200E000224146384632
:1036A000FDF7C3FE012231463846FDF7BEFE68062F
:1036B000641C050EE4B2082CE6D34846BDE8F0478A
:1036C00001222021FDF7B1BE00100240000402409B
:1036D00038B514F0B1FF14F0F7FF044610211CF0C8
:1036E00057F91F4814F068FA0146002220461FF0DF
:1036F0008FFC204605F050FD204605F0B5FC00206B
:10370000009082230F221749204605F00FFB164D2B
:1037100082235F222863012000901449204605F08F
:1037200005FB6863022000908223AF2210492046E7
:1037300005F0FCFAA863032000908223FF220D49C4
:10374000204605F0F3FAE863204605F0EDFB20463D
:1037500005F036FB2046BDE8384005F083BB00008D
:10376000EED2AD00A44E03087CC001200C29030852
:10377000D83B0308706103082DE9F04387B014219A
:103780006846FCF7C9FD3A480024016841F0100181
:103790000160016801F010010591016841F0040128
:1037A0000160016801F004010591016841F0200108
:1037B0000160016801F020010591016841F080017C
:1037C0000160016801F080010591016841F002018A
:1037D0000160016801F002010591016841F00101F9
:1037E00001600068234F00F00100059000226C2169
:1037F0003846FDF71AFEDFF880800022102140468F
:10380000FDF713FEDFF874904FF420460022314696
:103810004846FDF70AFE6C2000900125CDE90154D1
:10382000694638460394FDF703FD10200090CDE96A
:103830000154694640460394FDF7FAFC0420CDE9A3
:10384000000469460E480294FDF7F2FC80208DE8E2
:10385000310069463846FDF7EBFC0096CDE901548E
:10386000694648460394FDF7E3FC07B0BDE8F083E2
:1038700030380240001002400014024000040240B0
:10388000000802401CB500240F4800940D49019423
:1038900001604721C0E9011440F2E731C160802195
:1038A0008161FEF7A1FD08B1FDF764FC0094694653
:1038B00005480194FEF750FD002801D0FDF75AFCA1
:1038C0001CBD000000100040F8C10120FEE7FEE72B
:1038D00038B504461248134B0068B0FBF3F04FF4C0
:1038E0007A73584300906068B0F5827F0DD10B4623
:1038F000009200228021204600F016F870B1606D21
:1039000040F020006065032038BD009830B1401EB3
:10391000009020688068C0430006F6D5002038BDBE
:1039200010C0012000366E012DE9F8431E46914675
:1039300088460446089DFDF77DFD401B351AFDF7BE
:1039400079FD074625480068C0F3CB30684338E06E
:10395000701C37D0FDF76EFDC01BA84203D215B115
:10396000009860B32CE02068416821F0E0014160DC
:103970006068B0F5827F0BD1A068B0F5004F02D02F
:10398000B0F5806F04D12068016821F0400101602A
:10399000A06AB0F5005F09D12068016821F40051E8
:1039A00001602068016841F400510160012084F841
:1039B0005100002084F850000320BDE8F883002562
:1039C000401E00902068816838EA010004D0002180
:1039D0004945BDD10020F0E70121F9E710C00120E1
:1039E00010B5FDF7A7FF2BF005FC012803D0BDE8BB
:1039F00010402BF057B810BD30B593B03021684659
:103A0000FCF78AFC14210CA8FCF786FC1D48002456
:103A1000016841F080510160006800F08050119011
:103A20001948016841F4804101600068022500F4F2
:103A30008040119001200090000401908001CDE9A8
:103A40000650082008904FF49070099004200A90C6
:103A50000B906846FEF708F908B172B6FEE70F2032
:103A6000CDE90C054FF48050CDE90E4002210CA8A1
:103A70001094FEF709F8002801D072B6FEE713B0E3
:103A800030BD00004038024000700040024801682C
:103A900041F470010160704788ED00E00148FEF7D5
:103AA00030BD000040C2012010B50448FEF729FDDA
:103AB000BDE81040012021F083BF0000F8C10120C3
:103AC000F0B50268254C264D264E274F274B4FF068
:103AD000804CA04209D0604507D0A84205D0B04232
:103AE00003D0B84201D0984204D122F0700E4A6847
:103AF00042EA0E02A0421BD0604519D0A84217D05E
:103B0000B04215D0B84213D0984211D0184DA842F7
:103B10000ED0184DA8420BD0174DA84208D0174D13
:103B2000A84205D0164DA84202D0164DA84203D196
:103B300022F44075CA682A434D6922F080022A4364
:103B400002608A68C2620A688262A04201D098421A
:103B500001D10969016301214161F0BD000001400B
:103B60000004004000080040000C00400004014038
:103B7000004001400044014000480140001800405E
:103B8000001C00400020004010B501F01F0301217F
:103B9000046A99408C430462016A9A4011430162AD
:103BA00010BD0000F0B5026A22F001020262036A51
:103BB00042688469124E24F073050C682C4323F08C
:103BC00002058B682B430D4DA84201D0B04205D1B0
:103BD00023F00807CB683B4323F00403A84201D03D
:103BE000B04205D14D6922F4407215438A692A43D7
:103BF00042608461496841630362F0BD0000014096
:103C000000040140F0B5026A22F010020262026A6A
:103C1000436884690D6824F4E64444EA05248D6809
:103C200022F0200242EA05120F4D104EA84201D0A8
:103C3000B04206D1CF6822F0800242EA071222F099
:103C40004002A84201D0B04207D14D6923F440633D
:103C500043EA85038D6943EA8503436084614968CB
:103C600081630262F0BD00000000014000040140D9
:103C7000F0B5026A22F480720262026A4368C46983
:103C800022F4007224F073050C68124E2C438D68E8
:103C900042EA05220E4DA84201D0B04206D1CF68BB
:103CA00022F4006242EA072222F48062A84201D094
:103CB000B04207D14D6923F4405343EA05138D699F
:103CC00043EA05134360C4614968C1630262F0BD01
:103CD000000001400004014030B5026A22F4805225
:103CE0000262046A4268C3690D6823F4E64343EA4A
:103CF00005238D6824F4005444EA0534084DA84295
:103D000002D0084DA84204D14D6922F4804242EA13
:103D100085124260C36149680164046230BD0000DD
:103D200000000140000401402DE9F04F00242DED7A
:103D30000A8B87B04FF4A0734FF4F07221462046EF
:103D4000FB4E0096FFF7ECFA4FF010084FF47C0999
:103D5000CDE9006800274D464B46F6A228210520F4
:103D60000297FFF741FC14212A46084600F05EFA4C
:103D7000F84D85F820709FEDF80A4FF0010A85EDA7
:103D8000090A9FEDF6AB9FEDF78B4FF4967B6968C0
:103D90000120884795F82000BAEB901FF7D120F05A
:103DA000400085F8200003A8A98920F8241000EB22
:103DB0008400641CE98AE4B24180012C7DD0022C8D
:103DC0007CD0032C7BD0042CE1D1BDF80C00BDF8D5
:103DD0001010401A00D54042BDF80E10BDF8122058
:103DE000891A00D54942404301FB0100FCF7EDFB75
:103DF00041EC100B00F0DAFD51EC100BFCF7F2FB7C
:103E000080B20090BDF81400BDF81810401A00D51B
:103E10004042BDF81610BDF81A20891A00D5494253
:103E2000404301FB0100FCF7D0FB41EC100B00F01C
:103E3000BDFD51EC100BFCF7D5FB84B2009800EEF1
:103E4000100AF8EE400A00EE104AB8EE401A80EE72
:103E5000810A10EE100AFCF7DEFB41EC190B53EC63
:103E60001A2BFCF7EBFB60D353EC182B51EC190B1E
:103E7000FCF7FCFB79D30098002876D0002C74D096
:103E8000BDF80C00BDF81410411A00D54942BDF828
:103E90000E00BDF81620801A00D540424943404329
:103EA0000844FCF792FB41EC100B00F07FFD51EC55
:103EB000100BFCF797FB84B202E037E03EE04AE0EB
:103EC000BDF81000BDF81810401A00D54042BDF8EA
:103ED0001210BDF81A20891A00D54942404301FB4F
:103EE0000100FCF772FB41EC100B00F05FFD51ECA0
:103EF000100BFCF777FB00EE104A80B2F8EE400A98
:103F000000EE100AB8EE401A80EE810A10EE100A98
:103F1000FCF781FBB0EE4ABAF0EE6ABA41EC190B3D
:103F200053EC1B2BFCF78AFB42D21EE014213246D5
:103F3000084600F07BF94A46142113E0324614216A
:103F40004FF4E67000F072F94A4659465FF01400EB
:103F500000F06CF91BE732465946142000F066F970
:103F60004A4659464FF4E670F2E700243246594675
:103F70004FF4E67000F05AF914214A46084600F062
:103F800055F9CDE900684B4678A228210520029713
:103F9000FFF72AFBCDE900684B467CA23C210520B7
:103FA0000297FFF721FB4FF4167005F0EDFAEEE6ED
:103FB000B0EE48CAF0EE68CA53EC1C2B51EC190B5A
:103FC000FCF754FBD1D3BDF81000BDF81410411A12
:103FD00000D54942BDF81200BDF81620801A00D560
:103FE0004042494340430844FCF7EFFA41EC100BD0
:103FF00000F0DCFC51EC100BFCF7F4FA84B2BDF8D5
:104000000C00BDF81810401A00D54042BDF80E1043
:10401000BDF81A20891A00D54942404301FB01002E
:10402000FCF7D3FA41EC100B00F0C0FC51EC100B84
:10403000FCF7D8FA00EE104A80B2F8EE400A00EE23
:10404000100AB8EE401A80EE810A10EE100AFCF752
:10405000E2FA41EC190B53EC1B2BFCF7EFFA84D37B
:1040600053EC1C2B51EC190BFCF700FBAAD3BDF849
:104070001010BDF80C000A1A00EE102AF8EEC00A63
:104080009FED4A1A084481EE200A00EE900AB8EE2D
:10409000601A85ED090ADFED460A40EE410AB6EEE8
:1040A000000A60EE800AFDEEE00A10EE900AA88594
:1040B000BDF81610BDF80E000A1A00EE902AB8EEF0
:1040C000E01ADFED3C1A08443246C1EE810A01EEE7
:1040D000100A5946F8EE411A9FED371AC5ED0A0A43
:1040E00000EEE11A21EE000ABDEEC00A10EE100A41
:1040F000E8854FF4E67000F099F8CDE90068454690
:104100004C464B462DA2282105200297FFF76CFA5A
:10411000CDE90065234631A23C2105200297FFF737
:1041200063FA4FF4167005F02FFA234633A271E0BC
:10413000FCFCFC00506C656173652061646A7573FA
:10414000746D656E74207468652073637265656E46
:104150002E000000D8C001200000000066666666E0
:104160006666EE3FCDCCCCCCCCCCF03F546F7563C3
:10417000682041646A7573742046696C6564212007
:10418000202020202020202020000000506C65618D
:1041900073652041646A75737420416761696E219B
:1041A0002020202020202020200000000000DC43D0
:1041B0000000F04300008C430000A043546F75637F
:1041C000682053637265656E2041646A757374205C
:1041D0004F4B2120202020202000000020202020E4
:1041E00020202020202020202020202020202020CF
:1041F000202020202020202020000000202020201F
:1042000020202020202020202020202020202020AE
:1042100020202000CDE90065282105200297FFF726
:10422000E3F907B0BDEC0A8BBDE8F08F2DE9F84348
:10423000054616460D30009282B2A5F10C000C46E0
:1042400080B20B46FFF713F804F10D0083B2193862
:1042500081B22A4610460096FFF709F8671C05F15F
:104260000109B9B21FFA89F03246FFF74EF8A5F1FD
:104270000108B9B21FFA88F03246FFF746F8671E08
:10428000B9B21FFA89F03246FFF73FF8B9B21FFA08
:1042900088F03246FFF739F801B033462146284608
:1042A000BDE8F0430622FCF707BF000010B501226D
:1042B00040211648FDF7B9F8154C00224FF4005183
:1042C0002046FDF7B2F800224FF400412046FDF7EA
:1042D000ACF8642005F058F90E48007800F020F89A
:1042E0000A2005F051F90B489FED0B0A001D6FF0F5
:1042F0000B0180ED090A81859FED080A40F2491102
:1043000080ED0A0AC185002010BD000000100240A7
:1043100000040240D4C00120C284013E3DD6ACBDA1
:104320002DE9F04700252C4F80464FF400562C46CF
:104330002A4631463846FDF778F80022B100384663
:10434000FDF773F8DFF894A0002240215046FDF7F6
:104350006CF8404600F02AF9062005F039F90022F1
:1043600031463846FDF761F8012005F031F90122A8
:1043700031463846FDF759F8012005F029F90022A9
:1043800031463846FDF751F8DFF854904FF6FF7884
:1043900008EA4404002231463846FDF746F8012079
:1043A00005F016F9012231463846FDF73EF80421A2
:1043B0004846FDF735F808B1641CA4B26D1CEDB297
:1043C000102DE5D32409012240215046FDF72DF898
:1043D0002046BDE8F08700000004024000100240C3
:1043E00000080240FEB5064600256C463046FFF741
:1043F00097FF24F815006D1CADB2052DF6D30020F3
:10440000431C99B20CE000BF34F8102034F811506E
:10441000AA4203D924F8105024F81120491C89B26B
:104420000529F1D398B20428EAD300215FF00100F6
:1044300034F81020401C114480B289B20428F7D30C
:104440000320B1FBF0F0FEBD2DE9F041074C06461C
:104450000D462078FFF7C6FF07466078FFF7C2FFDA
:10446000378028800120BDE8F0810000D4C0012001
:104470007FB50C460546694602A8FFF7E5FF002810
:104480002FD001A903A8FFF7DFFF002829D0BDF82E
:104490000C30BDF80820934203D803F13200824269
:1044A00005D39A421FD802F1320083421BD2BDF8D5
:1044B0000410BDF80000814203D801F13206B04279
:1044C00004D388420FD8323081420CD2D018400831
:1044D0002880BDF80000BDF8041008444008208082
:1044E000012004B070BD0020FBE7000070B5054658
:1044F00080212C48FCF794FF2B4C40B194F820000D
:10450000010643D520F0800084F8200045E02648CD
:1045100000F116010C3015B1FFF7AAFF2AE0FFF7F2
:10452000A7FF38B3B4F92C0094ED091A00EE100A75
:10453000A089F8EEC00A00EE100AB8EE400A41EE7B
:10454000000ABCEEE00A10EE100AA081B4F92E00B9
:1045500094ED0A1A00EE100AE08A00EE900AB8EE16
:10456000C00AF8EE600A01EE200ABCEEC00A10EEA6
:10457000100AE08294F8200000060ED4C02084F8CF
:104580002000A089A082E08AE08306E00020A082CB
:10459000E0834FF6FF70A081E08294F8200000F0E5
:1045A000800070BD00100240D8C001202DE9F0410C
:1045B000124F054600244FF400484FF400562806D9
:1045C00001D5012200E0002241463846FCF72DFFCC
:1045D0006806050E002231463846FCF726FF01200A
:1045E00004F0F6FF012231463846FCF71EFF641C3A
:1045F000E4B2082CE3D3BDE8F081000000040240DF
:1046000010B5806B0021C185C184FEF75CF910BD37
:1046100001680C3151E8002F22F4907241E8002328
:10462000002BF5D10168143151E8002F22F001026E
:1046300041E80023002BF5D1016B012909D1016864
:104640000C3151E8002F22F0100241E80023002B2A
:10465000F5D1202180F83E1000210163704708B594
:1046600090F83E10222901D0022008BD82684FF444
:1046700080539A4201D1016921B1816A9A421BD0CB
:104680004AB10AE00268816A5268C2F308020A80ED
:10469000816A891C08E0026972B10268526802F0FE
:1046A0007F020A70816A491C8162C18D491E09041A
:1046B000090CC18503D019E002685268F1E701686E
:1046C000CA6822F02002CA600168CA6822F48072B7
:1046D000CA6001684A6922F001024A61202180F81B
:1046E0003E10016B012903D0FEF702FB002008BD3C
:1046F0000021016301680C3151E8002F22F0100203
:1047000041E80023002BF5D101680A68D20602D5E2
:104710000A6849680091818DFEF7D4F8E6E7000049
:1047200070B5044600680169E26821F44051114304
:1047300001612169A068E269084361691143084386
:104740002168CA6849F20C639A430243CA60206830
:104750004169A26921F440711143416131492068E6
:10476000884202D03049884202D1FDF73DFA01E08B
:10477000FDF72AFAE2690023192164253226B2F5F1
:10478000004F626828D0A0FB0101930F9200FBF755
:1047900079FD0146B0FBF5F06FF01802504301EBD4
:1047A000800006EB0010B0FBF5F000F0F002B1FB6A
:1047B000F5F002EB0012B1FBF5F06FF0180358436F
:1047C00001EB800006EB0010B0FBF5F000F00F00ED
:1047D00021681044886070BDA0FB010192185B4104
:1047E000FBF750FD0146B0FBF5F00201B1FBF5F01F
:1047F0006FF01803584301EB800006EBC000B0FBDC
:10480000F5F000F0F80002EB4002B1FBF5F0584380
:1048100001EB800006EBC000B0FBF5F000F00700F4
:10482000D6E700000010014000140140816282853B
:10483000C28500210164222280F83E2080F83C10CD
:10484000016921B10168CA6842F48072CA600168D6
:104850004A6942F001024A610068C16841F02001E2
:10486000C160002070472DE9F041984617460E467A
:104870000446069D27E0681C25D02DB1FCF7DAFD23
:10488000A0EB0800A8421ED920680C3050E8001F99
:1048900021F4D07140E80012002AF5D120681430CC
:1048A00050E8001F21F0010140E80012002AF5D174
:1048B000202084F83D0084F83E00002084F83C006D
:1048C0000320BDE8F0812068006836EA000004D0CB
:1048D0000020B842CFD00020F3E70120F9E7000024
:1048E0000148FDF7F1BF000088C20120094808B562
:1048F00000680168C943C90607D401684068009090
:104900000548C188054828F04FFFBDE80840014828
:10491000FDF7DABFCCC201200000002054C5012001
:104920000148FDF7D1BF000010C30120FEE70000E1
:104930000FB4054B10B503A9044A029801F03AFDE3
:1049400010BC5DF814FB0000F51801080CC0012034
:104950000FB47CB50C0009AD01D0611E00E0002150
:10496000CDE90001064B6A462946089801F022FD70
:10497000002C02D0009A002111707CBC5DF814FB61
:10498000BB6A00080907090E002804DB00F1E020DB
:1049900080F80014704700F00F0000F1E02080F86C
:1049A000141D704700487047F4C1012000B52DED7B
:1049B000048BB0EE409AF0EE609A83B051EC190B84
:1049C000FCF726F941EC180B18EE100A18EE901AB5
:1049D0008DED008B002818BF0120084320F0004017
:1049E000C0F17F6000F1E040C00F14D019EE101A42
:1049F00019EE900A8DED009B002918BF0121084394
:104A000020F00040C0F17F6000F1E040C00F04BF23
:104A1000012000F017F8B0EE480A03B0F0EE680A83
:104A2000BDEC048B00BD02E008C8121F08C1002ABB
:104A3000FAD170477047002001E001C1121F002A1F
:104A4000FBD170470149086070470000F4C10120A4
:104A500070B5044600256FF02F0608E02068411C61
:104A60002160007805EB850106EB410145182068BF
:104A7000007800F0C7F80028F0D1284670BD00008B
:104A80002DE9FF5F82B00021DDE90430020DDDF881
:104A900040B0034318D044F61050A2F2FF32424314
:104AA0001514119801281FD0A5EB0B00401C5FEADC
:104AB000000A4FF000064E4FDFF83891B0465046DE
:104AC00015D5CAF1000413E0119801244AA3012866
:104AD00001D16FEA0B010298119AC0E90031C0E9D7
:104AE000024206B0BDE8F09FCBF10000DFE70446CC
:104AF0000021404A491842EB0450CDE9001012E071
:104B0000E00707D032463B4640464946FBF79FFF49
:104B10008046894632463B4610461946FBF797FFCA
:104B200006460F466410002CEAD1DDE90401DDE9F8
:104B30000023BAF1000F06DAFBF789FF42464B4625
:104B4000FBF785FF05E0FBF7F4FF42464B46FBF71A
:104B5000F0FF04460E460022284BFBF787FD03D8E2
:104B60004FF0FF30014607E00022254B204631463A
:104B7000FBF7C6FEFCF79DF8102409E0002C0ADBC9
:104B80000A220023FBF77EFB039B30321A55641E7A
:104B900050EA0102F2D1641C039AC4F111031444D7
:104BA000119A012A03D0012208430DD10AE00843DB
:104BB00004D000204FF0110B119072E7A3EB0B050E
:104BC0006D1E0DE05B4504DD4FF0000205F10105AF
:104BD00004E003DA4FF00002A5F10105002AECD051
:104BE00002981199C0E90231C0E9004579E7000057
:104BF000000014400000F03F300000000000F043CF
:104C00000000E03F3038092801D80120704700201B
:104C10007047000010B54421074800F08DFE0022C7
:104C20001E21064820F026FF054CA06002F0E2FAA3
:104C30000020207010BD0000CC020020A9720008E6
:104C40003C0000202DE9F0470E46814617461146EC
:104C5000304600F01CF94FF0FF3A00287DD00022CA
:104C60003946304600F0BFF800284FF0000075D1FB
:104C7000B6F90480B6F900305246A8EB0301491C8E
:104C80000AFA81F10FFA81FAB6F906C0B6F90210F4
:104C9000ACEB010C0CF1010C02FA8CF2B7F802C07B
:104CA00012B2ACEB010C0FFA8CFCBCF1000F0EDD64
:104CB00063F30F0468F30F0501EB0C0061F31F446D
:104CC00060F31F45C9F800400120C9F80450B7F946
:104CD00006107388CB1AD21A12B2002A13DDB6F965
:104CE000063099420FDA338863F30F04B38861F317
:104CF0001F4463F30F05114461F31F4509EBC00125
:104D0000401C0C604D60B7F90220B6F902108A42CF
:104D100000DD1146B7F90630B6F90620934200DAF5
:104D20001A463B88B6F900C0521AA3EB0C031BB21B
:104D300012B2002B10DD002A0EDD634463F30F0571
:104D40008B1863F31F456CF30F0409EBC00361F389
:104D50001F441C605D60401C01E01AE017E0B7F9D9
:104D6000043036889F1BAAEB070636B2002E0EDDF4
:104D700063F30F0461F31F44334463F30F051144DD
:104D800061F31F4509EBC001401C0C604D60BDE89C
:104D9000F0875046FBE770B5B1F90030B2F900403A
:104DA000A34200DC23460380B1F90250B2F902406D
:104DB000A54200DD2C464480B1F90460B2F90450EC
:104DC000AE4200DA35468580B1F90610B2F9062008
:104DD000914200DB1146C1800120AB4201DC8C42D4
:104DE00000DD002070BDF8B50D460446B0F90000A6
:104DF000B1F900101646884247DBB4F90210B5F944
:104E00000220914241DBB4F90410B5F9042091422B
:104E10003BDCB4F90610B5F90620914235DC96B3B7
:104E2000ADF800006088ADF80200324669462846B9
:104E300000F099F8002827D0A088ADF8000060881D
:104E4000ADF8020032466946284600F08CF800288A
:104E50001AD02088ADF80000E088ADF80200324694
:104E60006946284600F07FF800280DD0A088ADF8EC
:104E70000000E088ADF8020032466946284600F09E
:104E800072F8002800D00120F8BD0020F8BDB0F96C
:104E90000020B1F904309A4213DCB0F90420B1F9D2
:104EA00000309A420DDBB0F90220B1F906309A4287
:104EB00007DCB0F90600B1F90210884201DB0120DD
:104EC000704700207047F8B50D460446B0F904005D
:104ED000B1F900101646884243DBB4F90600B5F973
:104EE000021088423DDBB4F90000B5F90410884295
:104EF00037DCB4F90210B5F90620914231DC76B303
:104F0000ADF800006088ADF80200324669462846D8
:104F100000F029F818BBA088ADF800006088ADF853
:104F2000020032466946284600F01DF8B8B92088CC
:104F3000ADF80000E088ADF8020032466946284628
:104F400000F011F858B9A088ADF80000E088ADF87D
:104F5000020032466946284600F005F808B10020F4
:104F6000F8BD0120F8BD2DE9FC4114460E46B1F90B
:104F70000020B0F9001005468A423ADBB5F904007A
:104F8000824236DCB6F90270B5F90220974230DB76
:104F9000B5F906309F422CDC002C75DD401A9A1AB8
:104FA000401C521C00B212B200EBD07002EBD27265
:104FB00040105210904200DB1046844200DD04464F
:104FC000ADF80010288800222044ADF8040068885D
:104FD000ADF80200688831462044ADF80600684606
:104FE000FFF7C1FF40B1BDF804002044ADF8040054
:104FF0003FE00020BDE8FC81E8880022001BADF8FE
:105000000200E888ADF8060031466846FFF7ABFFBE
:1050100028B1BDF804002044ADF8040011E0A888D0
:105020000022001BADF80000A888ADF8040031464E
:105030006846FFF798FF50B1BDF80000001BADF8BF
:105040000000BDF80200001BADF8020016E0688801
:10505000ADF80200688800222044ADF80600314611
:105060006846FFF780FF70B1BDF80000001BADF887
:105070000000BDF806002044ADF806003146684641
:105080001EF0B8F9B6E7FFE70120B3E710B5B1F9B4
:105090000040B2F900309C4200DA23460380B1F9A7
:1050A0000240B2F902309C4200DA23464380B1F953
:1050B0000440B2F904309C4200DD23468380B1F9FC
:1050C0000610B2F90620914200DC1146C18010BDE5
:1050D000F8B5074620F06AFC0025374C06460095D7
:1050E00037B1F8686060384620F092FD606802E0F1
:1050F00013F0A2FA606000691EF078F860684069F9
:1051000008B11EF073F86068C0691EF06FF860683F
:10511000006A1EF06BF86068016991B11EF016FA22
:1051200025F02CF824F052FD6068B0F85011D9B386
:105130000068017CC9071DD0C0684068D0B1002755
:1051400013E0A0F85051F8BDC11991F8301151B9D0
:1051500000F5AC7000F047FC616801EBC7010A6B19
:105160000260496B41607F1CBFB26068B0F85011AB
:10517000B942E9D860684FF48071303019F0D4FC3E
:105180006068202100F5987019F0CEFC6068A0F8E6
:105190005051304620F004FC009060680068436A7B
:1051A00013B122680099984719F03CFB00F032F8DF
:1051B000BDE8F84000F002B888C1012070B50A4D82
:1051C000002400BFC4EBC40655F8260008B119F04E
:1051D0009DFB05EB86001C2119F0A6FC641CE4B2C3
:1051E000042CEFD370BD0000A803002008494968D3
:1051F0000AE04A68824202D00A68824203D10A7EEB
:1052000042F001020A7649690029F2D17047000094
:105210007C000020704700000421014800F08CBB96
:10522000C00200202021014800F086BBD8020020E7
:105230002DE9FF410446DDE90A671D004FF000003B
:1052400002D1B6F5807F2BD0039001900290ADF88B
:105250000C100090ADF80410ADF80A20ADF80E2047
:105260003B463246294668461EF024F83B46324605
:10527000294601A81EF01EF83B463246294602A8E0
:105280001EF018F83B463246294603A81EF012F8D5
:10529000BDF90000BDF90430984209DA054608E07E
:1052A0002080491E6080A180521EE280BDE8FF81FF
:1052B0001D46BDF90820BDF90C108A4201DA1646D8
:1052C00000E00E46B54203DA984206DB184604E0D9
:1052D0008A4201DA104600E00846801E2080BDF9AF
:1052E0000030BDF90420934201DD1D4600E0154663
:1052F000BDF90800BDF90C10884201DD064600E04A
:105300000E46B54205DD934201DD194604E0114623
:1053100002E0884200DD0146891CA180BDF902300F
:10532000BDF90620934201DA1D4600E01546BDF99D
:105330000A00BDF90E10884201DA064600E00E466A
:10534000B54205DA934201DA194604E0114602E05B
:10535000884200DA0146891E6180BDF90230BDF93C
:105360000620934201DD1D4600E01546BDF90A0006
:10537000BDF90E10884201DD064600E00E46B5423A
:1053800005DD934201DD194604E0114602E0884242
:1053900000DD0146891CE18088E700002DE9F0412D
:1053A00015460E460746114C20F000FB80462B4662
:1053B00032463946204617F027FB20B10020A06274
:1053C000E06950B110E02C21204619F0ADFB4FF000
:1053D0000040A0620020BDE8F081404620F0E0FAE5
:1053E000E06108B90120E0612046F4E7FC020020FA
:1053F00010B51421074800F09FFA17F0CBFA40B11E
:105400000549016005494160054981600549C16060
:1054100010BDFEE7E402002069C30108E5C60108EB
:10542000B5C8010835C3010870B50D460446102102
:10543000284619F079FB20680078012804D002285A
:1054400007D0042807D008E0A08A2880E08A688076
:1054500003E0E06800E00A20686020684268002AF3
:1054600003D02946BDE87040104770BD2DE9FE43CA
:105470000446808A10B9E08A002874D0D4F82C80C1
:105480005FEA080010D120460BF015FD5FEA000826
:1054900069D020460EF06AFA00220921404616F033
:1054A000ADF9607880075ED44FF4807900274E46CE
:1054B0004546002128461BF09BFF384407B20021D7
:1054C00028461BF0B3FFC11700EB1160001210FB60
:1054D00006F006B228461AF087FF0500E9D10FB999
:1054E0004E450CD0784201B24FF4803090FBF6F07C
:1054F00002B26B4604F1140000951DF0DBFEADF81E
:105500000450ADF8085094F8400000F00F00032854
:10551000404616D01BF0BAF8064640461AF070FF17
:1055200003460C200090B4F91610324640460AF0AB
:10553000BDFFADF8080040461AF0B4FFC10713D014
:1055400018E01BF037F8064640461AF0D3FF024633
:1055500003200090B4F91410334640460AF0A6FF29
:10556000ADF80400E7E736E0BDF90410002901DDDD
:10557000ADF80450810705D4BDF90410002901DA03
:10558000ADF80450410705D4BDF90810002901DD2C
:10559000ADF80850000705D4BDF90800002801DA6D
:1055A000ADF8085002AA01A9204625F01DF9BDF961
:1055B0000820BDF90410404600F08AFA60788007A0
:1055C00009D4208BBDF8041008442083608BBDF8FB
:1055D000081008446083BDE8FE832DE9FC5F0446A3
:1055E000C06A5FEA000B71D094F8400000076DD0EC
:1055F00017F09CFC019000684021457E58461CF045
:1056000041F84FF0000818B9A4F81E80A4F81C80D7
:1056100058461BF02DF8824658461BF030F80646D7
:1056200094F840004FF0640900F00F000C2802D0FD
:1056300003284CD09AE0A4F81C8056B1B4F91E504F
:10564000002717F073FC00684946407EC0F16400F3
:1056500022E0E08BC5F1640110FB01F191FBF9F050
:10566000E08358461AF0CCFE054658461BF00EF86B
:1056700002460C200090B4F91E102B4658460AF042
:1056800015FFE083024600231EE07A1917B210FBD3
:1056900005F292FBF1F215B2002DF6D1ADF80070D3
:1056A000A4F81E806A460021204625F09DF841F6A8
:1056B000FF72BDF90030514258460BF093FDBDF822
:1056C00000100123084402B200214CE09AE0A4F843
:1056D0001E80BAF1000F0AD0B4F91C50002717F051
:1056E00025FC00684946407EC0F1640022E0A08BA2
:1056F000C5F1640110FB01F191FBF9F0A08358465C
:105700001AF0F8FE054658461AF054FF03460320E7
:105710000090B4F91C102A4658460AF0C7FEA08330
:10572000014600231EE07A1917B210FB05F292FB26
:10573000F1F215B2002DF6D1ADF80070A4F81C807E
:1057400000226946204625F04FF841F6FF72BDF968
:105750000030514258460BF0BDFCBDF8001001234B
:10576000084401B2002258461DF0C8F8A08B00285A
:1057700048D1E08B002845D1C6B958461AF086FFBB
:10578000054658461AF03CFE002D06DC00280DDDCB
:10579000002D02DA01232A4604E0002806DA01235C
:1057A000404202B2002158461DF0A8F8BAF1000F9D
:1057B00019D158461AF09EFE054658461AF0FAFED0
:1057C000002D07DC00280EDD002D03DA0123002266
:1057D000294605E0002806DA01230022404201B2F2
:1057E00058461DF08BF80A215846019A16F006F823
:1057F0006078800706D414F8400F20F00F00207066
:1058000044F8148CBDE8FC9F7FB50E46040003D11C
:1058100012F012FF04002CD012F082FF002828D0D2
:1058200094F82800400724D4002506B3ADF80050B2
:10583000ADF80250204612F017FF401EADF80400EC
:10584000204612F057FF401EADF806006A4631466A
:1058500002A8FFF7A0FA00280BD02068017C890776
:1058600008D5DDE90001C4E90C01012029E0A4F814
:1058700050517FBD82690AB102A9904700260AE013
:1058800004EBC601002202A83031FFF7ACFA002871
:10589000EFD1761CB6B2B4F85001B042F0D880B265
:1058A000202804D204EBC00002A9303004E0A4F8A0
:1058B000505104F13000694610F097FCB4F85001E3
:1058C000401CA4F8500160680028D2D020F0ACF948
:1058D0007FBD70B5054600F012F804460CE0214685
:1058E000284600F01EF806462146284600F0A2F899
:1058F000204619F00BF83446002CF0D170BD00287A
:1059000000D04068704700B503460022FFF7F7FF5C
:1059100003E01846521C00F004F80100F9D11046CB
:1059200000BD0068091D4058704700684058704726
:10593000002800D08068704700224260C91C21F016
:10594000030182600160704770B50446006808304A
:1059500018F050FF050013D001460022204622F027
:105960008DFA29462046626822F082FA616819B1F0
:105970002A46204622F082FA6560A06800B9A56038
:10598000284670BD2DE9F0410C4606000AD04CB106
:10599000FFF7B5FFA04208D13046FFF7D5FF051E3F
:1059A00001D01EE00020BDE8F0813068083018F01A
:1059B00021FF051EF7D030682A4607593046394680
:1059C00022F056FA3A462946304622F057FA2A463D
:1059D0002146304622F052FA22462946304622F02D
:1059E00047FA2846DFE770B504460068083018F02B
:1059F00001FF050013D001460022204622F038FAAC
:105A000029462046A26822F039FAA16819B12A462F
:105A1000204622F02DFAA560606800B9656028462E
:105A200070BD28B1416809B9806808B1002070478D
:105A30000120704770B504000DD0FFF760FF002211
:105A40008842204608D1FFF76CFF6060011E01D03C
:105A500000221EE0A26070BDFFF76AFF8842206846
:105A600008440AD10168A16029B12046BDE8704010
:105A7000002222F0FDB9626070BD05682046FFF784
:105A800050FF064602462946204622F0F1F92A46F2
:105A900031462046BDE8704022F0F0B910B504460A
:105AA000006882680AB12146904720680068002893
:105AB00001D02060F5E710BD8068002801D0B0F962
:105AC000160070478068002801D0807E80097047EA
:105AD00070B5164605460C4651EA06001AD028460F
:105AE00019F088FDA86801233246018A2144018209
:105AF000A868418A31444182214628461CF056F963
:105B000000220B21284615F079FE012803D12846F2
:105B10001CF0A6F8012070BD77B581B00E460500D7
:105B200017D062221BF092FB040012D0206880B1D3
:105B30002846314663221BF089FB10F0FF0208D093
:105B400023682046039998470090BDF80000ADF8FF
:105B50000C00039804B070BD2DE9F047074692B0E1
:105B6000408C1A9E40F00800788490463A8499460A
:105B70008A46328938461BF069FB0546A7F8209013
:105B80003289514638461BF061FB0446788CA542A9
:105B900020F00800788403D12904B1EB044F68D0C9
:105BA000A7F820803289514638461BF04FFB054646
:105BB0008046A7F82090514638460CF033FF3189D3
:105BC00000682A461EF03EFE30890B2823D147F696
:105BD000FF794D4501D04C451DD138461BF009FDDC
:105BE00000EBD070451038461AF0BDFB00EBD070CA
:105BF0004010C84506D1691C431C994200DA00E0F8
:105C0000194688464C4506D1691C421C914201DA6E
:105C10006C1C00E014461948FFF796FE05002BD0D7
:105C20002F60C5E903843089A8806846C5F808A0BC
:105C30000FF02AFD1248FF21CDE9005011480290D3
:105C40001148039000200890CDE9090130880B909D
:105C500070889DF8421040420C90F0680790002038
:105C600060F300018DF842103069069068460FF02D
:105C70007FFD12B0BDE8F087FEE70000F0020020D3
:105C80001DD3020805D5020861D402081421014879
:105C9000FFF752BEF00200202DE9F84F0025904694
:105CA000894606462C460427E6E000BFF06807EB6D
:105CB000C401405881017CD480B230EA090112D07D
:105CC0005FF0000230EA08000FD00020824270D05E
:105CD000F0686A46102150F8340082461EF014FB2A
:105CE000002871D103E00122ECE70120EEE76A46CB
:105CF000112150461EF008FB002865D16A4612218A
:105D000050461EF001FB00285ED16A461321504622
:105D10001EF0FAFA002857D16A46152150461EF0A7
:105D2000F3FA002850D16A46142150461EF0ECFACE
:105D3000F0BB6A460A2150461EF0E6FAC0BB6A462E
:105D40006B2150461EF0E0FA90BB6A466C2150462B
:105D50001EF0DAFA60BB6A46012150461EF0D4FA02
:105D600030BB6A46042150461EF0CEFA00BB6A469C
:105D7000022150461EF0C8FAD0B96A4603215046A7
:105D80001EF0C2FAA0B96A46052150461EF0BCFAC0
:105D900070B96A46062150461EF0B6FA40B96A4606
:105DA000322150461EF0B0FA10B96A466E2101E069
:105DB0000AE060E050461EF0A7FA28B96A466D2155
:105DC00050461EF0A1FA10B10320BDE8F88F6A46D4
:105DD000692150461EF098FAF0BB6A466A21504687
:105DE0001EF092FAC0BB6A466E2150461EF08CFA35
:105DF00090BB6A466D2150461EF086FA60BB6A462B
:105E0000372150461EF080FA30BB6A463821504692
:105E10001EF07AFA00BB6A46352150461EF074FA2D
:105E2000D0B96A46402150461EF06EFAA0B96A46C3
:105E3000452150461EF068FA70B96A464121504625
:105E40001EF062FA40B96A46422150461EF05CFAE2
:105E500010B96A46432100E009E050461EF054FAAA
:105E600028B96A46492150461EF04EFA08B102256B
:105E700001E005B90125641C708CC0F30510A04237
:105E80003FF614AF2846A0E701484068704700007D
:105E900088C101207047C0F30410072800D90720EB
:105EA00070470000A0F57F41FF3905D0002804D0DD
:105EB000712803D208490AE01F207047074971384A
:105EC00080B2096829B1064A5268904201D2085C42
:105ED00070470020704700004076040834C101205C
:105EE0004800002010B518210348FFF725FD03499D
:105EF0000120087010BD00009C02002048C1012054
:105F00002DE9F04190460C46050015D0FAF737FA16
:105F10000A4F06462146BA68284690470446BA68A2
:105F20002819414690470146701A03E06218AA5C9E
:105F30002A55641CA042F9D2BDE8F081500000202F
:105F40002DE9F041094D90460E466A681C46074609
:105F500019469047306020B120686A6838440021B3
:105F60009047C8F80000BDE8F08100005000002014
:105F70002DE9F04F87B08A46DDE910581F46934659
:105F80000446002105B129805CB12078002809D0A1
:105F9000BAF1000F05D0002618F0060F15D000202A
:105FA00004E0002007B0BDE8F08F401C215C0A2906
:105FB00004D00D2902D00029F7D100E0401C002DAB
:105FC000F0D04FF0FF312980ECE75FEA887001D50F
:105FD00041F6FF77894608468DF81410049127E0B2
:105FE0000498CDF8189068B34FF0000C05AA06ABE2
:105FF000CDF80CC0CDF80080CDE9013220443B46FD
:106000005A4651461FF052FF06997A1A314417B288
:106010000EB288B104990144049120780A280BD06B
:106020000D2809D0605C0A280FD00D280DD0084635
:10603000205C08B1002FD3DC049848B105B12E8054
:106040000498AFE74FF0010CD0E7481C0490F3E749
:10605000064A04A9204652689047002DF0D0014618
:106060000022504615F0DEFC06B2E8E750000020A2
:106070002DE9F0411746884606001ED0002F1CD09F
:10608000FAF77DF904463846FAF779F9050014D095
:106090000B4A2C444146926830469047411903E030
:1060A000621BB25C3255641EA142F9D930442A46C3
:1060B0003946BDE8F04118F0F9BCBDE8F0810000B8
:1060C0005000002000230278232902D0012A0DD09D
:1060D0000FE02AB10021012A04D0022A04D008E0EE
:1060E000012101E0017004E0017001E0202902D0EB
:1060F0000123184670470221F6E72DE9F0410E46CC
:106100008046024600213346084620F00DF9044639
:106110000027401C18F06EFB050008D02F553346B1
:106120004246611C20F000F92846BDE8F081FEE7F8
:106130002DE9F0471E4614460D468246DDF82090B4
:1061400015E000BF4FEA540808FB06573946504691
:106150004A469047002808DD44F30000C0EB540491
:1061600007EB0605A4F1010401E005DA4446002C22
:10617000E8D12046BDE8F0873846FBE72DE9FC5F13
:106180009B460CAB8A468146DDE9116093E812100C
:10619000DDE90F575FEA80784FF030031AD45EB123
:1061A0005FEAC07808D000F00C0858EA0C0803D069
:1061B000761E01E00B55641CBC4204D2202CF9D39E
:1061C00001E00B55641C5FEAC07803D0B44201D2F1
:1061D000202CF6D35FEAC06825D55FEA40580AD480
:1061E0004CB1BC4201D0B44205D1641E03D0102D85
:1061F00003D1641E04E0102D02D0022D0AD00EE05F
:10620000850603D4202C1ED2782506E0202C1AD235
:10621000582502E0202C16D262250D55641C202C36
:1062200011D20B55641C202C0DD2BCF1000F01D0F3
:106230002D2306E0430701D52B2302E0030702D5F7
:1062400020230B55641CCDE900BAC846154681468B
:106250008B46AA46800714D1274607E02A46DDE987
:1062600000316D1C2020C446E0477F1CB742F5D3A7
:1062700007E02A466D1C641EDDE900311BF80400AE
:10628000C047002CF5D15FEA897006D409E02A46A0
:10629000DDE900316D1C2020C047A5EB0A00B042AB
:1062A000F5D32846BDE8FC9F2DE9F04F8FB0994605
:1062B0008B46DDE91818DDE91C63DDE91A479246D3
:1062C0008646002209B923F01003580507AD00D512
:1062D000C9B1B1FBF4F004FB1010C0B20A2801D21E
:1062E000303009E05FEA836C02D54FF0410C01E0E9
:1062F0004FF0610C60440A38B1FBF4F1A854521C11
:1063000009B1202AE5D3CDF80880CDE90563CDE9B0
:106310000052CDE903474B46524659467046FFF7B7
:106320002DFF0FB0BDE8F08F2DE9FF4F8FB01CACF3
:10633000DDE9239594E8030820AC94E8C004002428
:1063400050EA010201D125F010056A050DF11C0883
:1063500002D550EA010217D032463B46F9F792FFC8
:10636000D2B20A2A01D2303206E0AB0601D541236F
:1063700000E061231A440A3A08F80420641C50EA39
:10638000010201D0202CE7D3CDE90084CDF808B07C
:10639000CDE90595CDE9036A0FAF97E80F00FFF748
:1063A000EDFE13B0BDE8F08F9A4200D288547047DA
:1063B000704700002DE9FF4F95B09A468846064683
:1063C0000025EEE1252877D100242746F94A01214E
:1063D000039400E0044316F8013F203B01FA03F068
:1063E0001042F7D130782A2811D06FF02F0330787F
:1063F000A0F13002092A16D8039A44F0020402EBF5
:10640000820203EB42021044761C0390EFE758F837
:10641000042B0392002A03DA504244F40054039000
:1064200044F00204761C30782E2816D116F8010F9D
:1064300044F004042A280DD06FF02F023078A0F128
:106440003003092B09D807EB870302EB4303C71876
:10645000761CF3E758F8047B761C30786C280FD054
:1064600006DC4C2817D068280DD06A2814D104E027
:10647000742810D07A280FD10DE044F400140AE0FB
:1064800044F4801401E044F440147278824202D152
:1064900004F58014761C761C307866280BD013DC4B
:1064A000582877D009DC002875D04528F6D0462832
:1064B000F4D047281AD193E118E0632835D0642836
:1064C00079D0652812D18BE1702873D008DC672859
:1064D000F1D069286FD06E280DD06F2806D1ACE0BE
:1064E00073282CD0752874D0782853D05246179929
:1064F00090476D1C54E1C4F30250022809D00328D0
:106500000DD0D8F8001004280DD00D6008F1040853
:1065100046E1D8F80010EA17C1E90052F6E7D8F8CA
:1065200000100D80F2E70D70F0E718F8041B8DF8ED
:10653000001000208DF80100EB46012003E058F820
:1065400004BB4FF0FF3061074FF0000102D40DE0B3
:1065500009F101018946B9420FDA8145F8DB1BF8E0
:1065600009100029F4D108E009F1010189468142AE
:10657000FADB1BF809100029F6D103985346A0EB6B
:10658000090721463846179A00F080FA284400EBA4
:10659000090507E044E008E10DE01BF8010B524655
:1065A00017999047B9F10109F7D253462146384669
:1065B000179AF2E039E00A21C4F302524FF0000BBF
:1065C0000091022A06D058F8040BC117032A09D0FB
:1065D0000AE023E008F1070020F00702F2E80201D8
:1065E000904605E000B2C117042A01D140B2C1179C
:1065F000002906DA0A460021404261EB02012D2201
:1066000002E0220504D52B228DF80420012203E0AC
:10661000E20701D02022F7E7914657E00A2100E087
:1066200010214FF0000B00910BE010214FF0000BF8
:1066300044F004040827009103E008204FF0000B09
:106640000090C4F30252022A05D058F8040B00212E
:10665000032A08D008E008F1070020F00702F2E85A
:106660000201904603E080B2042A00D1C0B24FF08C
:10667000000922072AD53278702A07D0DDF800C039
:106680008CF0100C5CEA0B0C05D00EE040228DF86B
:106690000420012208E050EA010306D030238DF8DF
:1066A00004308DF8052002229146009B83F00803F8
:1066B00053EA0B030AD150EA010201D1620705D562
:1066C00030228DF804204FF001097F1E3278582ABD
:1066D00004D039A20C920CAA02920BE03BA2F9E77B
:1066E0005B46009AF9F7CEFD0C9B9B5C029A521E0A
:1066F0000292137050EA0102F2D1029804A9081A1A
:1067000000F1200B600702D524F4803400E001275B
:106710005F4502DDA7EB0B0000E0002000EB0B0162
:10672000009003984944401A0390E00306D453466E
:106730002146179A039800F0A9F90544002706E0BE
:1067400001A85246C05D179990476D1C7F1C4F45AC
:10675000F6DBE0030CD553462146179A039800F068
:1067600095F9054404E030205246179990476D1C76
:106770000099481E00900029F5DC08E00298029973
:1067800052460078491C0291179990476D1CBBF145
:106790000001ABF1010BF1DC5BE100F065F90544B0
:1067A000761C307800287FF40DAE19B02846BDE87D
:1067B000F08F00000928010030313233343536378C
:1067C000383961626364656600000000303132333D
:1067D00034353637383941424344454600000000DD
:1067E000600700D4062708F1070020F00700F0E852
:1067F0000223804603F0004C5FEA0C0001D097A012
:1068000009E0200501D596A005E0E00701D095A09C
:1068100001E0AFF24C001390307823F0004365287C
:106820000CD006DC452809D046281DD047287FD14A
:106830003BE0662818D067287AD136E00021112F76
:1068400001DB112000E0781CCDE9000104A90CA8AF
:10685000FEF716F9DDE90D010C9A4FF0000B07F178
:106860000109109200914EE04FF000400097CDE9F1
:10687000011004A90CA8FEF703F9DDE90D020C9B39
:106880000F994FF0000B91461093009211B9791CAB
:1068900000EB0109B7EB090003D4C0F1FF3B07F19E
:1068A0000109A9EB0700019042E0012F00DA01275E
:1068B0000021112F01DD112000E03846CDE9000153
:1068C00004A90CA8FEF7DCF8DDE90D010C9A009193
:1068D0004FF0000BB946109221070FD4009A4A4599
:1068E00003DA914601E0A9F10109B9F1010F05DDD3
:1068F000109AA9F10101515C3029F4D0B84202DAB2
:1069000010F1040F03DA0121CDE9011010E0002895
:1069100003DC8344A9EB000102E0411C494500DD92
:106920008946A0EB0B00401C01904FF00040029004
:10693000200705D40198484502DB4FF0FF30019055
:1069400000208DF84B0002980DF14B07B0F1004F7D
:1069500025D002200C902B200D90029800280CDAF4
:10696000404202902D200D9007E00A210298F9F78D
:1069700095FE3031029007F8011D0C99481E0C90CD
:106980000029F2DC02980028EFD1791E0D980870DA
:10699000307800F0200040F0450007F8020D11A803
:1069A000C01BC01D02901398007800B1012000EBBD
:1069B0000901019801EBE071029801440398401A23
:1069C000401E0390E00306D453462146179A0398CD
:1069D00000F05CF805441398007818B152461799F6
:1069E00090476D1CE00323D553462146179A039820
:1069F00000F04CF805441BE0BBF1000F07DB0098EA
:106A0000584504DD1098179910F80B0001E017990C
:106A100030205246904701980BF1010B401E05F1C2
:106A20000105019004D12E205246179990476D1C04
:106A3000B9F10001A9F10109DEDC05E017F8010B4D
:106A40005246179990476D1C0299481E02900029E2
:106A5000F4DC53462146179A03989EE62D00000069
:106A60002B000000200000002DE9F0410446002525
:106A70001E461746880404D405E039462020B04756
:106A80006D1C641EF9D52846BDE8F0812DE9F04162
:106A9000044600251E469046C80301D5302700E075
:106AA0002027880404D505E041463846B0476D1CD0
:106AB000641EF9D52846BDE8F0814A68002A06D050
:106AC0000A68531C0B6010704868401E486070478D
:106AD0002DE9FF4F89B005460A9800249246002808
:106AE00000D1FE4D8FE1252804D02246641C534678
:106AF0000A990BE2491C4FF0000808460C910178F6
:106B00002B2919D004DC202919D0232904D119E01C
:106B10002D290ED0302909D00026C8B2FEF772F810
:106B2000B0B10CA8FDF794FF06461FE048F0010144
:106B30000AE048F0020107E048F0040104E048F0F0
:106B4000080101E048F01001401C88460C90D6E78F
:106B50000C9908782A2809D1169840C81690002E5A
:106B600002DA48F002087642491C0C910C984FF06A
:106B7000000B01782E2919D1401C0C9048F4806834
:106B80000078FEF73FF820B10CA8FDF761FF8346BF
:106B90000CE00C9A10782A2808D1169802C8169092
:106BA000002900DC0021521C8B460C920C980178C5
:106BB0006C290AD004DC68290FD06A2919D128E091
:106BC000742929D07A2914D126E0401C0C90017830
:106BD00048F480786C291CD00BE0401C0C900178A4
:106BE00048F08008682904D148F04001401C8846DC
:106BF0000C9002460078692822D015DC62281FD04C
:106C00000DDC252871D050281AD058287FF46DAF9C
:106C100016E048F40071E9E748F48071E6E763287C
:106C200078D06428F2D10BE0732874D004DC6F288C
:106C300006D07028EAD103E0752801D07828E5D184
:106C400078280DD058280BD070280BD0502809D0A8
:106C50006F2816D0622816D00A2128F0100016E0FE
:106C6000102107E05078102148F48878562804D184
:106C7000521C0C921078582807D01078502804D055
:106C800006E0082109E0022107E048F020008046E4
:106C90001078692803D0642801D028F00C085FEA36
:106CA000485001D528F00108107869281ED06428C2
:106CB0001CD0562864D05FEA885072D5169804AB71
:106CC000C01D002283E806080292CDE9076820F083
:106CD00007005346F0E80212CDE900121690224652
:106CE00028460A99FFF720FB89E00AE15FEA88500D
:106CF00024D5169804AFC01D20F00703F3E8020264
:106D00001693002387E80A08CDE90768002A03DA0A
:106D1000012102E080E0A6E0002100230291194653
:106D20001B1A914101DA114603E00021404261EB58
:106D3000020153462246CDE90001D1E75FEAC8507F
:106D400004D5169804C80FE0524215E05FEA486087
:106D500003D5169810F8042B06E05FEA0860F0D51A
:106D6000169830F8042B12B21690CDE9021BCDE92B
:106D70000468D00F002AE7DDCDE9002053461EE06D
:106D80001698AAEB040202C81690486800680090A2
:106D90000A980B6801192846FFF79AFE04442FE071
:106DA000FFE75FEAC8500CD5CDE9021BCDE90468C6
:106DB00016980021534604C8CDE9002116902246BA
:106DC00019E05FEA486003D5169810F8042B08E034
:106DD0005FEA0860169803D530F8042B92B200E001
:106DE00004C816900020CDE90020CDE9021BCDE9B2
:106DF00004685346224628460A99FFF755FA044686
:106E00000C98401C0C900C99087800287FF46BAE0D
:106E100054457DD222467DE001275FEA887006D581
:106E200009E02246641C534620200A99A8473846A8
:106E30007F1CB042F5D316992246641C11F8040B4E
:106E4000169153460A99A8475FEA887006D4D7E797
:106E50002246641C534620200A99A84738467F1CC6
:106E6000B042F5D3CCE7169850F8049B16904B46E9
:106E7000BBF1000001D0014601E04FF0FF31484670
:106E800000E0401C02780AB1491EFAD2C71A5FEA34
:106E9000485003D558465F4500D307465FEA8870DF
:106EA00006D512E02246641C534620200A99A847C2
:106EB00038467F1CB042F5D307E000BF224609F1F7
:106EC0000109641C53460A99A84799F8000040B18B
:106ED0005FEA4851F2D5BBF1010B01E0B163000854
:106EE000ECD25FEA887006D48AE72246641C5346D7
:106EF00020200A99A84738467F1CB042F5D37FE787
:106F000006E02246641C534625200A99A84777E7E5
:106F1000AAF10102534600200A99A8470DB0204665
:106F2000BDE8F08F10B502004FF000000CD04B1EF2
:106F3000194200D0FEE70A44521E9A43B2F5803F40
:106F400002D20C2A01D9104610BD0C2010BD0844F5
:106F50004A1E401E9043114200D0FEE770470000D9
:106F60002DE9F0410F4601210025044641862E46B9
:106F70000BE01B49F9F70AFA10B16D1CADB202E043
:106F8000608E401C6086761CB6B257F8260010B1A1
:106F900001780029EDD1208EA8421ED0A06A0026DB
:106FA00010B117F0B3FCA662E06A10B117F0AEFCA6
:106FB000E662E80017F01EFCA06238B1680017F026
:106FC00019FCE06218B1A16A11B102E0FEE7FEE728
:106FD0000025690017F0A8FD2586BDE8F0810000B6
:106FE000B06B01082DE9F84F8146407A0F4600F05A
:106FF0000700022819D010468046974200DD3A4625
:10700000164603202A4C2B4A00EB460020F00305CD
:10701000A06811681035411A636805EB010C9C45A6
:1070200005D2416821F0004124E00846E4E79D4292
:1070300019D892464FF0FF3B48196168884210D931
:10704000002269461C48CDF800B00DF069F8002216
:1070500069461A480DF064F8A168DAF80000091AC8
:10706000EAE7A068DDE7284617F0C4FBC0B1416835
:1070700041F0004188EA6702416089EA020101604B
:10708000416801F04041491C31F0804141608681F6
:10709000A0F80E8005D500F110018160BDE8F88FE1
:1070A000FEE7A16801F1100229448260A160F5E7C2
:1070B00064C1012030C10120A50E0108054401086A
:1070C00070B586B000224A4C8DF808208DF80C204F
:1070D0008DF81020E2888A4201D0FF22A270E18060
:1070E00090F83C20142302F003024FF4B475012AF7
:1070F00024D0022A5ED0A578AA4211D010F8265FCB
:1071000005EB051505EB4505B5FBF3F52570407856
:1071100000EB001000EB4000B0FBF3F06070A270D9
:1071200004AA03A8CDE9000201EB41004FF6FF716C
:1071300001EA400002AB627821781BE0A678B242F7
:1071400010D0868C06EB46067602B6FBF5F5A580D8
:1071500090F8270000EB001000EB4000B0FBF3F0CC
:107160006070A27004AA03A8CDE90002C9B202AB04
:1071700062783AE009F0A9FB9DF810109DF80C0028
:10718000CB08BDF800109DF8082063F30401ADF8AA
:1071900000108108BDF8000061F34A10D10880B2E8
:1071A00061F3CF20ADF8000080B20090BDF8000080
:1071B00006B070BDA678B24210D0868C06EB4606AB
:1071C0007602B6FBF5F5A58090F8260000EB0010DE
:1071D00000EB4000B0FBF3F02070A27004AA03A8FB
:1071E000CDE90002CAB2217802ABA088C2E7000054
:1071F000BCC1012010B5084C012020700748FEF7E3
:107200007EFB0028A06803D0BDE810401EF00CBD36
:10721000BDE810401EF0FCBC3C000020CC02002069
:1072200010B5044690F84200A16B820709D4B4F867
:1072300040204AB1A2F57F43FF3B1BD0521EA4F869
:107240004020B4F84020AAB909B1820712D52146DE
:107250001448FEF7EFFBFFF7CDFFE16809B12046C8
:107260008847216909B1204688472046BDE810407B
:1072700017F04CBBE26B52422263002911D0820707
:1072800002D4626B524222634210521C62F34100EC
:1072900084F84200A26A206A2262A062E06AE16287
:1072A000A06310BDCC02002070B5304D68681EF0A0
:1072B00077FB0646687880F00100687047E00020A0
:1072C000287094F842006978C0F380028A4242D064
:1072D00061F3820084F84200216B8A19030719D4F4
:1072E000002917DC002A15DBC00709D1616939B113
:1072F00020468847216A01442162A16A0844A062AD
:10730000A16809B12046884794F8420040F008007F
:1073100084F84200206B8019206316D4E16A884209
:1073200000DD2163E169204688470146606A8842A2
:1073300004D0616262680AB120689047D4E90B0109
:10734000814202DB2046FFF76BFF287818B108481E
:10735000FEF7D5FA03E021460548FEF7E2FA0400FD
:10736000ADD11EF023FB686070BD00003C00002022
:10737000CC02002070B5044640680D4608B1FFF706
:10738000F9FF2268002A04D029462046BDE8704053
:10739000104770BD89B20EF069BE89B20EF0A2BE70
:1073A0002DE9FF4F99B09846DDE926B12D98164694
:1073B0008A464FF00009042811D0052811D006286C
:1073C00012D0142870D101270225002418FB06F0E2
:1073D0000E901A98401E0D90701E069051E10027E5
:1073E000F2E701270325F0E701270225FEF74CFD10
:1073F0000068D0F83890E8E7289860430BEB20222B
:10740000299860430AEB202110124FEA212E7DD4E7
:107410001A9B98427ADABEF1000F77DBB64575DA2F
:10742000D2B2CBB2802A05DAC2F17F024FF0FF312F
:10743000520003E001215200A2F580720992802BD4
:1074400005DAC3F17F034FF0FF325B0003E0012256
:107450005B00A3F580730A930EFB080C199B0CFBD1
:10746000053307934318119372D4DDF834C0634594
:107470006EDC1EEB02036BD4DDF818C0634567DCDD
:10748000DDF81CC011FB05C1CDE915C112FB08F1E7
:1074900001FB05C10C91D7B32D99052905D01429FD
:1074A0000BD0062955D066E0EFE01598807807905C
:1074B0000C9881781698807810E0199A0E990EFB36
:1074C00008FC02EB41010A180EFB08111CF802002F
:1074D0000790119803FB08F3085C995C079A9142A6
:1074E0000AD00A9A11FB02F20A99C1F58073079932
:1074F00011FB0321C1F30721079A90420DD0099A8D
:1075000010FB02F20998C0F5807301E02FE035E02E
:10751000079810FB0320C0F3072008442C9940086B
:10752000085527D015980178407801EB0020ADF878
:107530000C000C980178407801EB0020ADF81000A9
:1075400016980178407801EB0020ADF8080023E0A0
:107550004CE0159801881FFA89F0814207D00C99F8
:107560000988814203D016990988814203D12C9958
:107570000020085583E0FF210846CEE715980088D3
:10758000ADF80C0016980088ADF808000888ADF832
:1075900010002C98FF210155BDF80C00BDF810100B
:1075A000884209D1BDF80810884205D12B98BDF852
:1075B0000C1000EB440017E00A98C2B2DDE903109A
:1075C00010F03AFC04900998C2B2DDE9020110F013
:1075D00033FC7F220290049910F02EFC00902B982F
:1075E000BDF8001000EB4400018048E0079B93F8D1
:1075F00000C05B780CEB0323DDF8ACC09BB22CF829
:107600001430DDF8B4C0BCF1050F06D0BCF1060F94
:1076100006D0BCF1140F09D10AE0079B9B780FE05C
:107620001FFA89FC634501D1002309E0FF2307E02D
:10763000199B0EFB083C0E9B00EB43031CF8033028
:1076400008B9002905DBDDF834C0604503D1002905
:1076500001DD09980AE0BEF1000F01D1002A04DB28
:1076600006998E4508D1002A06DD0A98C0F1FF0070
:1076700010FB03F0010A00E000212C980155641C66
:1076800024B22A988442FFF6B7AE1DB0BDE8F08F51
:1076900010B5818F92B00446A9B168460DF0F4FF91
:1076A0000B480121CDE90040A08F0B9000200890ED
:1076B000CDE90901074807900748039068460EF096
:1076C00057F812B010BD12B0BDE8104021F0B6BF9F
:1076D000B596020847570108B796020810B5084C3E
:1076E000207900280BD000220221E06B23F07DF9E5
:1076F00000221146606B23F078F90020207110BD44
:1077000014C0012070B50C46064626F0B9FE00F004
:10771000030526F0D1F9064A0EB1042000E0052049
:1077200010705570D471BDE8704026F007BA0000A3
:1077300014C001200C4800B5016887B041F0200159
:1077400001600068694600F020000590402000902C
:10775000012001900290022003900448F9F768FD8F
:1077600000F006F807B000BD3038024000140240B7
:10777000012240210148F9F758BE000000140240E0
:10778000002240210148F9F750BE000000140240D9
:1077900008B5134E4FF0FF344FF4C87522466946C2
:1077A000B06B27F02BFB0128F8D19DF800000328CF
:1077B0000DD00428F2D1FFF7E3FF284626F0D0FAD7
:1077C000FFF7D6FF07A000BFFDF7B2F8E6E7FFF727
:1077D000D7FF3C2026F0C4FAFFF7CAFF05A0F3E765
:1077E00014C00120E689A7E8A18CE995BFE9B8A3F8
:1077F0000D0A0000E689A7E8A18CE79FADE9B8A3D0
:107800000D0A00001CB5194817494FF48042016069
:107810001749416000218160C0E903124161C161E3
:107820000162F9F70DFE00281CD101208DF804003B
:107830003224034601AA46210C480094F9F7B4FF0C
:107840000A2001F0A1FE10208DF80400012301AAF6
:10785000462106480094F9F7A7FFBDE81C40B42074
:1078600001F092BE1CBD0000005400404802002000
:10787000A08601001CB550200090022301AA4621D9
:107880001048F9F7A1FE104920B100200870BFEEA2
:10789000000A1CBDBDF804009FED0C1A40BA00EEB2
:1078A000100A0B4AF8EE400A80EE810A10EE100A28
:1078B000904201DD9FED070A012081ED010A087069
:1078C0001CBD000048020020240000209A99993F26
:1078D00000401C4600401C4610B504464068820823
:1078E0000AD0496821F00301091D08446060204660
:1078F00000F042F8204610BDFEE74068103120F04D
:107900000300884201D301207047002070472DE911
:10791000FC47054648680C4620F0030001AA69466A
:107920001FF0BEF9DDE9007005EBC71101EB80091E
:107930008046D9F83C0060B164B1C4E9020504F1A5
:107940000806C46030460421FFF701FB864202D0DE
:10795000FEE7FEE7FEE7C9F83C400120296900FA8E
:1079600007F21143296105EB870100FA08F04A6923
:1079700002434A61BDE8FC8710B5044600F087F871
:10798000046010BD2DE9FC4706464FF000000D00D5
:1079900000900746019042D00C46E9460DF10408DC
:1079A000802907D3084625F07FFC411F012088402D
:1079B000401E04444246494620461FF071F9009C8F
:1079C0000A2C2CDA06EB8400019A40694FF0FF3153
:1079D00001FA02F210400CD1641C3069A140084049
:1079E0001DD025F059FC0446009006EB800040694C
:1079F00078B125F051FC034606EBC411019001EB70
:107A00008000C76B5FB1786820F00300A84201D204
:107A1000FEE7FEE739463046009A22F0FDFC384684
:107A2000BDE8FC8710B50446FFF7A6FF416841F0AA
:107A300002014160606840F00100606010BD10B557
:107A4000044600F024F8416821F0020141606068BA
:107A500020F00100606010BD70B506460D46084676
:107A600000F015F8040010D02079C0070BD068682A
:107A700080080BD02146304600F03CF821462846CD
:107A8000FFF72AFF0546284670BDFEE7FEE742687D
:107A900000F1080122F00300001F0844910800D102
:107AA000FEE7704770B506460C004FF000001ED090
:107AB000F2B120791546C0071BD011462046FFF7CA
:107AC0001CFF78B12946204600F025F805462046DF
:107AD000FFF752FF6868294640F0020068603046B0
:107AE000FFF715FF2046FFF7AAFF04F1080070BD5D
:107AF000FEE7FEE77CB5054648680C4620F003002B
:107B000001AA69461FF0CCF8DDE90023214628468A
:107B100022F082FC7CBD2DE9F0410D46044600F1C7
:107B20000801281F0E18606806F1080720F00300FE
:107B3000401BA0F1040838460421FFF708FA8742E9
:107B400000D0FEE7606820F0030108EB0500001D8F
:107B5000814200D0FEE7307900F0030040EA0800DF
:107B6000706020F003000C2800D2FEE7207900F0BE
:107B70000300284360603046FFF754FF3046BDE8FD
:107B8000F0810000014840787047000060C001208B
:107B900025F02ABE014800787047000060C001202F
:107BA00038B5044615F0C2F9054615F0F4F9002879
:107BB000204605D0218FE1861AF052F8012038BD09
:107BC00013F0DAFB002820461ED013F0A1FA218F13
:107BD000E08E81420CD02087E08E00906A461C2106
:107BE000204613F00BFE0128E9D120461AF038F8A0
:107BF000284615F0DCF90428E0D1204618F0AEFB49
:107C0000002114F008FBD9E713F012FCD6E770B599
:107C100013F0F0FD054618F0E7FB044628460FF088
:107C20008FF801462046BDE8704000221DF0E6B9FD
:107C30002DE9F04F0D4687B00446002118F0C2FA36
:107C400060B32946204600F061FA2946204600F03C
:107C50006FF80021204619F0F1F905900021204627
:107C600019F09AFA04900021204619F0B2F8012880
:107C700000D0002080460021204619F0EFFB074687
:107C80000021204619F014F942F2D17906464F45F9
:107C90000BD1608C000508D4012707E007B0284607
:107CA000BDE8F04F1C2116F03FBF0027204618F01A
:107CB00007FBDFF878A0834620460021BAF80420AD
:107CC00019F0C4FAD5F810C0AB682968CDF800C027
:107CD000CDF80C80CDE90131C2B239465846059B3A
:107CE0000AF012FF28834E4504D1608C400501D470
:107CF000012600E00026204618F0C8FA0746204674
:107D00000021BAF8082019F0A1FAC2B2686900246B
:107D10006B68E9688DE81B0031463846049B0AF021
:107D2000F3FE688307B0BDE8F08F0000BC000020C0
:107D30002DE9F34F81B00C4601980AF0B1F80646E0
:107D4000019818F0BDFA8246304600F0E3FF20614A
:107D5000400016F07DFD20602069400016F078FD9F
:107D6000002541F69A79A0603AE036F91510DFF85F
:107D70002081494533D10027DFF818B11FE039468B
:107D8000019818F01FFA5946009019F082FCA8B922
:107D900000980AF097F8012810D100980AF088F8A6
:107DA000A8420BD1009819F024FC4146404501DA65
:107DB000084602E0009819F01CFC80467F1C0198E0
:107DC00018F012FAB842DAD8B8F1000F03DBA16854
:107DD00021F8158003E0A168002021F815006D1C32
:107DE0002069A842C1D800252F46284641F69B7835
:107DF0004B4615E036F91010414504DB0D44A5F55E
:107E0000F8559B3D0BE0994204D1A16831F8101060
:107E1000394403E0A26822F8101039440FB2401C24
:107E200021698142E6D80021019819F007F92169FA
:107E3000C1F1010200FB02A0C01B00B2002800DA61
:107E4000002000224FF0FF331146C44611E000BF6E
:107E500036F9117067450BDBA7F5F8579B3F3AB22F
:107E600010FB02F3B3FBF5F3A76827F811300B46BC
:107E7000491C27698F42EBD8002B07DBA91A414325
:107E8000B1FBF5F1401AA16821F81300BDE8FE8F9F
:107E900001E0FFFF010006002DE9F14F002211462D
:107EA00000981AF06DFE0021009818F0BFFF0446FC
:107EB0000021009819F07CF920440FFA80F9002184
:107EC000009819F067F820440FFA80F8009818F02D
:107ED00021FF00EB090101EB0800DFF898A006B2D2
:107EE0005446009818F080F9074600252AE00098CB
:107EF00021498068006850F82500834619F0C9FBC5
:107F0000F8B9584619F004FF40BB0021584618F054
:107F100025FF18B3012821D002281FD003281DD027
:107F20000021584619F0ACFA58B9BBF81A10BBF842
:107F30001600081A401C00B24844A04200DB044668
:107F400024B26D1CBD42D2D3544504D004EB0800CA
:107F500000B2B04200DC3046BDE8F88F0098BBF9B3
:107F60001A10B0F91600081A411CA142E8DB0C46B1
:107F7000E6E7000001E0FFFF010004002DE9F84FF3
:107F80000022804611461AF0E5FD0021404618F017
:107F90004DFF04460021404619F0B0F820440FFA86
:107FA00080FA0021404619F05BF820440FFA80F96E
:107FB000404618F0BDFE00EB090101EB0A00DFF8B6
:107FC00044B105B25C46404618F00EF90746002160
:107FD000404618F0E0FE01284FF0000644D078E05B
:107FE000D8F808004849006850F82600009019F0B9
:107FF00050FBC0BB009819F08BFE50B10098B8F947
:108000001810B0F91400091A481CA0422ADB4C1CB5
:1080100028E00021009818F0A1FE58B1032809D0EB
:10802000062807D0082805D00021009819F022FA68
:1080300058B118E00098B8F91810B0F91400081AEF
:10804000411CA1420EDB0C460CE00098143000905D
:108050000EF02DF95044A04204DB00980EF027F9F1
:1080600000EB0A0424B2761CBE42B9D35C453BD077
:1080700004EB090033E000BFD8F80800224900688B
:1080800050F82600009019F004FB08BB009819F086
:108090003FFE60BB0021009818F060FE38B3012855
:1080A00025D0042823D0072821D00021009819F0DA
:1080B000E7F968B90098143000900EF0F8F84844D9
:1080C000A04204DB00980EF0F2F800EB090424B2A1
:1080D000761CBE42D0D35C4506D004EB0A0000B249
:1080E000584501D0A84200DC2846BDE8F88F00982A
:1080F000B0F91810B8F91400091A481CA042E6DBC0
:108100004C1CE4E701E0FFFF010004002DE9F84FFB
:108110000C4683460AF0CAFA064600F0FBFD606191
:10812000400016F095FB60606069400016F090FB1F
:10813000002541F69A79E0603AE036F91500DFF85B
:108140002881484533D10027DFF820A11FE03946B8
:10815000584618F037F85146009019F09AFAA8B925
:1081600000980AF02BFB012810D100980AF01CFBA4
:10817000A8420BD1009818F0F6F84146404501DAC4
:10818000084602E0009818F0EEF880467F1C58463A
:1081900018F02AF8B842DAD8B8F1000F03DBE1682A
:1081A00021F8158003E0E168002021F815006D1C1E
:1081B0006069A842C1D800252F46284641F69B7821
:1081C0004B4615E036F91010414504DB0D44A5F58A
:1081D000F8559B3D0BE0994204D1E16831F810104D
:1081E000394403E0E26822F8101039440FB2401C11
:1081F00061698142E6D80021584618F0CDFF8146DA
:10820000584618F043F801466069C0F1010209FBC5
:108210000210C01B00B2002800DA002000224FF03C
:10822000FF331146C44610E036F9117067450BDB89
:10823000A7F5F8579B3F3AB210FB02F3B3FBF5F3F7
:10824000E76827F811300B46491C67698F42EBD865
:10825000002B07DBA91A4143B1FBF5F1401AE16895
:1082600021F81300BDE8F88F01E0FFFF01000600D0
:108270001CB50B8804892344ADF800304B88448931
:108280002344ADF802308B8804892344ADF80430D0
:10829000C98843891944ADF806104369694698476F
:1082A0001CBD00002DE9FF4F89B0C8781A9CC0079B
:1082B0000D46002801D0F84800E0F848069001D0AB
:1082C000F74800E0F748049001D1F54800E0F54890
:1082D0004FF010034FF00C0E4FF0080BCDF81400C8
:1082E0006188A2884FF0000AA1EB0201504609B252
:1082F0005246D4F810C00FE002EB8207E66803EBA9
:10830000870816F808805FEAC87809D00BEB870762
:10831000F65B891B09B2521C9445EDD8002254E04B
:108320000EEB8707F65B304400B2F4E7E66802EB39
:10833000820703EB870CB146CDF820C016F80C601D
:10834000F60741D1002872D091FBF0F80EEB8706BA
:10835000079639F8066006FB08F60FFA86FCCDF89A
:1083600000C04FF0060C0CEB870C042639F90C808A
:1083700006EB8706DDF800C039F90660E04500DC51
:10838000C446664504DC009EC446B04500DC664633
:10839000DDF800C00196664506D0DDF820C04FF03C
:1083A0000108C24649F80C80D4F80C80019E0BEB02
:1083B000870728F80760D4F80CC0079F3CF80770BF
:1083C000C01B891B00B209B2521C26699642ADD867
:1083D000BAF1000F84D10021099818F0F4FC0128AB
:1083E00026D000270020ADF80800ADF80C0003A946
:1083F00002A8CDE900012089B4F9022003B228784F
:10840000189920F0FDFAE878384207D0099817F05B
:1084100057FFBDF808100844ADF808000B990998FB
:1084200017F0D0FE06464FF4FA682AE1FFE7FEE7B0
:108430000127D7E79C49304619F02BF900286FD166
:108440000021304618F01EFDF0B34FF000094846F9
:1084500021690FE0E26800EB800352F82320B2426A
:1084600007D1E16800EB80020BEB820031F900904C
:1084700002E0401C8142EDD8E878C007708C04D03F
:1084800020F4806040F4006003E020F4006040F4D9
:108490008060708406F1140004998246884748453C
:1084A00028D0304619F0DCFBB08AADF80000F08A25
:1084B000ADF80200308BADF80400708BADF806000B
:1084C00049465046069A00E010E090476A46292146
:1084D000304613F093F9304617F086FF32462221DA
:1084E00013F08CF9304619F0BBFB03E0708C20F4DC
:1084F00040607084002000906878012811D0022824
:1085000017D1059906F114008847B4F90010491CE9
:1085100021F00101081A00EBD07040F34F0007E092
:10852000A7E0059906F1140088472188081A00B2CF
:108530000090E878384208D0049906F11400884782
:10854000BDF80810081AADF80800304600216B226B
:1085500018F07CFE0FFA80F9304600216C2218F0EA
:1085600075FE0FFA80FA304619F043F80190304654
:1085700017F0F9FE0146C9F3413001280FD129F463
:10858000C04040450BDCB0F57A7F01DDC0F57A7064
:10859000019A5043642290FBF2F00FFA80F9CAF37B
:1085A000413001280ED12AF4C04040450ADCB0F524
:1085B0007A7F01DDC0F57A704843642190FBF1F0C9
:1085C0000FFA80FAB18A1698F28A411A01EB090073
:1085D000179900B28A1A02EB0A01EA7809B2D207A7
:1085E000002A02D0BDF9082000E0009A10440FFADA
:1085F00080FA01D0009801E0BDF9080008440FFAA4
:1086000080F95AEA09011BD0304619F029FBB18ADA
:1086100001EB0A00B082318B01EB0A003083F18A52
:1086200001EB0900F082718B01EB09007083304689
:1086300019F016FB00234A465146304619F0B6FBA6
:10864000E87838420CD1049906F11400884719994A
:108650000844BDF80C100844BDF80810084406E0B2
:10866000BDF80C1019980844BDF80810081AADF8A8
:108670000800E8780BAAC0F38001099809F0DCFE35
:108680000646002E04D0DDE90B0188427FF4D2AE0D
:108690000DB0BDE8F08F00001F63010815630108ED
:1086A000C76201086F620108010006002DE9F04F62
:1086B00091B00E0005463FD02E83286808B116F011
:1086C00025F906EB4600062101EB400016F092F872
:1086D000286040B3022101EB46010144E960042116
:1086E00001EB86010144C5E9010101210024012EAD
:1086F0001AD0F000083016F0ABF8814600EB860087
:1087000000F10408B00000B2A346ADF81000C0F1BB
:1087100001028010ADF812B00FFA82FA5C46CDF873
:1087200028B00690ABE0FEE7B4220270E86804804F
:10873000E8684180A868048011B0BDE8F08F002788
:10874000BDF81220BAF1000F07DC032101EB420152
:108750000AEB01000FFA80FA0CE0BDF810100523B7
:10876000521A03EB420202EB0A00491E0FFA80FA8A
:10877000ADF81010BDF81200401CADF8120004A8AE
:1087800000F0E9F868B1BDF9100006A9821041F8BF
:1087900027200AA900F0030041F827007F1C042FBE
:1087A000CEDB042F71D109990698884212D129F89D
:1087B000140028F814B0DDE90A010144DDE90C20B9
:1087C0001044084469680855696800010855641C2C
:1087D00024B252E00799884219D029F8140028F8E9
:1087E00014B06A680A9810556A6800011055641C34
:1087F000069A20B2521E29F8102028F810B0DDE9A0
:108800000B120A440D99091D11446A682FE008995A
:1088100029F81400884228F814B0DDE90A02594604
:10882000104412D06A6810556A6800011055641C23
:10883000069A20B2521E29F8102028F81010DDE9FF
:108840000C12114408316A6811E00C9A10446A68ED
:1088500010556A6800011055641C069A20B2521E19
:1088600029F8102028F810100D996A680C3111545D
:108870006A6809011154401C04B20BF1010B04A8F1
:1088800000F069F800287FF45AAF40F2D32016FBBD
:1088900000F109EB4402881232F9022C824205D120
:1088A00008EB440232F9022C82421AD0A1EB80215B
:1088B000B1F5007F03DC494341F3CF3106E0C1F558
:1088C0008061494341F3CF31C1F10F0129F8140010
:1088D00028F8140068680155686809010155641C8E
:1088E00024B2A01E0EE000BF38F8102029F8142092
:1088F00039F8102028F8142069680A5C0A55641CAD
:1089000024B2401E0028EFDAEA68002108461180F0
:108910001BE0EA6822F81100AB6839F8102023F850
:1089200011200AE0AE6839F9102036F81130934270
:1089300000DA1A4626F81120401C38F910208A4225
:1089400001D1A042EEDB491C09B2A042E1DB48465E
:1089500015F0CAFFF0E6B0F90210B0F9000081424C
:1089600001DC012070470020704717B581B0022A52
:1089700003D8BDF8080004B010BDBDF80830BDF83C
:108980000400D90A01EBD0211F2900D31F2161F374
:10899000CF20C3F34511C0F345142144ADF80400C2
:1089A0003F2900D33F2161F34A1003F01F0100F07B
:1089B0001F031944ADF804001F2900D31F2161F3E0
:1089C0000400ADF80400FF2A07D0DDE901010FF033
:1089D00019FA0090BDF80000CDE780B2CBE717B5DB
:1089E00081B0022A03D8BDF8080004B010BDBDF85C
:1089F0000400BDF80810C30ACC0A13FB04F35B099A
:108A000063F3CF2000F01F0301F01F0413FB04F3F6
:108A10005B0963F30400C0F34513C1F3451113FB75
:108A200001F1890961F34A10ADF80400FF2A07D06B
:108A3000DDE901010FF0E6F90090BDF80000D4E790
:108A400080B2D2E717B581B0022A03D8BDF808007A
:108A500004B010BDBDF80830BDF80400D90AA1EB80
:108A6000D021002900DC002161F3CF20C3F34511A0
:108A7000C0F34514091BADF80400002900DC0021F7
:108A800061F34A1003F01F0100F01F03C91AADF88B
:108A90000400002900DC002161F30400ADF80400AB
:108AA000FF2A07D0DDE901010FF0ACF90090BDF815
:108AB0000000CDE780B2CBE7F8B5044612F09AFE8D
:108AC0000646204612F058FE0546304617F08CFC4C
:108AD00004462B2D34D00A2D31D114F027FA10B1D1
:108AE000007901282BD06946304617F0E3FC94F852
:108AF0002C0010F00C0F30462BD017F0E1FB054690
:108B00000021204618F06BF90128BDF9000005EBA3
:108B1000D5711BD000EB610090FBF5F001B200298C
:108B200000DA0021608D4FF00102884220461BD000
:108B30001CF064FA00221C21204612F05FFEF8BDF2
:108B4000618DBDE8F84000221CF058BAC0EB61000E
:108B5000E2E717F09BFBBDF9021000EBD07201EBCE
:108B6000620191FBF0F0D9E71CF048FAF8BD2DE95D
:108B7000FF4F89B00446169EDDE919577000DDF8F5
:108B80006090DDF828A00FFA80FBB9F1040F22D025
:108B9000B9F1060F1FD0B9F1050F5CD0B9F1140F70
:108BA00056D1B4F90000B4F90210CDF80CB006FBB0
:108BB00001030AEB43020092E2884FF00008511AC9
:108BC000491C0FFA81F9A188081A401C0FFA80FA93
:108BD0004FEA4A0B81E020460DF04FFB014603901F
:108BE000384615F0CFFFB4F90000B4F90280A1882F
:108BF00006FB0802081A401C00B2069040000AEB6F
:108C0000420A2E4602900CE051463046029A15F078
:108C1000B9FE069808F10108DA4406EB40060FFA9F
:108C200088F8B4F906004045EEDAB9F1060F0FD125
:108C300000224FF4FC60ADF80000114605E035F865
:108C40001130834200D17A54491C039B9942F6D3D8
:108C50000DB0BDE8F08FB4F90010B4F9023006FB96
:108C6000031000EB400202EB0A00A288511A491CD3
:108C70000AB2B11A01EB41010EB2E188C91A491CCE
:108C80000CB2002317E000210DE090F802C007F8B5
:108C900001C010F801CB10F8028B0CEB082C25F862
:108CA00011C0491C09B29142EFDB5B1C05EB420588
:108CB000174430441BB2A342E5DBC9E75A462846B5
:108CC000009915F05FFE0099039805EB4A050844EA
:108CD000009008F101000FFA80F8C845EEDBDDE9ED
:108CE0000A014A000C9902FB0100B4F90010B4F922
:108CF000022006FB02110D18002408E05246294606
:108D0000384615F03FFE641C5744354424B24C45A8
:108D1000F4DB9DE70146002041F6FF7200E0401CB5
:108D200031F910309342FAD1704700002DE9F0413B
:108D30001F4690460E46069D16F0BAFE0446502287
:108D400046211AF077F83A46414620461AF030F8A4
:108D500019480EF031FF0146002220461AF058F95A
:108D600000220A2120461AF0A0F9002211462046CE
:108D70001AF05FF91021204616F00AFE2B46042255
:108D80000E49204616F0CEF9204613F0C7FA0746E2
:108D9000314613F0D9FF384616F03EFD0221384621
:108DA00016F00CFA2B4604220449384616F0BAF99C
:108DB0002046BDE8F0810000E8B35C00E1950008C2
:108DC00070B516F075FE0546502240F22F111AF0CC
:108DD00031F8DC220F21284619F0EAFF1D480EF079
:108DE000EBFE0146002228461AF012F900220B2160
:108DF00028461AF05AF90022114628461AF019F9A5
:108E00001021284616F0C4FD284614F0BDFB124C74
:108E100040F21B11A0621AF072F90021A06A15F04D
:108E2000FDF900220D49A06A1AF055F900200EF054
:108E3000C3FE01460022A06A1AF041F908A1A06A07
:108E400015F028FA08230A220121A06A16F058FA20
:108E5000284670BDE8B35C007CC001203C56040885
:108E600000000000F8B516F023FE064650228221CD
:108E700019F0E0FFE12240F24F11304619F098FF5F
:108E800023480EF099FE0146002230461AF0C0F841
:108E900000220A2130461AF008F900221146304615
:108EA0001AF0C7F81021304616F072FD304614F063
:108EB0006BFB054617A115F0EDF90022174928466E
:108EC0001AF009F9002305220721284616F018FA9E
:108ED000304614F059FB124C12A1606215F0DAF919
:108EE00000220E49606A1AF0F6F800200EF064FEC7
:108EF00001460022606A1AF0E2F800200090042384
:108F000014222946606A16F009FA3046F8BD0000BE
:108F1000E8B35C00E58589E785A70000DC4B040821
:108F20007CC001202D2D00002DE9F04116F0C0FD80
:108F300005465022822119F07DFF822240F24F1116
:108F4000284619F035FF3C480EF036FE0146002257
:108F500028461AF05DF800220A2128461AF0A5F8E2
:108F60000022114628461AF064F81021284616F00F
:108F70000FFD284614F008FB044630A115F08AF9CD
:108F80000022304920461AF0A6F8002305220121CC
:108F9000204616F0B5F9284614F0F6FA2A4C2BA113
:108FA000E06115F077F900222649E0691AF093F89C
:108FB00000200EF001FE01460022E0691AF07FF861
:108FC00000235E1F32460321E06916F099F9284616
:108FD00014F0DAFA07461FA115F05CF900221949CE
:108FE00038461AF078F8002305220421384616F096
:108FF00087F9284614F0C8FA18A1206215F04AF93A
:1090000000221049206A1AF066F800200EF0D4FD04
:1090100001460022206A1AF052F8731C32460621DB
:10902000206A16F06DF900224FF47A710D481CF099
:1090300021FD2846BDE8F081E8B35C00E6B8A9E56B
:10904000BAA60000DC4B04087CC001202D2DE28470
:1090500083000000E6B9BFE5BAA600002D2D252546
:1090600000000000D9970008F8B5054616F020FD6D
:1090700006462D22962119F0DDFE40F245140F22FE
:109080002146304619F094FE344F38460EF094FDD8
:1090900001460022304619F0BBFF00220A2130466B
:1090A0001AF003F800221146304619F0C2FF1021D1
:1090B000304616F06DFC284616F0FAFC05462822CC
:1090C000962119F0B7FE46222146284619F070FE77
:1090D00038460EF071FD01460022284619F098FF2F
:1090E00000220A21284619F0E0FF002211462846F6
:1090F00019F09FFF1021284616F04AFC304614F064
:1091000043FA174C606121790091E378A27815A1A8
:1091100015F0F7F800221749606919F0DCFF606963
:1091200016F07AFB284614F02FFAA06161780091BE
:109130002378E28810A115F0E4F800221449A06910
:1091400019F0C9FFA06916F067FB00224FF47A718D
:1091500010481CF08FFC3046F8BD0000E8B35C00FE
:109160007CC00120253032643A253032643A253003
:10917000326400000849040820256420E5B9B420C1
:10918000256420E69C8820256420E697A520000021
:10919000CC460408A9D10208F8B516F089FC0646A9
:1091A000502240F22F1119F045FE1422114630468C
:1091B00019F0FEFD28480EF0FFFC01460022304663
:1091C00019F026FF00220B21304619F06EFF002215
:1091D0001146304619F02DFF1021304616F0D8FB0D
:1091E000304613F09BF81D4C1D49A06013F0ACFDF8
:1091F000002305220721A06816F082F8304614F0FB
:10920000C3F918A1E06015F045F800221749E0689D
:1092100019F061FF00250095D4E9021008231422FB
:1092200016F07CF8304614F0AFF911A1206115F06A
:1092300031F800221049206919F04DFF0022012168
:10924000206919F037FF0095D4E903100823142290
:1092500016F064F83046F8BDE8B35C007CC001202D
:1092600094420408E699B4E5A4A900000C4E040851
:10927000203234E284832000084904081CB50446E7
:1092800090F8540000F0010088422DD094F854006A
:1092900011B140F0010001E020F0010084F8540019
:1092A00004F1480168460CF0CDFF606ABDF800107B
:1092B000828A1144ADF80010BDF80210C08A08443B
:1092C000ADF80200606ABDF80410808A0844ADF869
:1092D0000400606ABDF80610C08A0844ADF80600B4
:1092E0006946204618F0DFFC1CBD00000D4800B5A3
:1092F000016887B041F0040101600068694600F030
:10930000040005904FF480700090012001900290BD
:10931000022003900448F7F78BFF00F007F807B02E
:1093200000BD000030380240000802400122110256
:109330000148F8F77AB800000008024000224FF414
:1093400080710148F8F771B80008024008B5084676
:1093500011460EF0FEFB0090BDF8000008BD2DE99F
:10936000F04F0746C87A89B015460E46022803D842
:10937000012009B0BDE8F08F18463269B168FCF7EA
:109380000DF8041EF5D0207D00F01F0012F08FFFB5
:109390004FF4807808B1062011E0207D00F01F0016
:1093A0000E2806D014280AD012F071FF30B1052023
:1093B00005E030884FF00E0930B902E00420814604
:1093C00006E07088404503D000204FF00509A061F9
:1093D000226A22B12946384621F075FCB7E0A0691F
:1093E000E0B3294602A80CF0CAFEB6F9003013B962
:1093F0007088404529D0A88829886A88401A401C6E
:1094000001B2E88806F1040C801A401C02B2708890
:10941000CDE9000C02A8FBF70BFFBDF80800298876
:109420000844ADF80800BDF80A1068880844ADF893
:109430000A00BDF80C0029880844ADF80C00BDF8FE
:109440000E1068880844ADF80E0002AA04A8B96896
:10945000FBF7A1FC00287AD004A800E00DE0D7F8C3
:109460000880B860CDF800902A4631463846A36996
:109470000FF098FBC7F8088069E02A4604A8B9688D
:10948000FBF789FCE0B3BDF81400BDF81010401ADA
:10949000401C0FFA80FB0BEB4B0015F0D9F9039041
:1094A00004A901A8D7F808A00CF069FE012101A8C1
:1094B0000CF030FFBDF91000B5F90010BDF91280B5
:1094C000401A0690B5F90200A8EB000536E001AAA3
:1094D000514607A8FBF75FFC70B30398009006980D
:1094E0005B4601B22AB2204613F0ECFA01280ED0F6
:1094F000204613F03CFA039815F0F6F9204600E0F8
:1095000025E013F034FA0020C7F808A031E707A8D7
:10951000B860CDF8009001AA31463846039B0FF0A1
:1095200041FBBDF80600401CADF80600BDF80A007E
:10953000401CADF80A006D1C08F10108BDF91600C9
:109540004045C4DAC7F808A0039815F0CDF92046C5
:1095500013F00DFA0CE7000010B5F8F72FFBC82147
:10956000B0FBF1F0401EB0F1807F0AD24FF0E02155
:109570004861044AF02082F8140D00208861072019
:10958000086110BD0FE000E030B504464FF47A7575
:1095900002E0284600F003F8641EFAD230BD30B570
:1095A0004FF0E02300215D6900EBC0009A69C40020
:1095B00098699042FCD002D2A2EB000203E0A0EB3B
:1095C0000202A5EB020211440246A142F0D330BDD3
:1095D000002100E0491CB1EBC00FFBD37047000035
:1095E00070B5044612F0C8F804282BD1204612F0BA
:1095F00001F905461A4916F014F918B1284616F073
:10960000F3FE0546204612F0F7F8164CC6B2A05DF0
:1096100020B10020A05518B1134802E00120F9E75D
:1096200012480EF0C9FA01460022284619F0F0FC53
:109630004EB1012E0BD0022E0DD0032E02D1E078B8
:109640001EF0FCFF70BD20781EF0CCFF70BD60786E
:109650001EF07EFF70BDA0781EF0A2FF70BD00005E
:109660001CAE0408A8C00120F3962100E8B35C00FA
:109670000B4800B5026887B0002142F00802026082
:10968000006800F0080005900420CDE900010220E8
:10969000039069460348F7F7CBFD07B000BD000013
:1096A00030380240000C02400B4800B5016887B01A
:1096B00041F0080101600068694600F0080005906B
:1096C0000420009001200190022003900348F7F746
:1096D000AFFD07B000BD000030380240000C024072
:1096E00070B506460025FFF7DFFF254C0122042157
:1096F0002046F7F79AFE002204212046F7F795FE50
:109700001420FFF741FF012204212046F7F78DFEC8
:10971000FFF7AEFF002000F0E5F800282EDB012067
:1097200000F0E0F8002829DB002000F0DBF800283A
:1097300024DBFFF79DFF134C00F026F860556D1CED
:10974000EDB2052DF8D320786178E2780844A1784D
:10975000114408442179884210D10A49491FD1F89F
:1097600005003060481C2278027062784270A2784E
:109770008270E278C2700120087070BD002070BD58
:10978000000C024067C001202DE9F0410024114F78
:109790002546012000F0A6F8002819DB3220FFF74B
:1097A000FEFE04213846F7F73BFE01280AD00026CA
:1097B000641C46EA4500E4B2C5B2082CE9D3284649
:1097C000BDE8F0810126002000F08CF80028EFDAD7
:1097D000FF20F5E7000C024038B5304CE069002866
:1097E0005BD0206A002858D02D480078F0B32E4D69
:1097F0002C480090AB782DA218212E481AF07AFB45
:109800002B782C482CA2182118301AF073FB294908
:10981000E06914F03FFD2749206A183114F03AFD41
:10982000606A002839D02649097899B32548B2EEF4
:10983000041AB6EE000AD0ED000A0A2100EE810AF1
:10984000BDEEC00A10EE100A90FBF1F390FBF1F2AE
:1098500001FB1200002B00DA0023009015481AA229
:10986000182130301AF046FB124900E005E0606A2A
:109870003031BDE8384014F00DBD0A4B14A2182158
:109880000C481AF037FB0B4813A2182118301AF0B5
:1098900031FBBCE7FFE712A1EBE738BD7CC001203C
:1098A00062C001204816030863C0012025642573A7
:1098B000000000008ED40120256425250000000052
:1098C000240000202800002025642E2564000000CC
:1098D0002D2D2573000000002D2D252500000000F2
:1098E0002D2D00002DE9F04100240E4D0E4E671E77
:1098F00018B90FE0641CAC4209D804213046F7F7D0
:109900008FFD0028F6D00BE0641CAC4202D938462B
:10991000BDE8F08104213046F7F782FD0028F3D13D
:109920000020F5E7400D0300000C02402DE9F84F40
:10993000B1F90460B1F90040B1F90250B1F9067013
:1099400090468246002E43DB002F41DB4FF4F0703F
:1099500084423DDA4FF4A0718D4239DA002C00DAEE
:109960000024002D00DA0025864201DB40F2DF16DC
:109970008F4201DB40F23F17BBB2B2B2A9B2A0B234
:10998000F9F74CFCA94621E025461BE0B8F8000099
:10999000ADF8000080B2C20AC0F34511D30043EA1B
:1099A00092028B0000F01F0043EA1111C30043EA4A
:1099B0009003100440EA01201843F9F732FE08F141
:1099C00002086D1CB542E1DD09F10109B945DBDD95
:1099D0005046BDE8F84F0EF029BE000008B5244CF3
:1099E0004FF0FF364FF42F770A2532466946606BF9
:1099F00025F004FA0128F8D19DF800000B28F4D2D4
:109A0000DFE800F006090C0F122815181B221E00B3
:109A10001EF08CFCE9E71EF007FDE6E71EF04CFDAA
:109A2000E3E71EF0ADFCE0E71EF0D4FCDDE71EF03E
:109A3000C8FBDAE71EF016FDD7E71EF03DFD05E096
:109A40001EF03AFD384602E01EF0BBFBC82024F0B1
:109A500087F9DDE7A0789DF8012000EB800005EB99
:109A60004000C0B2102304211EF0D6FBBDE7000069
:109A700014C0012070B5054613F058FA0646286B4D
:109A80001BF08EFF3168898B884223D295F83C0009
:109A90006C6A10F0030105D06420012906D0022968
:109AA00009D106E0002060F30F0404E060F31744DE
:109AB00001E060F31F64304613F08CFB214628461A
:109AC0000EF080FC30B100221C21284611F096FED9
:109AD000012803D11BF06AFF2863012070BD00003C
:109AE0002DE9F04F99B0074614468A4614A80EF0A7
:109AF00035FE4FF4A021384617F039F99DF85D1076
:109B000060F382018DF85D10A1882088091A491C34
:109B100009B201EBD1714E103044ADF8600060889D
:109B200000213044ADF86200384617F0F1F9814663
:109B3000514602A816F084F914A80A904FF4003098
:109B40000F902F4803900020049007F130008346C7
:109B5000FBF7EEFE4EE02079032847D1208BADF8CD
:109B60005000208AADF852006079FD2801D948469E
:109B700002E010FB09F0000A8DF85C002568B5F9D9
:109B80002030E88B18440090D5E90512A06814F045
:109B900013FE8046B5F92030E88B18440090D5E9D3
:109BA0000512E06814F008FE1FFA88F5ADF854506D
:109BB0001FFA80F8ADF85680608B02AA3044ADF8E9
:109BC000440018A80B901A211394384611F016FE81
:109BD000CDE90058BDF8443018AA14A950460EF03B
:109BE000ADFD02AA1B21384611F008FE2146584659
:109BF000FBF79BFE0400AED119B0BDE8F08F00006A
:109C0000A4B404082DE9F74FC878A0B00C46022888
:109C10007DD9114601A80CF0CDFAB4F92000012835
:109C200029DD94F82200FD2825D3208818B394F864
:109C30002300BDF804104008C0F380021144ADF8C1
:109C40000410BDF80610C0F340000844ADF806004B
:109C500094F82310BDF808004908C1F3C001401A68
:109C6000ADF8080094F82310BDF80A00C1F34001D4
:109C7000401AADF80A00209801A9826805A8FBF7F0
:109C80008AF8002843D0E07B10F0070619D0E0885E
:109C9000ADF80000BDF800006189884200D10026BF
:109CA00001A80FF0D1FC07461C210EA8F6F734FBE3
:109CB000A0788DF85100BDF80000ADF840001FB14C
:109CC00005E060680090E5E7208800B9EEB3E07831
:109CD000FD2800D3FF208346BDF80800BDF804101E
:109CE000401A401C0FFA80FABDF80A00BDF80610B1
:109CF000401A401C01B289465046CA4500DB08465E
:109D0000B4F90050B5EB600F00DB451000E043E014
:109D1000BDF81810BDF81400081A401C0FFA80F89E
:109D20004FF0FF301D9000200790002D00DC87B120
:109D3000404614F08DFD079000232A4601A916A87D
:109D40000FF0EEFE002116A800E01CE00FF09CFAD8
:109D50001D90BDF81400ADF80C00BDF81800ADF86A
:109D600010000798119003A80E901390FF208DF813
:109D700050004A465146A01D12F07CF8040018D04D
:109D8000022E0CD015E001A80E90E0788DF850005E
:109D90000EA9209810F08AF923B0BDE8F08FBDF924
:109DA0001410A06800EB4100BDF90410A0EB4100C5
:109DB0000F90002F7DD0BDF9165027E02FB2ADF8DF
:109DC0000E70ADF8127042465946079814F07AFEAC
:109DD000BDF9141043463A4607980FF0F7FB8DF88B
:109DE0004800012802D102208DF84800012E08D138
:109DF000BDF90610A068691A00EB41000088ADF8B3
:109E000040000EA9209810F051F96D1CBDF91A0000
:109E1000A842D3DAB7E000BFBDF80600BDF91610BE
:109E200038440FFA80F9BDF80A00C01B0FFA80FA17
:109E3000494503DDBDF91A10514544DB42465946F8
:109E4000079814F03FFEBDF90C1043464A460798A8
:109E50000FF0BCFB8DF84800012802D102208DF8DC
:109E60004800BDF91610494513DCADF80E90ADF869
:109E70001290012E09D1BDF90620A168A9EB0200BC
:109E800001EB40000088ADF840000EA9209810F0CA
:109E90000DF9BDF91A10514515DBADF80EA0ADF85E
:109EA00012A0012E0BD1BDF90600A268AAEB00009A
:109EB00000E009E002EB40000088ADF840000EA988
:109EC000209810F0F3F87F1CAF42A5DBBDF804002A
:109ED000ADF87800BDF80800ADF87C00BDF80600CC
:109EE0002844ADF87A00BDF80A00401BADF87E00AA
:109EF0001EA80FF0A9FB074630430CD001208DF8B7
:109F00004800BDF90A008DF850B0A0EB0509BDF975
:109F10000600054435E0BDF806008DF850B0284431
:109F2000ADF80E00BDF80A000EA9401BADF81200F6
:109F300000201190209810F0B9F824E06FB142464B
:109F40005946079814F0BEFDBDF9141043462AB2D5
:109F500007980FF03BFB8DF84800ADF80E50ADF8B8
:109F60001250012E08D1BDF90600A168281A01EB94
:109F700040000088ADF840000EA9209810F096F837
:109F80006D1C4D45DADD079808B114F0ADFC1D9845
:109F9000401C05D01D980FF06FFE16A80FF038FB7F
:109FA000002C3FF4F9AE204611F05EFFF4E62DE9F7
:109FB000F0410646086992B015460C4600287DD04F
:109FC000A07E02287AD929460EA8B268FAF7E3FEE5
:109FD000002873D00EA8D6F80880B060206912F06F
:109FE0005BFF022806D06946206912F0E1FC0128D7
:109FF00049D0C9E0002741F6FF70CDE90070029713
:10A00000D4E904123B4610A81BF0EAFF28460CF0E6
:10A0100048F901462A88BDF9400001EBD17102EBF5
:10A02000610100EBD072A1EB62010844401EADF863
:10A030001000ADF80C1028460CF00DF901466A88A6
:10A04000BDF9420001EBD17102EB610100EBD0726E
:10A05000A1EB62010844401EADF81200ADF80E10ED
:10A0600005A80FF061F860690590208BADF820001D
:10A07000A07E8DF82E00009703AA05A9304623691B
:10A080000EF0B2FD80E005A80EF094FDA0788DF8EA
:10A090002000208BADF81C00E07E8DF81E00A07E15
:10A0A0008DF81F00207F4FF0FF3740B1009968887E
:10A0B000ADF8060007EB515108445DE066E0284624
:10A0C0000CF0EFF8298800EBD07001EB60000099EC
:10A0D000C1F38A21A0EB5100ADF8040028460CF032
:10A0E000BAF8698800EBD07001EB60010098A1EB31
:10A0F0009051C0F38A22ADF80610BDF80430521E0C
:10A100001A4407EB5050ADF808200844ADF80A0097
:10A1100001AA05A9304623690EF018FD34E0009924
:10A120002888C1F38A21ADF80400491E084410E0D4
:10A1300001AA05A9304623690EF008FD0098BDF874
:10A140000410C0F38A200144ADF80410BDF80810D3
:10A150000844ADF80800BDF90400B5F904108842C0
:10A16000E6DDBDF80610009801EB5051ADF8061081
:10A17000BDF80A1001EB5050ADF80A00BDF9060019
:10A18000B5F906108842CADDC6F8088012B0BDE8ED
:10A19000F081F0B5074691F8220087B016460C46CC
:10A1A00002286BD9208C002868D094F8230010F086
:10A1B0003E0F63D0C00761D1B08831887288401AE1
:10A1C000401C01B2F088B4F90050801A401C00B263
:10A1D000814200DA0846B5EB600F00DD45103146DC
:10A1E00004A80BF0E7FF94F82300BDF91020C0F39A
:10A1F00044014807B4F9200001D4284440421044E7
:10A20000ADF810000807BDF91420B4F9200001D4FE
:10A2100028444042101AADF8140094F82300BDF908
:10A22000121040088007B4F9200001D428444042AD
:10A230000844ADF8120094F82300BDF91610400848
:10A24000C007B4F9200001D128444042081AADF8F3
:10A250001600208C281A00B2002800DA0020A2780C
:10A2600094F82210CDE90212E18BADF804100090B1
:10A270002B4604AA3146384600F002F807B0F0BD7C
:10A280002DE9FF4FA9B01D46DDE93879DDF8D8800A
:10A2900016460C46FF2F00D3FF2708460FF0D4F9CF
:10A2A0002690284350EA080074D0299821468268F5
:10A2B00008A8FAF770FD002873D0BDF82400BDF897
:10A2C0002010401A401C00B204901C210AA814F06F
:10A2D0002BFC049814F0BCFA0D904FF0FF30249042
:10A2E000002D0ADD00232A46214615A80FF018FC90
:10A2F000002115A80EF0C8FF2490012342463146E4
:10A300001BA80FF00DFC00211BA80EF0BDFF25902F
:10A3100001A80A900F90BDF8DC008DF84070ADF8F0
:10A3200030008DF84190B4F900002290B6F9003069
:10A330004119994200DC1946B4F904000FFA81F979
:10A340002190B6F90410421B8A4200DB0A460FFA3C
:10A3500082F8B4F902E0B6F902200EEB050092464D
:10A36000504500DC1046B4F906B007B2B6F9062035
:10A37000ABEB0500904200DB104600B20590A8EB65
:10A380000900401C00B22790D6450DDC01200CE0EE
:10A3900000E006E0009732462146379B299800F0FE
:10A3A000B8F92DB0BDE8F08F00208246934501DB5F
:10A3B000012000E0002083462698D8B3BDF8200095
:10A3C000ADF80400BDF82400ADF80800BDF9224046
:10A3D00022E000BFBAF1000F01D1A7421BDCBBF1A4
:10A3E000000F02D10598A0421ADB25B2ADF8065045
:10A3F000ADF80A5004990D9814F0C4FBBDF9201073
:10A400002A46049B0D980FF0E1F88DF838000AA950
:10A4100029980FF04BFE641CBDF92600A042D9DA42
:10A420001BA80FF0F5F825980FF026FC2498401C87
:10A4300007D000E009E015A80FF0EAF824980FF023
:10A440001BFC0D9814F050FAABE72298984201DCFF
:10A45000012000E0002013902198884201DB0121B7
:10A4600000E000210120009013981291084000EABA
:10A470000A0010EA0B0F04D02798322801DA0020D6
:10A480000090012000998DF838001AEA010F0ED0D3
:10A49000ADF80490ADF808806088ADF806007088CB
:10A4A0000AA9401EADF80A0029980FF0FFFD009997
:10A4B0001BEA010F0ED0ADF80490ADF80880F088CB
:10A4C0000AA9401CADF80600E088ADF80A002998FA
:10A4D0000FF0ECFD139878B12088ADF804003088B7
:10A4E000ADF80670401EADF808000598ADF80A00FA
:10A4F0000AA929980FF0DAFD129878B1B0880AA954
:10A50000401CADF80400A088ADF808000598ADF82F
:10A510000670ADF80A0029980FF0C8FD0098C0B188
:10A52000BDF92400BDF92010A9F10102ADF8041015
:10A53000904200DB1046ADF80800401A401C05B2FE
:10A54000002D70DD139850EA0A0066D0BDF9224054
:10A5500061E0BDF82000ADF80400BDF82400ADF8BE
:10A560000800B6F90200B4F90210401AA84200DB54
:10A5700005460FFA85F8002533E06088284406B2C6
:10A58000E088401B07B2BDF92200B04203DDBDF9EF
:10A590002600B84224DB04990D9814F0F3FABDF9B3
:10A5A00004103246049B0D980FF010F88DF8380017
:10A5B000BDF92200B04207DCADF80660ADF80A60D4
:10A5C0000AA929980FF072FDBDF92600B84207DBF1
:10A5D000ADF80670ADF80A700AA929980FF066FD6B
:10A5E0006D1C4545C9DB8DE026B2ADF80660ADF8BF
:10A5F0000A6029460D9814F0C5FABDF904102B46DF
:10A6000032460D980EF0E2FF8DF838000AA929981D
:10A610000FF04CFD641CA742E6DC139850EA0B00D7
:10A620001DD0059C16E01AE026B2ADF80660ADF824
:10A630000A6029460D9814F0A5FABDF904102B46BE
:10A6400032460D980EF0C2FF8DF838000AA92998FD
:10A650000FF02CFDBDF92600641CA042E4DABDF920
:10A66000200008F10101884200DC0846BDF82410F2
:10A67000ADF80400081A401C05B2ADF80810002D12
:10A6800040DD129850EA0A001BD0BDF9224016E0C6
:10A6900026B2ADF80660ADF80A6029460D9814F0B0
:10A6A00071FABDF904102B4632460D980EF08EFF5C
:10A6B0008DF838000AA929980FF0F8FC641CA7420D
:10A6C000E6DC129850EA0B001CD0059C15E026B27F
:10A6D000ADF80660ADF80A6029460D9814F052FAFC
:10A6E000BDF904102B4632460D980EF06FFF8DF821
:10A6F00038000AA929980FF0D9FCBDF92600641C7E
:10A70000A042E4DA1BA80EF083FF25980FF0B4FAFC
:10A710008FE62DE9FF478EB00C46824615461C2178
:10A7200002A81A9E14F000FACDF808D0BDF8440033
:10A73000ADF810008DF82060B4F90200B5F90210F0
:10A74000884201DC012700E00027B4F90600B5F9D2
:10A750000610884201DB012600E00026B4F9000063
:10A76000B5F90010884201DC012100E00021894692
:10A77000B4F90410B5F90420914201DB012100E095
:10A780000021ADF80000A088ADF804006088ADF8A5
:10A79000020068888846401EADF806001FB102A975
:10A7A00050460FF083FCE888401CADF80200E088BA
:10A7B000ADF806001EB102A950460FF077FC2088C4
:10A7C000ADF800002888401EADF8040017B1B5F9B7
:10A7D000020001E0B4F90200ADF8020016B1B5F9CB
:10A7E000060001E0B4F90600ADF80600B9F1000F6B
:10A7F00003D002A950460FF059FCA888401CADF8C0
:10A800000000A088ADF80400B8F1000F03D002A941
:10A8100050460FF04BFC12B0BDE8F0872DE9F04F29
:10A820008B46A2F57F4195B091460646FF3944D04C
:10A83000746A208C8046984204D02384608C40F057
:10A84000080060844FF4802A5146204616F08BFDA4
:10A8500007465146204616F0ADFD0546B7F908708B
:10A86000304607F013FDB0F916107A1909FB0211F2
:10A8700005EBD570A1EB6000ADF8060038446D1E05
:10A880002844ADF80A00706A818AADF80410008B84
:10A89000ADF8080006A80FF013FA06AA51462046A4
:10A8A00017F082F801AA06A958460FF0F5F9A4F8A6
:10A8B0002080608C20F00800608415B0BDE8F08F27
:10A8C0002DE9F0430E46A2F57F4191B09046054632
:10A8D000FF3956D06C6A278C9F4204D02384608C49
:10A8E00040F00800608406A80EF01EFC4FF480299A
:10A8F00006AA4946204616F0A9FF4946204616F00A
:10A9000059FDADF82A00284607F0C0FC050038D0F4
:10A910000698B5F91620B0F90810BDF92A0000EB29
:10A92000010C08FB0C2200EBD073A2EB6302104475
:10A93000491EADF80A200844ADF80E00A08AADF813
:10A940000800208BADF80C0002AA0EA8B168FAF737
:10A9500022FA88B10EA8D6F80880B060284613F015
:10A96000AEF803460020009005F1140206A9304617
:10A970000EF03AF9C6F808802784608C20F00800B1
:10A98000608411B0BDE8F0832DE9F0412E4D0746FB
:10A9900068680DF065FE04463868C66B716B09B1D6
:10A9A00030468847686800680188408811FB00F0DD
:10A9B000E168884201D1012000E00020216859B1FE
:10A9C000616849B128B107E068680068816A01B12F
:10A9D000884720690028F7D101202061696809684B
:10A9E000C9688A69D20702D08969890700D4002022
:10A9F0006061606908B1012500E00025386841699F
:10AA000071B1016911F0300F06D0490704D5D6E9BC
:10AA1000001000F01BF803E0D6E90021FDF728FC48
:10AA2000206800280BD06168002908D03A68127CA1
:10AA3000AA43D20703D1A268824202D1A160BDE835
:10AA4000F081A060FBE7000088C101202DE9F34FF1
:10AA500005468A4893B041680E683069820701D57F
:10AA600042076ED4C0F3011002281ED0012801D085
:10AA7000032866D100200F9008460DF0F1FD8346B3
:10AA8000A988B5F90000EA88091A491C0CB2B5F981
:10AA90000210521A521C17B24FF4A052B2FBF4F338
:10AAA000BB420FDAB2FBF4F20DE029463046149AAD
:10AAB00000F0F0F8149A15B029463046BDE8F04F82
:10AAC000FDF7D6BB3A460C920791317CC1F30111D8
:10AAD000012905D06880611E0844E8800020BDE09F
:10AAE0007188081A401EE880001B401C6880F5E74A
:10AAF0000C99A7EB0A00884200DD084600B20190DD
:10AB00000120CBF81000BAF1000F20D1A7421EDBC4
:10AB10000194307CC0F30110032810D0002021469E
:10AB2000149A00F0EAF8307CC0F30110012809D033
:10AB300031880798081A401EA880001B56E00120A3
:10AB4000EDE797E0079828800798204466E00F9883
:10AB500020B94FF4205013F07BFE0F90307CC0F3EF
:10AB6000011003281BD000208646DDF850C0019953
:10AB70000F980A9014FB01F0401E0D90601E484390
:10AB80000E9000208146884222DA0E9ABEF1000F14
:10AB900002EB090001D00D9A101A002212E00120E8
:10ABA000E2E70A9BBEF1000F03EB400863460CF19D
:10ABB000020C1B88A8F8003001D0084400E0401ABD
:10ABC000521C12B2A242ECDB09F1010000B2D9E73B
:10ABD000307CC0F3011001281BD031880798091A76
:10ABE000A1EB0A00401EA8800199401A401C288051
:10ABF00001990AEB0108B84513DBDBF81800C00720
:10AC00000FD0DBF8180080070BD50120CBF814001B
:10AC10000AE007985044288001990844401EA88003
:10AC2000E6E70021CBF814100F9828B10246294618
:10AC30003046FDF71DFB05E0149AF8E7B16A09B14B
:10AC400030468847DBF810000028F7D101981499A6
:10AC5000604301EB400014900FFA88F08246B8423E
:10AC6000FFF646AF0F98002804D015B0BDE8F04FAE
:10AC700013F03ABE15B0BDE8F08F000088C1012086
:10AC800030B504880D8805801088088018881080E9
:10AC90001C8030BDF8B58B880C884D881B1BCC8878
:10ACA0005B1C641B641C13FB04F300245B1E0DE09F
:10ACB00002EB430602EB44073588ADF80050B7F8C5
:10ACC00000C0A6F800C05B1E3D80641CA342EFD804
:10ACD00043884C88CA881B1B5B1ECB8043889A1A0A
:10ACE000521E4A8003880C888A881B1B5B1E8B803F
:10ACF0000088801A401E0880F8BD2DE9F0470C46F8
:10AD000017468246002601EBD47931E00025601C0D
:10AD100000EBD07827E0A01B401E01B2601B401E54
:10AD200000B2BAF1000F0AD015FB041207EB420380
:10AD300011FB040107EB410210FB046009E010FB6A
:10AD4000046207EB420311FB040007EB400215FB12
:10AD5000041007EB400116FB045007EB4000FFF71F
:10AD60008FFF6D1C2DB2B5EB680FD4DB761C36B2AD
:10AD7000B6EB690FCADBBDE8F08700002DE9F047AC
:10AD8000A2B0054610F036FD0446284610F0FAFC45
:10AD90008246606A12F093FE054694F85400C0079C
:10ADA00077D004A80EF08CFF4FF4E02904AA49469E
:10ADB000204616F0F9FD04F1480101A80BF042FA13
:10ADC000606ABDF80410828A1144ADF80410BDF821
:10ADD0000610C08A01AA0844ADF80600606ABDF8F2
:10ADE0000810808A0844ADF80800606ABDF80A10AF
:10ADF000C08A0844ADF80A0004A950460EF04CFF82
:10AE00004946204616F02AF806464946204616F0DE
:10AE10005DF987194946204616F006FA4FF00008FA
:10AE20001D490644CDF87480CDF87880206D0968FE
:10AE3000284488470246206D41191DA813F0A2FD41
:10AE4000BDF8040055223844ADF80400BDF80600F2
:10AE500041463044ADF80600606A16F0F7F9054641
:10AE600012A80EF061F912AA4946204616F0EEFC2F
:10AE70009DF81300022804D8BDF85400A9B28842F6
:10AE800007D01DAB01AA12A95046CDF800800DF0E5
:10AE9000ABFE22B0BDE8F087500000202DE9F04F56
:10AEA000C3B0054630300E462690FAF7BAFD0028AA
:10AEB0007DD105F1140241A8B168F9F76CFF0028B3
:10AEC00075D041A8D6F808A0B0603CA80EF0BDF936
:10AED0004FF4E0243CAA2146284616F007FD2CA892
:10AEE0000EF0EEFE9DF8F8008DF8B30047F6FF7007
:10AEF000ADF8B0002146284616F0B6FA00EBD07047
:10AF000047102146284616F0AFFA00EBD0704FEA02
:10AF1000600B3146684614F093FF29A8069018A8E4
:10AF200004906448019005200D9402902698FAF749
:10AF3000FFFCB6E00A223CA929A813F023FD382221
:10AF40002CA918A813F01EFDE088ADF8A400E08835
:10AF5000ADF8640012A809903FA80A90607BC00772
:10AF600004D0B4F90000B4F902100FE0B4F90410F1
:10AF7000A1F5FE40FF3875D0A2883AAB2846A168FB
:10AF80000CF0B8FABDF9E800BDF9EA10AA8A10443D
:10AF90000FFA80F8E88A08440FFA80F9C7B1BBF1CC
:10AFA000000F15D001204090A8EB070000E07DE0E5
:10AFB000ADF89C0008EB0700ADF8A000A9EB0B0072
:10AFC000ADF89E0009EB0B00ADF8A20027A801E048
:10AFD000002040900390207B81072CD0C00702D036
:10AFE000B5F9140000E04046ADF84800ADF84A90CD
:10AFF000217B4846890702D5B5F9181000E0414683
:10B00000ADF8FC10ADF8FE006A461A21284610F093
:10B01000F5FB3FAB12AA29A930460EF009F940987A
:10B0200020B127AA18A930460EF036FE6A461B2129
:10B03000284610F0E3FB217B11F00C0F2DD0404689
:10B04000ADF84880490702D5B5F9161000E0494629
:10B05000ADF84A10ADF8FC00207B000703D5B5F928
:10B060001A0001E019E04846ADF8FE006A461A21D0
:10B07000284610F0C3FB3FAB12AA29A930460EF0B8
:10B08000D7F8409820B127AA18A930460EF004FE40
:10B090006A461B21284610F0B1FB21462698FAF794
:10B0A00044FC04007FF446AFC6F808A043B0BDE8F6
:10B0B000F08F00006CAF04082DE9F04F9FB00546FB
:10B0C00010F098FB0446284610F05CFB1C902046CC
:10B0D00016F08FFA0546204615F045F90146A08A7C
:10B0E00005EBD57200EB62000FFA80FBE08A01EB02
:10B0F000D17100EB61000FFA80FA4FEA620806A8EE
:10B100000EF0A3F806AA0021204616F0EFFB4FF43C
:10B110001D7018FB00F042F2341190FBF1F0801C1E
:10B12000ADF81A0000263146204615F02EFE0546E1
:10B1300047F6FF7900234A4604F114010AA80EF0ED
:10B14000EFFC00210AA80EF09FF81B90A78AE28A64
:10B15000ADF80E20218BADF81010638B7819ADF887
:10B160000C00481BADF810005019ADF80E00581B2C
:10B17000ADF8120001234A4603A910A80EF0D0FC36
:10B18000002110A80EF080F81D90BDF91A20A8EB40
:10B1900005000027A0EB0209904439462046FBF742
:10B1A0008FFF0990BDF82400ADF81800300A00B2F6
:10B1B00005461AF051FE00FB08F00BEBE030ADF84D
:10B1C000580028461AF03FFE00FB08F00AEBE0307A
:10B1D000ADF85A0028461AF03FFE00FB09F00BEBD1
:10B1E000E030ADF85C0028461AF02DFE00FB09F0B7
:10B1F0000AEBE030ADF85E0017AB16AA06A91C9862
:10B200000EF016F8FF1CBFB206F58766B7F5807F13
:10B21000C3D90AA80EF0FCF910A80EF0F9F91B9892
:10B220000EF02AFD1D980EF027FD1FB0BDE8F08F2F
:10B230002DE9F04F88468A68A7B0044600F1140152
:10B2400024A8F9F7A8FD00287ED0D8F808001F90A0
:10B2500024A9C8F808100021204615F005FE05466F
:10B260000021204615F038FF284400B2209000212C
:10B27000204615F0DFFF284405B2204615F020F8DF
:10B28000B4F88410484340F30F201B90204614F07C
:10B29000FDFFB4F88610484340F30F201D9018A816
:10B2A0000DF0D3FF18AA0021204616F01FFB4146DF
:10B2B000684614F0C5FD002618A80690701E0E9072
:10B2C000DFF8CCA10D96CDE901A609966A461A21B0
:10B2D00020460A9610F092FA20463122314615F0A7
:10B2E000B5FF00F0FF090021204615F0BDFD8346A3
:10B2F00020463322314615F0A9FFC6B2204615F08C
:10B30000F9F82390204615F0C1F9B4F87E10E9B39E
:10B31000E18A2944081A00B21E90A08AADF84C00B8
:10B32000208BADF85C000025B4F97E70B9F1020FF6
:10B3300040D9BBF1000F3DDDB00707D50021204605
:10B3400015F078FF10B900E09FE00125F00731D03B
:10B350000021204615F054FE60BB7F1E3FB229E05D
:10B360001D9810FB05F1B4F87E006A46401E91FB63
:10B37000F0F01E990844ADF84E00ADF85E000120D3
:10B38000CDE901A013A8099017A800E014E00A90E5
:10B390001A210E95204610F031FA17AB13AA18A9FE
:10B3A00040460DF045FF6A461B21204610F026FA64
:10B3B0006D1C2DB2BD42D3DBB4F88000F0B3A18A7E
:10B3C0002098002701442398081A00B21C90E08AB4
:10B3D000ADF84E00608BADF85E00B4F98050B9F165
:10B3E000020F13D9BBF1000F10DD700705D5002146
:10B3F000204615F071FE00B90127300706D500215F
:10B40000204615F0B1FE08B96D1E2DB256460DF15D
:10B410004C0B0DF15C094FF0020A26E01B9810FB63
:10B4200007F1B4F880006A46401E91FBF0F01C99C9
:10B430000844ADF84C00ADF85C0000E017E00E9752
:10B44000CDE9016ACDE909B91A21204610F0D6F9F3
:10B4500017AB13AA18A940460DF0EAFE6A461B2155
:10B46000204610F0CBF97F1C3FB2AF42D6DB4FF045
:10B47000FF300E90002009900A906A461B2120465A
:10B4800010F0BCF91F98C8F8080027B0BDE8F08F8D
:10B490006CAF04082DE9F04F9BB0834610F06CF9B7
:10B4A0000646584610F0A6F90446122E7ED0152EF8
:10B4B00001D0182E7BD116F09CF80490204614F091
:10B4C00052FF039020460021322215F0BFFE0546B0
:10B4D00020460021122215F0B9FE28440FFA80F808
:10B4E00020460021132215F0B1FE28440FFA80FAFD
:10B4F00020460021102215F0A9FE284407B220465C
:10B500000021112215F0A2FE2844618E0FFA80F965
:10B5100001EB0800ADF86000A08E3844ADF8620081
:10B5200094F8390000F0030001287DD018A9E08EBE
:10B53000CDE90001DDE90321B4F9303005A8F9F7C0
:10B5400077FEBDF81410A08A0844ADF81400BDF8C9
:10B550001610E08A0844ADF81600BDF81810A08A4D
:10B560000844ADF81800BDF81A10E08A0844ADF898
:10B570001A0000BF04F114010D4619A80C910AF03D
:10B580004FFE05A928460AF04BFE5946D24814F052
:10B5900003FE012861D119A90C980AF041FE152E6D
:10B5A0005BD1E08D002858D0A08D01E058E054E038
:10B5B000002852D0E08E00284FD0584610F0E2F814
:10B5C000064603A80C990AF02BFE204611F09AFBC0
:10B5D000054694F8390000F0030001287DD0BDF83D
:10B5E0001800BDF81410401ABDF80C100844ADF84E
:10B5F0001000BDF81A00BDF81610401ABDF80E1064
:10B6000000EB0100BDF80C10ADF8120001EB0800D2
:10B61000ADF80C00BDF80E00BDF810103844ADF8C0
:10B620000E00A1EB0A0000E07FE0ADF81000BDF8CD
:10B630001210A1EB0900ADF8120094F8381001F0D7
:10B64000030001286FD089076DD002286CD0002339
:10B65000194630460C9A0DF079FA1BB0BDE8F08F10
:10B66000584610F0C5F8054600780228F5D094F841
:10B6700038004FF00106C14389074ED000F00301A6
:10B6800002294AD0C0F38400042801D0012844D103
:10B6900020460021462215F0D9FDC0B2FF283CD13A
:10B6A000208ED0BB584610F0A3F80746E08EB0F5C8
:10B6B000807F34D0204614F056FE8046204615F098
:10B6C00098FF014604F13202E08ECDE9000200232A
:10B6D000424603A8F9F7ACFD00E02BE0BDF80C00F2
:10B6E000A18A00220844ADF80C00BDF80E00E18AE2
:10B6F0000844ADF80E00BDF81000A18A0844ADF86A
:10B700001000BDF81200E18A0844ADF8120003A948
:10B710003846F9F768FB00289FD12E709DE700227C
:10B7200004F11401F4E730E0C5E005A9204614F067
:10B73000E1FD1FE7B4F92C0029B2401ABDF80C1046
:10B74000401C00EBD070A1EB6001ADF80C10BDF80F
:10B750001010BDF80E20A1EB6000ADF81000B4F998
:10B760002E002914401A401C00EBD070A2EB6000A0
:10B77000ADF80E00B4F92E00401ABDF81210401CAE
:10B7800000EBD070A1EB60003CE70FA80DF012FABF
:10B790000FAA0021204616F006F8E08EADF83E0014
:10B7A000208EADF83C00608EADF84000A08EADF864
:10B7B000420094F8380016AAC0098DF85000BDF870
:10B7C000141001EB0800ADF85800BDF81600BDF8E4
:10B7D00018103844ADF85A00A1EB0A00BDF81A1051
:10B7E000ADF85C00A1EB0900ADF85E00B168104651
:10B7F0000F46F9F7D0FA002890D016A8B060B4F937
:10B800002800B4F92C1090FBF1F201FB1208B4F9F6
:10B810002A00B4F92E1090FBF1F201FB1200BDF9E1
:10B820000E10084400B2ADF80200884203DDE18D3D
:10B83000401AADF80200E18D80B20844401E30E0AD
:10B84000BDF90C1001EB080000B2ADF80000884211
:10B8500003DDA18D401AADF80000A18D80B208442F
:10B86000401E0DE06A460FA93046636A0DF06EF97E
:10B87000BDF800002844ADF80000BDF804002844DD
:10B88000ADF80400BDF90000BDF910108842E9DBF5
:10B89000BDF8021028140144ADF80210BDF80610DE
:10B8A0000844ADF80600BDF90200BDF91210884247
:10B8B000C6DBB760D1E60DA80DF036FC0DAA00215D
:10B8C000204615F0C3FF00200090636A0DA93046A2
:10B8D0000C9A0DF089F9C0E61CAE04082DE9F04F72
:10B8E000D3B005460FF086FF044628460FF04AFF06
:10B8F0004F9010A9204614F0FDFC0021692220463B
:10B9000015F0A4FC054600216A22204615F09EFC95
:10B91000BDF84010BDF84420491BADF840102A4442
:10B92000BDF84230ADF844201B1ABDF84650511AFC
:10B930002844ADF84600C01A401C0FFA80FAADF852
:10B940004230D4E90A02491C0FFA81FBA2EB00083D
:10B95000D34501DB012100E00021894600213E9111
:10B9600094F85C1001F00301012908D1002806DADF
:10B97000002A04DD216B814201D101203E9000218B
:10B98000204615F07FFB21900021204615F0C8FBD2
:10B9900036900021204615F01DFC20900021204605
:10B9A00015F00AFB359004F1340010A913900AF049
:10B9B00025FCA18E21980844A086218F3698081A6C
:10B9C0002087E18E20980144E186618F3598081A1E
:10B9D00000B26087B9F1000F11D0E18E401A401C0F
:10B9E00000B204281DDAE18A0AEBDA726FF0010076
:10B9F00000EB62000844E086001D608711E0218FA3
:10BA0000A08E081A401C00B204280ADAA18A0BEBA7
:10BA1000DB726FF0010000EB62000844A086001D9D
:10BA20002087218FA08E081A401C00B21890618FC9
:10BA3000E08E081A401C00B22290B9F1000F05D028
:10BA400004F13805DC48189F139E04E004F1360623
:10BA5000DA48229F351D3A90A36D581C14D0216DF1
:10BA6000A06A626D091A101A7943784391FBF8F1C4
:10BA700090FBF8F009B200B2401A5843C21700EB2D
:10BA8000126001EB202005E0216BA06A081A7843C0
:10BA900090FBF8F000B21690A26C501C14D0216CF0
:10BAA000A06A636C091A181A7943784391FBF8F17C
:10BAB00090FBF8F009B200B2401A5043C21700EBF5
:10BAC000126001EB202005E0D4E90910081A784340
:10BAD00090FBF8F000B23F9020460021162215F0AE
:10BAE000B5FBC0B2B9F1000F28D001280AD1304609
:10BAF0002E4605463F98404200B23F90169840427D
:10BB000000B2169031883F980844288031881698F2
:10BB1000084430803E9888B3A06A4042784390FB46
:10BB2000F8F000B2B9F1000F15D031880844B5F92A
:10BB3000001000B281420BDD308039E029883F9847
:10BB4000081A401C308029881698081A2880E1E7D6
:10BB5000318028802CE02988081A401CB6F9001092
:10BB600000B2814201DD288001E029803080B5F9F2
:10BB70000010B6F900008142EADB19E0FFE73A99CC
:10BB800013988847012813DC35A84F9914F058F909
:10BB90004FF4003042908A48369000203790139836
:10BBA000389035AA1A2120460FF028FE35AAFBE06E
:10BBB00050A813990AF022FB68460EF081F84FF462
:10BBC00000356A462946204615F0EEFE23A84F9917
:10BBD00014F036F94FF000087948CDE92408309583
:10BBE000CDF89CD013982690454623AA1A212046CA
:10BBF0000FF004FE20460B22294615F027FB05B264
:10BC000058465146D34500DB0846B5EB600F00DDD2
:10BC10004510229A1899BDF90000914200DB1146A7
:10BC2000B0EB610F00DD4810B9F1000F02D0228F98
:10BC3000A18E01E0628FE18E511A491C09B2B1EB6D
:10BC4000400F18DD9DF8220012909DF803709DF8BA
:10BC50001A608DF803808DF81A808DF8228069466D
:10BC6000139A4F980EF018F812988DF803708DF80B
:10BC70001A608DF82200A18A219800230844ADF8AB
:10BC80003401218B36982A46081AADF83801E18A2A
:10BC900020980844ADF83601618B3598081AADF844
:10BCA0003A014DA947A80DF03BFF002147A80DF030
:10BCB000EBFA17909DF822608DF8228045468DF8AA
:10BCC000368010A90EA80AF099FABDF8381021980C
:10BCD000084400B2ADF83800BDF83A20209911446C
:10BCE0000BB2ADF83A30BDF83C203699511A0AB281
:10BCF000ADF83C20BDF83E703599791A09B2ADF81F
:10BD00003E10B9F1000F12D0C81A401C00B204282E
:10BD10001FDAE18A0AEBDA726FF0010000EB6200D1
:10BD20000844ADF83A00001DADF83E0011E0101ACD
:10BD3000401C00B204280CDAA18A0BEBDB726FF016
:10BD4000010000EB62000844ADF83800001DADF8BA
:10BD50003C00BDF90020002319A813990DF0E0FE66
:10BD6000002119A80DF090FA07460EAA69464F98CF
:10BD70000DF092FF8DF822608DF803508DF81A5067
:10BD80008DF836506946139A4F980DF085FF19A823
:10BD90000DF03EFC47A80DF03BFC38460DF06CFF63
:10BDA00017980DF069FF23AA1B2120460FF026FDEE
:10BDB00053B0BDE8F08F0000BB6201086362010868
:10BDC00074AD04082DE9F047B8B005460FF012FD38
:10BDD000044628460FF0D6FC82460021204614F087
:10BDE000E6FF01280CD00027204608F018F8054689
:10BDF00094F85C00002600F00300012802D008E05F
:10BE00000127F1E7A06A002803DAE06A002800DDD4
:10BE1000012620468DB114F0A6FA804626B1606A4C
:10BE2000002801DAA08E05E017B1B4F9340001E072
:10BE3000B4F93800ADF894000BE015F0DAFB804659
:10BE400026B1606A002801DA608F00E0E08EADF86C
:10BE5000960012A80DF034FF4FF4403612AA314676
:10BE6000204615F0A1FD2B46424625A920461CF090
:10BE700005FE04F1680025A981460AF0DAF9514669
:10BE8000684613F0DDFF2F48019000200290CDE9B5
:10BE90000D6012AECDE90396204618F021F8022875
:10BEA00006D06A461A2120460FF0A8FC4A463CE01C
:10BEB000382212A927A812F065FD6A461A212046E9
:10BEC0000FF09CFC4A4612A950460DF0E5FE6A466A
:10BED0001B2120460FF092FC45B127B1B4F9380080
:10BEE000ADF8940005E0B4F93400F9E7608FADF8DF
:10BEF00096002B46424625A920461CF0BFFD04F1C2
:10BF0000600025A905460AF094F9382227A912A84D
:10BF100012F038FD02A9012081E861000E906A4606
:10BF20001A2120460FF06AFC2A4612A950460DF04D
:10BF3000B3FE6A461B2120460FF060FC38B0BDE816
:10BF4000F0870000A8AE04082DE9F0438FB0044646
:10BF50000FF050FC054614F047FA074603A80DF011
:10BF6000E3F803AA0021384615F070FC284611F0CA
:10BF7000A1FD28B19DF8290040F001008DF82900AD
:10BF800020460FF0FFFB816804460E4607F11402BD
:10BF90000DA8F8F700FF002850D00DA8A0600BA94D
:10BFA000384606F015FCA88AADF80400E88AADF81A
:10BFB0000600288BADF80800BDF82E00ADF80A0089
:10BFC00001AA1046A168F8F7E6FE4FF000090DF14E
:10BFD000040878B1A7682846C4F8088011F06FFDFE
:10BFE000034605F1140203A92046CDF800900CF099
:10BFF000FBFDA760A88AADF80400BDF83200ADF8DB
:10C000000600288BADF80800688BADF80A0001AA7D
:10C010001046A168F8F7BFFE78B1A7682846C4F8B3
:10C02000088011F04CFD034605F1140203A92046D7
:10C03000CDF800900CF0D8FDA760A6600FB0BDE869
:10C04000F08300002DE9FF4F9FB0987B8A7E00F0BF
:10C050000F04DDF8B0E00E46032C18D0012C1DD0E3
:10C06000022C21D0042C13D0082C7DD1A24D4FF0EE
:10C07000FF0A6101FD2A2FD2A04F3878904202D1E9
:10C080007868A04225D00020DFF874821FE00424E5
:10C09000994D4FF0F00A103D1021EBE7964D4FF00F
:10C0A000800A163D0221E5E7934D4FF0C00A143D8A
:10C0B0000421DFE715F800C0BCF1FF0F1DD01CFB09
:10C0C00002FC4FEA1C2C00BF08F800C0401C88424C
:10C0D000F0D38B4D3A707C601F9AB3F806801889B4
:10C0E00007902199926808FB04F0B1F90010B2F9A9
:10C0F0000030994203DB002302E09446E4E75B1A38
:10C100009B46B2F9043001EB08079F4201DC41462F
:10C1100001E0591A491C89462199B2F90230B1F956
:10C120000210994201DB002300E05B1A1193079B88
:10C13000B2F906200B44934201DC079901E0511A41
:10C14000491C0A91119941430BFB04100EEBD001DD
:10C1500000F007072C911C2115A812F0E5FCB0890E
:10C16000ADF85C00B07E00E0C2E08DF86C00B07FFE
:10C17000C0F3C2008DF86D00F9F786FE0CF074FA7A
:10C18000079A08FB02F1814200DC08461C9012F07D
:10C190005FFB0790189021980026018801EB0B02A5
:10C1A000ADF80C200188A9F1010001442198ADF8F7
:10C1B00010104388119818448B1AADF81200ADF88E
:10C1C0000E00ADF83810ADF834200A99ADF83600FD
:10C1D0005B1C08441BB2ADF83A000B930DA80DF0A0
:10C1E00033FA1D9003A815901A90C4F1080008EBCB
:10C1F0000B010F90A1EB090060431290119860E0D1
:10C2000033462AFA07F059464FF0000C1FE02C9AEB
:10C21000DDF83C801278A8EB0708024032FA08F2F9
:10C2200005D015F80280079A02F8068002E0079A06
:10C2300002F806C00F9A974202D22744E04004E079
:10C240002C9A0027521C50462C92491C761C4945BA
:10C25000DDDB1D9880B10798BDF912201844BDF9A7
:10C260000C1080460B9B0DF0B1F98DF8640018B9E5
:10C2700040460B9912F058FCA9EB0B0081191C9851
:10C28000814205D2BDF81200401CADF812000EE04C
:10C2900002208DF8640015A91F980DF007FFBDF866
:10C2A0001200401CADF80E00ADF8120000261298E6
:10C2B0002C99384401EBD00100F0070701982C912C
:10C2C000401C0A99019088429ADBBDF90E10BDF915
:10C2D0001200814209D0401EADF8120002208DF8F4
:10C2E000640015A91F980DF0E1FE079812F0FCFA02
:10C2F00023B0BDE8F08F0000C776040870C10120AC
:10C30000980401202DE9F04F8346B1F902000C4654
:10C31000401E411000F001004618B2F90050B3F978
:10C32000000089B0854200DA2846ADF80000B2F975
:10C330000000B3F90030984200DC1846401EADF80A
:10C3400004005088801BADF8020050880844ADF806
:10C35000060069460846DBF80820F8F71CFD0028AF
:10C360001FD0E08818B1A08808B1012700E000279D
:10C37000012568460DF068F900B907B100251C21B8
:10C3800002A812F0D1FBCDF808D02088ADF810003B
:10C39000207A6E468DF8200035B102A958460DF07E
:10C3A00085FE09B0BDE8F08FBDF80410BDF90000AE
:10C3B000BDF90680091A491C0DB2BDF80210ADF88E
:10C3C00006104FF0000A47B1B4F90610B4F9042082
:10C3D000114490FBF1F201FB120A284612F038FAE0
:10C3E000079605908146BDF902603EE02946484621
:10C3F00012F0C8FBBDF900102B4632B248460DF0D2
:10C40000E5F88DF818000FB300B3002150460B4635
:10C4100017E000BFB4F90420824205DB121A114470
:10C42000104409B200B208E0B4F906C06244824286
:10C4300001DC002001E009F80130491C401C09B270
:10C4400000B2A942E6DB02208DF8180002A9584686
:10C450000DF02CFEBDF80200401CADF80200BDF846
:10C460000600401CADF80600761C4645BEDD484679
:10C4700012F03AFA95E700002DE9FF4FB2F90240B9
:10C48000B3F90250C5B0AC4208DA128864F31F4019
:10C4900062F30F0065F31F411A8807E01B8865F3FC
:10C4A0001F40128864F31F4163F30F0062F30F0112
:10C4B0000FFA81F904B20514A9EB04064FEA214AE8
:10C4C000AAEB05070391002E01DD314600E0714221
:10C4D000002F01DD384600E07842814201DD012075
:10C4E00000E0002015904698B0F90210159858B158
:10C4F000002F01DD384600E078424201002E01DDC8
:10C5000030460CE070420AE0002E01DD304600E0CB
:10C5100070424201002F01DD384600E0784292FB74
:10C52000F0F0AB4A105C10FB01F03F30C0114FEA55
:10C53000600800F0010202EB080B49464C4500DAA6
:10C540002146A1EB0001ADF8581001DD214600E0C5
:10C5500049460144ADF85C105146554500DA29467C
:10C56000A1EB0001ADF85A1001DD294600E051466B
:10C570000844ADF85E00459816A982680846F8F7A9
:10C580000AFC00287ED01598002100287BD0002EC0
:10C5900016DDAAEB080000B2CDE90001A5EB08000A
:10C5A00002B24B46214620A80DF0F2F80AEB0B0030
:10C5B000012100B2CDE900014B4605EB0B0015E06F
:10C5C0000AEB0B0000B2CDE9000105EB0B0002B253
:10C5D0004B46214620A80DF0DBF8AAEB080001210C
:10C5E00000B2CDE900014B46A5EB080002B221469E
:10C5F0000AA80DF0CDF8002120A80CF045FE1890F7
:10C6000000210AA80CF040FE159046984FF0FF3923
:10C61000C846407AC00623D4A819032100B2CDE948
:10C620000001E01B03B22A4621462BA80DF0B0F80A
:10C63000039902200A14911909B2CDE90010039858
:10C6400001B2C81B03B236A80DF0A2F800212BA836
:10C650000CF01AFE8146002136A80CF015FE80462B
:10C66000BDF85C00BDF85810401A401C04B2F9F740
:10C670000BFC0BF0F9FF054616A809F0FEFDA842D9
:10C6800006D201E0A1E027E016A809F0F6FD054674
:10C69000AA46284612F0DCF88346BDF95E70BDF864
:10C6A0005A00ADF85E0000255146584612F06AFA6D
:10C6B0001C2119A812F038FA16A919914698008879
:10C6C000ADF86C004698BDF95A60007A8DF87C0090
:10C6D000CDF870B01E9145E009EB0B00CDE900A14B
:10C6E00003B204EB0B0001B22A4620A80DF050F86B
:10C6F0000121A9EB0800CDE900A103B2A4EB0800D9
:10C7000001B22A4674E700BFBDF958100BEB0500D3
:10C71000234632B207900CF059FF8DF8740018B917
:10C720002146079812F000FA25442919514505D2EF
:10C73000BDF85E00401CADF85E0012E002208DF8EE
:10C74000740019A945980DF0B1FCBDF85E000025F4
:10C75000401CADF85A00ADF85E005146584612F044
:10C7600011FA761CBE42CFDDBDF95A10BDF95E004C
:10C77000814209D0401EADF85E0002208DF87400A1
:10C7800019A945980DF092FC584612F0ADF820A872
:10C790000CF03EFF0AA80CF03BFFB9F1FF3F02D0BE
:10C7A0002BA80CF035FFB8F1FF3F02D036A80CF0F3
:10C7B0002FFF18980DF060FA15980DF05DFA4846B5
:10C7C0000DF05AFA40460DF057FA49B0BDE8F08F27
:10C7D000C77704082DE9F04F8346B1F902000C46F3
:10C7E000401E411000F00100158889B00844281A45
:10C7F000ADF8000010880844ADF80400B2F902104A
:10C80000B3F90200814200DA0846ADF80200B2F93D
:10C810000200B3F90210884200DC0846401EADF861
:10C82000060069460846DBF80820F8F7B4FA002845
:10C830001FD0E08818B1A08808B1012600E00026CA
:10C84000012768460CF000FF00B906B100271C2143
:10C8500002A812F069F9CDF808D02088ADF81000D0
:10C86000207A6D468DF8200037B102A958460DF0A8
:10C870001DFC09B0BDE8F08FBDF80400BDF8001044
:10C88000BDF90670401A401C0FFA80F9BDF802008D
:10C89000ADF80600484611F0DBFF8246059007958B
:10C8A000002056B1B4F90600B4F904100844BDF9EB
:10C8B000021091FBF0F200FB12108046BDF902500D
:10C8C00031E04946504612F05DF9BDF900104B4683
:10C8D0002AB250460CF07AFE8DF81800A6B178B155
:10C8E000B4F90410414502DA00208DF81800B4F9BB
:10C8F0000600B4F904100144414501DC4FF0000882
:10C9000008F101000FFA80F802A958460DF0CEFB9D
:10C91000BDF80200401CADF80200BDF80600401C46
:10C92000ADF806006D1CBD42CBDD504611F0DCFFBA
:10C930009FE77CB505460EF05DFF446A28460EF081
:10C9400021FF626A0546816868461432F8F723FAC7
:10C95000002835D0AE68C5F808D094F83C008006B1
:10C9600021D5628FE08E824208D1212329462046BC
:10C97000FDF754FF2046628F21231DE02023294626
:10C980002046FDF74BFF2046628F20232946FDF706
:10C9900097FF2046E28E01232946FDF73FFF204600
:10C9A000E28E012308E02046628F20232946FDF70E
:10C9B00035FF628F204620232946FDF781FFAE60B8
:10C9C0007CBD00002DE9F04FD5B005460EF012FFFA
:10C9D0000446008E00287DD028460EF0D3FE4F90EE
:10C9E000608C49A940F008006084204613F082FC66
:10C9F0000025278C2584608CA94640F008012E462E
:10CA0000C846618433A80DF05BF941A80CF08CFB9B
:10CA10004FF4A02A33AA5146204614F0C5FF41AA7C
:10CA20005146204614F012FF608C002120F00800CF
:10CA300060842046278414F0D3FB539000212046C5
:10CA400014F0C0FA52900021204614F021FB5190BE
:10CA50000021204614F06AFB509020A84F9913F053
:10CA6000EFF9B548CDF8B4A0CDE9210812A824907B
:10CA70000AA8259054E1761CB6B2606AAFA150F8BE
:10CA80002600F3F783FC0028F5D0E06A30F81500A3
:10CA9000C0F30011002974D18846C0F3002109B108
:10CAA0004FF00108C0F3801010B148F0800014E08E
:10CAB000A08EA84212D1B80601D548F02008B807C8
:10CAC00001D548F00208780701D548F00408380776
:10CAD00004D500E02CE148F008008046A06A00EB95
:10CAE000C50103A809F093FBBDF80C10BDF82401A3
:10CAF000B8F1000F0144ADF80C10BDF80E20BDF8E0
:10CB000026110A44ADF80E20BDF810201044ADF8EF
:10CB10001000BDF812000844ADF8120026D0A4F8A9
:10CB20002080608C40F00801618412A80DF0C8F8E4
:10CB30000AA80CF0F9FA12AA5146204614F034FF64
:10CB40000AAA5146204614F081FE2784608C20F00A
:10CB500008016184E06A30F81500C0F3C0200028A5
:10CB60009DF845000ED040F001000DE0382233A9B9
:10CB700012A811F007FF202241A90AA811F002FF14
:10CB8000E8E7C9E020F001008DF8450003A82390F4
:10CB900020AA1A212E9520460EF030FE9DF86B003B
:10CBA0004108C9063CD520F03E001E308DF86B00D0
:10CBB000B4F914305199BDF90C2019448A4203D1BB
:10CBC00020F008008DF86B00B4F918205098BDF9DA
:10CBD0001010101A814205D19DF86B0020F0100052
:10CBE0008DF86B00B4F916205398BDF90E1010445F
:10CBF000814205D19DF86B0020F004008DF86B0098
:10CC0000B4F91A205298BDF91210101A814207D1B6
:10CC10009DF86B008108490061F345008DF86B00B9
:10CC2000BDF81210BDF90E00091A491C0FFA81FB5C
:10CC30005FEA886108D5E16A31F81510490503D526
:10CC4000A0EB0B00ADF80E0003AA12A94F980DF04F
:10CC500023F8606ABDF93C30BDF93A1050F826005F
:10CC60000890BDF82801BDF824C10A9AA0EB0C0079
:10CC7000401C00B2CDE900109DF845C0CDF808C0B9
:10CC800054A8089919F0ACF9BDF81010BDF80C00C3
:10CC9000BDF95031091A491C09B2C91A01EBD17109
:10CCA00000EB6100ADF80C00BDF81210BDF80EC02D
:10CCB000BDF95221A1EB0C01491C09B2891A01EB03
:10CCC000D1710CEB610109B21844ADF8100088185D
:10CCD00002B2ADF80E10ADF812205FEA88600ED5F2
:10CCE000E06A30F81500400509D50BEBDB70A1EBCD
:10CCF0006001A2EB6000ADF80E10ADF81200CDF8A7
:10CD0000009003AA0AA9089B4F980BF06DFF20AA78
:10CD10001B2120460EF072FD6D1C761CADB2B6B222
:10CD2000208EA8423FF6A9AE608C20F008006084F7
:10CD300055B0BDE8F08F0000ACAD04080A0000005B
:10CD40002DE9F04FA7B005460EF054FD04462846E5
:10CD50000EF018FD22900021204614F073F80546CD
:10CD600000211222204614F071FA28440FFA80FBA9
:10CD700000211322204614F069FA28440FFA80FAA1
:10CD80000021204614F038FA28440FFA80F918A838
:10CD90000CF0CAF918AA4FF40031204614F056FDE1
:10CDA000A06A08B1179009E0802011F051FD0546F6
:10CDB0000146802220460EF0AFFA179594F83C0009
:10CDC000002700F00F00012800D101272046002194
:10CDD000162214F03BFAC0B2012800D10127E06A04
:10CDE000002868D010F058F8804602280DD002A91B
:10CDF000E06A0FF0DDFD01281BD04FF0FF3635460D
:10CE0000E7B1A18A01EB0B001CE0BDF972009DF8AF
:10CE10007D2041F6FF718DE80700BDF97430189A46
:10CE200015A8E16A19F0DCF8BDF95460BDF9565057
:10CE3000E6E70298C0F38A26450DE1E7218BA1EBD6
:10CE40000A00801B711EADF814000844ADF81800EC
:10CE5000B8F1020F5DD0204613F085FA401BE18A3D
:10CE600000EBD07001EB6000ADF81600691E0844BD
:10CE7000ADF81A0011A80BF09DFE4FF4003811AA6E
:10CE80004146204614F08FFC06EBD6704010ADF8FA
:10CE9000480005EBD5704010ADF84A0020466E22E0
:10CEA000414614F0D3F9ADF8440005AA11A9E36A8C
:10CEB00022980BF04BFE09A80CF036F909AA0021C4
:10CEC000204614F0C3FCBDF936009DF8412041F620
:10CED000FF718DE80700BDF9383007A8099A179946
:10CEE00019F07EF8E18A01EB0900BDF81E10ADF8DB
:10CEF0000E000844ADF81200E06AE0B13FB3218BA8
:10CF0000A1EB0A00BDF81C10B0EB0100ADF80C005D
:10CF100024E0E18A6D1E01EB0900ADF816002844FB
:10CF2000ADF81A000020009005AA18A9E36A22981B
:10CF30000BF05AFEBFE7204614F05BFBBDF91C1056
:10CF4000A28A401A00EBD07002EB6000DEE7A18AF3
:10CF500001EB0B00BDF81C10ADF80C000844ADF857
:10CF600010000020009003AA09A9179B22980BF03B
:10CF70003BFEA06A002802D1179811F0B5FC27B03B
:10CF8000BDE8F08F2DE9F04798B005460EF032FC71
:10CF9000044628460EF0F6FB064609A9204613F083
:10CFA00047F994F848000025C10600D50125800600
:10CFB00001D545F002050021204614F043FAA0F502
:10CFC0001C51D13904D1608C000501D445F0040511
:10CFD0000BA80CF0A9F8B4F84400ADF84200B4F87E
:10CFE0004600ADF844008DF849500BAA00212046B8
:10CFF00014F02CFC9DF848004FF0010808B98DF89A
:10D000004880E06B0C90206C0D900C994FF6FF70EF
:10D0100081421ED00D9981421BD04FF480292746B2
:10D0200055224946204614F011F902464946384631
:10D03000F8F772FD0090BDF80000ADF83A00204608
:10D040002022494614F002F90090BDF80000ADF826
:10D050003C0094F8480041F6FF7A00F007000228EF
:10D0600001D003281ED19DF84800022801D00328D2
:10D0700018D1BDF93E10CDE9001A0295BDF9403036
:10D080000B9A16A8616A18F0ABFFBDF82800BDF82E
:10D090002410401A401CBDF9581000B2884201DA31
:10D0A0008DF8488094F8480004F1300700F007003C
:10D0B000032809D0BDF82A00BDF82610401A401CEC
:10D0C00000B2B0F5806F00DA002709A914A8B26891
:10D0D000F7F761FE00287DD094F8480040070BD197
:10D0E000204613F0D3FA404202B2002109A809F009
:10D0F000FDF8608BADF82A0094F848000DF1500956
:10D1000000F00700022813D0032811D0009709AAC5
:10D110000BA93046636A0BF067FDB068C6F808904B
:10D12000804694F8480000F0070003280FD05FE025
:10D13000D6F80880C6F80890009709AA0BA93046CF
:10D14000636A0BF051FD4046C6F80880E6E7BDF97A
:10D150003E10CDE9001A0295BDF940300B9A06A8A1
:10D16000616A18F03DFFBDF82800BDF82410401A90
:10D17000401CBDF9181000B2884219DA202211466D
:10D180000B980EF04FFCB4F84410BDF8182000EBDB
:10D19000400011440844ADF84200B4F84600ADF830
:10D1A0004400009709AA0BA93046636A0BF01CFDE6
:10D1B000BDF82A00BDF82610401A401C01B2BDF986
:10D1C0001A00814214DAB4F84410ADF842100B99F9
:10D1D000098900E00EE0B4F84620009710440844A6
:10D1E000ADF8440009AA0BA93046636A0BF0FCFCB9
:10D1F000C6F8088018B0BDE8F0872DE9F04397B075
:10D2000007460EF0B9FA054638460EF0F3FA044622
:10D210004FF48026152D7ED0182D7DD138460EF086
:10D22000B1FA054607A80BF07FFF07AA3146204652
:10D2300014F00CFB13A9204605F0CAFA13AA15A88E
:10D24000A968F7F7A8FD002866D0204605F025F864
:10D25000814610F02FFC28B19DF8390040F0010004
:10D260008DF83900204614F0C4F90646484610F0FF
:10D2700026FC0146BDF92E000222CDE900060292ED
:10D28000BDF9303005A8079A18F0AAFE204613F021
:10D290006AF8B4F9161000EBD076B9F9160001EB74
:10D2A0006601471A484613F05EF8B90391FBF0F7A0
:10D2B0000021204614F05DF80799B0F90800B1F993
:10D2C0000810081A00EBD070BDF816104010091AAB
:10D2D00009B2ADF81610E28A794302EB660202EB5E
:10D2E000A1310F1A0021204613F0B2FD80462046DE
:10D2F0000021122213F0AAFF064620460021132225
:10D3000013F0A4FFA28A06EB08011144ADF8401007
:10D31000ADF8427001E023E01FE0218B081AA0EB7A
:10D320000800ADF84400BDF816003844ADF84600DA
:10D330009DF8390040F002008DF8390015A8AC685E
:10D34000A860484610F0BBFB03460020009010AADE
:10D3500007A928460BF048FCAC6017B0BDE8F08385
:10D3600038460EF00FFA054610A9204605F030FAAF
:10D3700068460CF0A5FC6A463146204614F014FBC2
:10D3800010AA694628460CF087FCE6E72DE9F04331
:10D39000ABB005460EF02EFA044628460EF0F2F920
:10D3A00081460021204613F085FE074600212046D5
:10D3B00013F0CEFE06460021204613F029FF054655
:10D3C0000021204613F010FEA18AE28AADF88A20DF
:10D3D000238BADF88C30B4F81AC03944ADF88810FE
:10D3E000991BADF88C10ACEB00005119ADF88E0014
:10D3F000ADF88A1006A80CF063FC06AA4FF40031C1
:10D40000204614F0D1FA22AA06A948460CF044FCA2
:10D41000204612F0A8FF0546208BA18A411A491C1C
:10D42000481B06B2606A411C06D07043C11700EB6E
:10D43000116040F30F2708E0204613F087FC10F03E
:10D44000010F01D0374600E00027204600211622B8
:10D4500013F0FCFEC0B2012801D1F01B07B2A08A74
:10D460003844ADF800002844ADF80400E08AADF877
:10D470000200608BADF806004FF440373946204675
:10D4800013F018FE06463946204613F061FE80462A
:10D490003946204613F0BCFE05463946204613F0B7
:10D4A000A3FDBDF80010BDF80420891BADF80010E5
:10D4B00002EB0801ADF80410BDF80210491BADF8ED
:10D4C0000210BDF806100844ADF8060014A80CF0D0
:10D4D000F7FB14AA3946204614F066FA6A4614A9E6
:10D4E00048460CF0D9FB2BB0BDE8F0832DE9F04F96
:10D4F000E1B005460EF07EF9044628460EF042F9EA
:10D500008246826804F1140130A8F7F744FC002831
:10D510007ED0DAF808000F9030A8CAF8080020463C
:10D520000021322213F092FE00B2579000212046D3
:10D5300013F074FE5B900021204613F05BFD5D90BC
:10D540000021204613F0BCFD5A900021204613F024
:10D5500005FE5990208C002609902684608C40F0AE
:10D560000800608422A80CF0ABFB4FF4A02522AA8F
:10D570002946204614F018FA32A80BF0D5FD32AA3D
:10D580002946204614F062F909982084608C00270F
:10D5900020F008006084204613F086F80146E28AF5
:10D5A0005B981044411A57980844401EADF8160085
:10D5B000204613F072F858900021204613F0FDFB2E
:10D5C000012800D000208346514642A812F038FCC2
:10D5D0004FF4A0204F90EB4843900020449014A8B3
:10D5E00046903AA84790002089E0E06A30F9191087
:10D5F000BDF816005491401C00B2491E0144ADF81C
:10D600001200ADF81610BDF9C61088427CDC00E0AF
:10D610007DE0BBF1000F0AD0218B5998091A589868
:10D62000091A5798081A401EADF8100009E0A18A9F
:10D630005A9801445898091A57980844401EADF862
:10D640001400002555E000205590A06A50F82700EE
:10D6500008B100785590BBF1000F0CD0BDF8100058
:10D66000401EADF81400216B31F81510401A401C13
:10D67000ADF810000BE0BDF81400401CADF8100030
:10D68000216B31F815100844401EADF81400002637
:10D690001DE0A06AB91950F82100E8B10078C00770
:10D6A0001AD0206BA919022202EB4101405EBBF1A6
:10D6B000000F05D0BDF81010081AADF8100004E0F6
:10D6C000BDF814100844ADF81400761CB6B2A08C56
:10D6D0007119401E8142DCDBBDF91600BDF9C21094
:10D6E000884217DAB819401C87B2A81980B2401CCA
:10D6F00085B2A08CA842A6D809F1010080B2E18CC5
:10D70000814649453FF671AF0F99CAF8081061B0DC
:10D71000BDE8F08FBDF91020ADF82820BDF91280CA
:10D72000ADF82A80BDF91410ADF82C10ADF82E001C
:10D7300086469DF8AB00C0F3440043070DD5B4F90D
:10D7400014C05A9B63449A4207DDBDF9A83003EB2D
:10D75000D373A2EB6302ADF8282082070DD5B4F98C
:10D7600016305B9A1A44904507DDBDF9A82002EBFC
:10D77000D272A8EB6202ADF82A20020711D5B4F9E3
:10D780001830599A9A1A521E91420ADABDF9A82005
:10D7900002F0010302EBD27203EB62021144ADF816
:10D7A0002C10C00712D0B4F91A205D98101A401E30
:10D7B00086450BDABDF9A80000F0010100EBD0703E
:10D7C00001EB600101EB0E00ADF82E00E28E0021AE
:10D7D0004A457DD1A08EA8427AD1208C420602D43F
:10D7E000820600D52021820701D541F002014207BF
:10D7F00001D541F00401000701D541F008010029DD
:10D8000066D02184608C40F00801618414A80CF07B
:10D8100057FA3AA80BF088FC4FF4A02814AA414606
:10D82000204614F0C1F83AAA4146204614F00EF8FA
:10D8300009982084608C20F0080161840AA8459032
:10D84000A18C42AA09FB015050901A2120460DF0EC
:10D85000D5FF0AAA14A950460CF01EFAA06A50F887
:10D86000270000287ED04FF4A0284146204613F020
:10D8700027FC0C904146204613F070FC1290414664
:10D88000204613F0CBFC02904146204613F0B2FB39
:10D89000BDF810300C9ABDF812C01A440FFA82F885
:10D8A000BDF81430129AADF840809A1A13B2ADF850
:10D8B0004430029A01466244ADF84220BDF8162079
:10D8C0000020511AADF846105599C1F3400100E00F
:10D8D00018E05E9101B10220A3EB0801491CBDF9DB
:10D8E000FA2009B20092CDE90110A06ABDF9FC301E
:10D8F000329A50F827105CA8083118F071FB5E9836
:10D9000058B11FE0382222A914A811F03BF82022B8
:10D9100032A93AA811F036F890E75498BDF81210E1
:10D92000BDF9722100EBD07001EB600302EBD27203
:10D93000401000EB6200A3EB62030844ADF84230F4
:10D94000ADF8460004AA30A95FA8F7F724FA48B159
:10D950005FA90020CAF808100090A06A10AA50F829
:10D96000273000E007E03AA9504608330BF03CF9B5
:10D9700030A9CAF8081042AA1B2120460DF03EFF2C
:10D98000B0E60000E0AE04082DE9F74F80460446FB
:10D9900090881188A8B0401A401C00B200EBD070EB
:10D9A00046108819ADF85C0050883044ADF85E0030
:10D9B00020A80BF04AFC4FF4A02520AA2946404697
:10D9C00013F094FF1AA80BF0F5F81AAA294640465E
:10D9D00013F0E9FE0021404613F09AFA834602A8AC
:10D9E000299912F02DFA634803904FF4003017AFD5
:10D9F0000F900B9704F130002490F7F799FFB2E0F5
:10DA0000256813942079012801D0A0B3A7E0B5F9C7
:10DA10002030E88B18440090D5E90512E06810F03A
:10DA2000CBFEA98B628A00B211448D19814618F091
:10DA300013FA10FB05F147F6FF7A91FBFAF0BDF8F7
:10DA40005E100844ADF89A00484618F000FA10FB42
:10DA500005F191FBFAF0BDF85C100844ADF89800B0
:10DA6000A08AADF88000208AADF882006079FD2898
:10DA700002D9584603E017E010FB0BF0000A8DF8BE
:10DA800088000120049020A8089026A8CDE90B70FA
:10DA900002AA1A2140460DF0B1FE26AB20A90B9A2E
:10DAA00029980BF0C5FB55E02069E0B3B5F92030AB
:10DAB000E88B18440090D5E90512E06810F07CFE70
:10DAC000054625A920690EF073FFBDF85C00A18A08
:10DAD000421AADF85420BDF85E00E18A401A25993B
:10DAE000ADF85600C1F38A235B1E1A44ADF85820E6
:10DAF0004FF0FF3202EB51510844ADF85A00607903
:10DB0000FD2801D9584602E010FB0BF0000A8DF801
:10DB10007300A08AADF86C00E08AADF86E0005EBEA
:10DB20008500400000E01AE0B0F5616F01DDA0F56E
:10DB30006160ADF86800022004901AA8099002AA5A
:10DB40001A2140460DF05AFE15AA1AA923692998F0
:10DB50000AF0FCFF02AA1B2140460DF04FFE2146B1
:10DB60002498F7F7E2FE04007FF44AAF2BB0BDE83B
:10DB7000F08F0000A4B4040830B5054691F82A00DF
:10DB800089B00C4602285FD9E08C00285CD0114691
:10DB900004A808F00FFB208DBDF81010401E091AD4
:10DBA000ADF81010BDF81210091AADF81210BDF83A
:10DBB00014100144ADF81410BDF816100844ADF867
:10DBC000160004A906A808F0F5FABDF81810E08CB4
:10DBD000BDF81220091AADF81810BDF81C10084441
:10DBE000ADF81C00BDF81A00E18C401AADF81A001F
:10DBF000BDF81E00E18C0844ADF81E00BDF814000D
:10DC0000BDF81010401ABDF81610401C891A491CA6
:10DC100000B209B2B4F90020884200DA0146B2EB42
:10DC2000610F00DD4A10E08CA178104403B294F833
:10DC30002A00CDE90201A08CADF80400009204AAEC
:10DC400006A92846FCF71CFB09B030BDF8B5044610
:10DC50000DF0D0FD064620460DF0CAFD0446406B8F
:10DC6000B0F5A02F51D1A06B0025072805D220695F
:10DC7000C570206980F8225012E081B240223046FF
:10DC800009F060F860B12069C570206980F8225001
:10DC9000122015F0F7FA00906069BDF8001081813C
:10DCA000208F4FF4004281B2304609F04BF898B112
:10DCB00021696620C870304617F05AFE009020692E
:10DCC000BDF800108180304609F03AF8A16B884217
:10DCD00002D12169B220C870208F4FF4804281B2F6
:10DCE000304609F02FF800280FD02169FF2081F875
:10DCF0002200304617F03CFE00902069BDF800106D
:10DD0000C1832169088C401C0884F8BD2DE9F041CD
:10DD10008CB005460DF06EFD044628460DF032FD30
:10DD20008046606A0FF0CBFE007800283BD1A06AE5
:10DD3000002838D00078002835D001A80BF0F4F97D
:10DD400001AA4FF40021204613F080FD94F86000F2
:10DD5000000705D59DF8210040F002008DF8210054
:10DD60000021204613F0B2F907460021204613F0A7
:10DD70005BFA06460021204613F070F8054604F1D0
:10DD8000140109A808F05EFA701902B2781901B2FC
:10DD900009A808F0ABFA0020009009AA01A94046A2
:10DDA000A36A0AF021FF0CB0BDE8F0817CB50446FF
:10DDB000806961896D468668A08961B1002865D057
:10DDC000814203D12289E3889A427CD302297BD005
:10DDD00003297AD0AFE010BBE088218988421ED2A7
:10DDE000B4F9060018F038F8B4F90410B4F90E20AC
:10DDF000891A48432168498801EBE030ADF80200F8
:10DE0000E0885A3000B218F027F8A18810FB01F022
:10DE10002168098801EBE030ADF8040040E020689B
:10DE20000088ADF800002068A18840880844ADF85B
:10DE30000600B4F9060018F00FF8B4F90410B4F9AC
:10DE40000E20891A48432168498801EBE030ADF87B
:10DE50000200E0885A3000B217F0FEFFA18810FBE4
:10DE600001F021683246098801EBE030ADF804008A
:10DE700069460846F6F78FFF30B1A0698560D4E99E
:10DE8000052021690BF008FFA08970BB2068A188DC
:10DE900000880844ADF8040020684088ADF802000E
:10DEA000B4F9080017F0D8FFA18810FB01F0216831
:10DEB000498801EBE030ADF8060020895A3000B205
:10DEC00017F0CAFF02E015E012E00FE0B4F9041009
:10DED000B4F90E20891A484321683246098801EBBB
:10DEE000E030ADF8000069461AE024E0022801D0D5
:10DEF000012820D1206832460088ADF80000206853
:10DF00004088ADF802002068A18800880844ADF878
:10DF100004002068A18840880844ADF8060029461E
:10DF20000846F6F738FF30B1A0698560D4E90520CE
:10DF300021690BF0B1FEA06986607CBD7CB504460A
:10DF4000806961896D468668A08901290CD0012805
:10DF500067D0814203D12289E3889A427ED3002987
:10DF60007DD003297CD0B5E0012822D1E088218929
:10DF700088421ED2B4F9060017F06EFFA18810FB8C
:10DF800001F02168498801EBE030ADF80600E08837
:10DF90005A3000B217F060FFB4F90410B4F90E2043
:10DFA000891A48432168098801EBE030ADF8040084
:10DFB00042E02068A1880088401AADF8000020687F
:10DFC0004088ADF80200B4F9060017F045FFA188BB
:10DFD00010FB01F02168498801EBE030ADF8060044
:10DFE000E0885A3000B217F037FFB4F90410B4F9E2
:10DFF0000E20891A484321683246098801EBE03037
:10E00000ADF8040069460846F6F7C5FE30B1A069D0
:10E010008560D4E9052021690BF03EFEA089012826
:10E0200058D120680088401EADF804002068A188FF
:10E0300040880844ADF80600B4F9080017F00CFF5A
:10E04000B4F90410B4F90E20891A484321684988AC
:10E0500001EBE030ADF80200208902E018E010E0AA
:10E0600014E05A3000B217F0F7FEA18810FB01F05F
:10E0700021683246098801EBE030ADF800006946BE
:10E080001DE0022804D0032802D023E0022821D179
:10E090002068A18832460088401AADF80000206848
:10E0A0004088ADF8020020680088401EADF80400EA
:10E0B0002068A18840880844ADF806002946084633
:10E0C000F6F769FE30B1A0698560D4E905202169C1
:10E0D0000BF0E2FDA06986607CBD7CB504468069DA
:10E0E00061896D468668A08902290CD002287ED0FD
:10E0F000814203D12289E3889A4279D3002978D0DA
:10E10000012977D0D4E002283FD1E08821898842D4
:10E110003BD25A3000B217F09FFEA18810FB01F0ED
:10E120002168098801EBE030ADF80000B4F9060081
:10E1300017F092FEB4F90410B4F90E20891A48437E
:10E140002168498801EBE030ADF80600B4F9080019
:10E1500017F082FEA18810FB01F02168498801EBCD
:10E16000E030ADF8020020895A3000B217F074FE9A
:10E17000B4F90410B4F90E20891A484321680988BB
:10E1800001EBE030ADF8040066E020680088401E36
:10E19000ADF804002068A1884088401AADF802005C
:10E1A000E0885A3000B217F057FEA18810FB01F04A
:10E1B0002168098801EBE030ADF80000B4F90600F1
:10E1C00017F04AFEB4F90410B4F90E20891A484336
:10E1D00021683246498801EBE030ADF80600694617
:10E1E0000846F6F7D8FD58B1A069856003E00AE05B
:10E1F0003BE034E036E0D4E9052021690BF04CFD2A
:10E20000A089022854D12068A1880088401AADF85E
:10E21000000020684088401EADF8060020895A3072
:10E2200000B217F019FEB4F90410B4F90E20891ADF
:10E2300048432168098801EBE030ADF80400B4F9E7
:10E24000080017F009FEA18810FB01F02168498839
:10E2500001EBE030ADF80200324669461DE00328CC
:10E2600003D025E0032800D010BB2068A1883246E7
:10E270000088401AADF800002068A1884088401A44
:10E28000ADF80200206829460088401EADF8040061
:10E2900020684088401EADF806000846F6F77BFD72
:10E2A00030B1A0698560D4E9052021690BF0F4FC48
:10E2B000A06986607CBD7CB50446806961896D4635
:10E2C0008668A08903290ED0032867D0814203D134
:10E2D0002289E3889A427ED302297DD001297CD00D
:10E2E00002297BD0B1E003281FD1E0882189884230
:10E2F0001BD25A3000B217F0AFFDB4F90410B4F9D4
:10E300000E20891A48432168098801EBE030ADF8F6
:10E310000000B4F9060017F09FFDA18810FB01F082
:10E320002168498801EBE03040E02068A18800883E
:10E330000844ADF8040020684088401EADF806008F
:10E34000E0885A3000B217F087FDB4F90410B4F930
:10E350000E20891A48432168098801EBE030ADF8A6
:10E360000000B4F9060017F077FDA18810FB01F05A
:10E3700021683246498801EBE030ADF80200694679
:10E380000846F6F708FD30B1A0698560D4E905209C
:10E3900021690BF081FCA089032856D120680088F0
:10E3A000ADF800002068A1884088401AADF802004E
:10E3B00020895A3000B217F04FFDA18810FB01F000
:10E3C0002168098801EBE030ADF80400B4F90800D9
:10E3D00017F042FD03E016E010E013E00FE0B4F99F
:10E3E0000410B4F90E20891A48432168324649883E
:10E3F00001EBE030ADF8060069461BE018B10128DA
:10E4000001D022E008BB206832460088ADF8000049
:10E410002068A1884088401AADF802002068A188D1
:10E4200000880844ADF80400206829464088401E52
:10E43000ADF806000846F6F7AEFC30B1A06985607D
:10E44000D4E9052021690BF027FCA06986607CBD1A
:10E4500070B5A4B00C46054620AA22A912F02BF9EB
:10E4600022A807F00AFF20B920A807F006FF00281D
:10E470003ED012A928461CF03AFA012838D121468C
:10E48000684611F0DDFC1B4801900220029012A8A2
:10E4900004904FF480300D9022A807F0EEFE80B17A
:10E4A00022A803906A461A2128460DF0A7F922AA4D
:10E4B00012A920460BF0F0FB6A461B2128460DF0FE
:10E4C0009DF920A807F0D9FE002811D020AE6A4699
:10E4D0001A21284603960DF091F920AA12A9204688
:10E4E00003960BF0D9FB6A461B2128460DF086F9EE
:10E4F00024B070BD34AD04082DE9F04F88468A6819
:10E50000B5B0044600F1140125A8F6F744FC002834
:10E510007ED0D8F80800309025A9C8F8081000214E
:10E52000204612F0D9FD06460021204612F082FE58
:10E530002990204611F0C4FEB4F88410484340F3FB
:10E540000F2B204611F0A2FEB4F88610484340F38A
:10E550000F20289004F124002790F7F7D4F90546FE
:10E560000021204612F070FDB4F884104FF4A02969
:10E570004843B4F882100212C1F1010303FB02B058
:10E5800090FBF1F00FFA80FA4946204612F05CFD4C
:10E59000B4F88410C5F1010248430012219002FB37
:10E5A00000A0B0FBF5F007B2012F00DA012700212F
:10E5B000204612F059FC0546204611F09BFF301A08
:10E5C000284400B23190204612F060F82999081AC8
:10E5D000284400B2329012A80BF072FB12AA4D46EA
:10E5E0004946204613F0E0F99DF8570020F0070057
:10E5F0008DF85700FF208DF84B00608BBDF8481058
:10E600000844ADF8AE004146684611F019FC00E040
:10E610008AE04748019004200D95002602907BE097
:10E62000ABEB0A017143401E91FBF0F131980144BC
:10E63000A08A0E9608440FFA80F92798F7F778F920
:10E6400066E0287BC0075FD12946204609F02CF8F8
:10E650007A1E4A4412B2ADF8AC20219B01B23B4471
:10E660004846ADF8A89003440FFA83F9BDF99430F9
:10E670009A4249DBBDF9982090424BDC2889ADF8DD
:10E680004C008819B4F88210DDF8A0C090FBF1F2BC
:10E6900001FB12002A7B6968C2F3001304EB4302FA
:10E6A00000B232F96C3F31F91010B2F90420C91AE6
:10E6B00001FB0CF1D21A91FBF2F1ACEB01023299A1
:10E6C000E38A11441944ADF8AA10696831F91010B1
:10E6D000A1F5FE42FF3A17D02AA9039112A911957C
:10E6E000049169686A4631F9100010901A21204699
:10E6F0000DF084F82AAA12A940460BF0CDFA6A461A
:10E700001B2120460DF07AF829462798F7F70DF9D6
:10E71000050096D1761CB6B2B4F88200B0423FF63E
:10E720007FAF3098C8F8080035B0BDE8F08F000022
:10E730006CAF04082DE9F04F89468A6800F1140196
:10E74000C1B005460F463CA8F6F725FB00287DD052
:10E750003CA9D9F808A0C9F80810B5F88200022829
:10E7600074D30021284612F07FFB0446002128467E
:10E7700012F0B2FC06190021284612F05BFD044499
:10E78000284611F09DFDB5F88410484340F30F2052
:10E790000F90284611F07AFDB5F88610484340F3F3
:10E7A0000F200990284611F0A5FE0146A88A3044A2
:10E7B000401A00B23990284611F068FFE98A2144D6
:10E7C000081A00B23A9039463EA8D9F80820F6F760
:10E7D000E2FA00283AD027A80AF037FD27AA4FF41A
:10E7E000A021284613F082F82AA80BF069FA4FF40A
:10E7F00000342AAA2146284613F0D6F82146284696
:10E8000012F032FE00EBD07047102146284612F07D
:10E8100055FB00EBD07041108B46BDF99E005F4563
:10E8200001DA3A4600E00A4600EBD071B2EB610F24
:10E8300005DD9DF8A51041F010018DF8A510012807
:10E8400007D19DF8A50040F0100000E086E18DF8AA
:10E85000A500B5F882100F98814201DB012000E08D
:10E8600000203B9005F124003890F7F761F870E143
:10E87000207BC0077ED12089ADF89C002089ADF8AF
:10E88000AC002146284608F00FFF00B20C903998E2
:10E89000ADF81800ADF808000C9805901390616869
:10E8A000099B31F91000217BC1F3001205EB4201F5
:10E8B00031F96C2FB1F90410801A5843891A90FB72
:10E8C000F1F0191A3A980844ADF80A00494614A81C
:10E8D00011F0B6FAA3481590032016904FF4A0202B
:10E8E000219027A81A902AA825941890BDF90A000B
:10E8F000039000260790E9E0BDF90810ADF8181064
:10E90000BDF80A00ADF81A00BAF90420781C1044CA
:10E9100081427BDC0F98B5F882207043531E90FB38
:10E92000F3F33998184400B2ADF808000C9B334457
:10E9300093FBF2FC02FB1C3212B205926368DDF815
:10E9400024C033F91220237BC3F3001305EB4303E8
:10E95000B3F96C80B3F97030A2EB080202FB0CF241
:10E96000A3EB080392FBF3F2ACEB02033A9A1A44CE
:10E9700012B200E0E9E0ADF80A209046BAF90020B2
:10E98000D21B521E90423FDB002E3DD03B9AE2B399
:10E990006368139A33F912C047F6FF72944533D077
:10E9A000DDF814C033F91C3093422DD0079B9845F5
:10E9B00001DA1A4600E04246039B0792984501DDC2
:10E9C0001A4600E04246039281427BD0401EADF8D9
:10E9D0001800ADF808000798ADF81A20ADF80A0045
:10E9E000824202D1401CADF80A0002AB06AA27A958
:10E9F00048460AF01DFCBDF80800CDF80C80401C0C
:10EA0000ADF80800CDF81C805CE000E063E0BDF8E4
:10EA10001800C11B3844ADF83800BDF81A00ADF835
:10EA20003410A0EB0B015844ADF83A00701E229050
:10EA3000ADF836106168139831F9101047F6FF7081
:10EA4000814201D006A900E000211D91626805996C
:10EA5000804632F91110414501D002A800E00020A3
:10EA60001E900DA817906168139814AA31F9100030
:10EA700024901A2128460CF0C1FE6068139930F9E1
:10EA8000112042450AD0059930F91110414505D0B1
:10EA900002AB06AA27A948460AF0CAFB6FB1BBF130
:10EAA000000F0AD06168139831F91010414504D065
:10EAB0000DAA2AA948460BF0EFF814AA1B212846F4
:10EAC0000CF09CFE0598761CB6B21390B5F8820047
:10EAD000B0423FF611AF3B98B8BBB5F88200B042E8
:10EAE00033D16168059831F91010A1F5FE40FF3867
:10EAF0002BD0BDF80800761EC11B3844ADF830108D
:10EB0000ADF83400BDF80A0014AAA0EB0B0158447C
:10EB1000ADF8360000201D901E900CA81790ADF89F
:10EB2000321022966168059831F9100024901A215C
:10EB300028460CF063FE0CAA2AA948460BF0ACF854
:10EB400014AA1B2128460CF059FE21463898F6F7E6
:10EB5000ECFE04007FF48CAEC9F808A041B0BDE81B
:10EB6000F08F00006CAF04082DE9F04F8A468A68E8
:10EB7000B9B0054600F1140137A8F6F70CF90028E2
:10EB80007BD0DAF80800349037A9CAF808100021C1
:10EB9000284612F069F904460021284612F09CFA32
:10EBA00006460021284612F045FB0746284611F08C
:10EBB00087FBB5F88410484340F30F203390284674
:10EBC00011F064FBB5F88610484340F30F20249001
:10EBD000284611F08FFCA98A32191144081A00B294
:10EBE0002590284611F052FD0146E88A3A19104452
:10EBF000401A00B228902CA80AF027FB2CAA4FF448
:10EC0000A021284612F072FE16A80BF059F84FF416
:10EC1000003416AA2146284612F0C6FE2146284690
:10EC200012F022FC00EBD0704FEA60092146284622
:10EC300012F044F900EBD07043109846BDF9B200D1
:10EC40004A46C14500DB1A4600EBD071B2EB610FBA
:10EC500005DD9DF8B91041F010018DF8B9100128BB
:10EC600005D19DF8B90040F010008DF8B90005F10C
:10EC700024002A90F6F75CFE3EE143E1207BC007CA
:10EC80007ED12089ADF8B0002089ADF85C00214626
:10EC9000284608F009FD06B22598ADF8D800299657
:10ECA000ADF89C006068B34630F816000A282CD0F6
:10ECB000339800902068002330F91670207BC0F351
:10ECC000C00105EB4100B0F97820B0F97410384666
:10ECD0000FF072FD259900230844ADF89C0024989C
:10ECE0000090606830F91670207BC0F3001105EBCE
:10ECF0004100B0F97020B0F96C1038460FF05CFD9F
:10ED00002499081A2899084402E08048ADF89C002C
:10ED1000ADF89E00514602A811F092F84FF4A020E1
:10ED20000F907B480390032004902CA8089016A80D
:10ED30000027139406909FE0BDF89C00ADF8D80022
:10ED4000BDF89E00ADF8DA002998B5F88220C11907
:10ED500091FBF2F002FB101006B2606830F9160069
:10ED6000A0F5FE41FF3969D024990091217BC1F3C0
:10ED7000001205EB4201B1F97020B1F96C1000E00E
:10ED8000B6E000230FF018FD24990023081A2899F3
:10ED90000844ADF89E0033980090217B2068C1F3B1
:10EDA000C00105EB410130F91600B1F97820B1F945
:10EDB00074100FF001FD25990844ADF89C00EFB3E5
:10EDC000BDF8D800A0EB0901ADF8BC104844BDF86F
:10EDD000DA10ADF8C000A1EB0800ADF8BE0001EB01
:10EDE0000800ADF8C200781E1090616831F91B1060
:10EDF000A1F5FE40FF3801D036A900E000210B91BB
:10EE0000616831F91610A1F5FE40FF3801D027A83E
:10EE100000E000200C902FA80590616802AA31F94B
:10EE20001B0012901A2128460CF0E8FC616847F696
:10EE3000FF7031F91B20824216D000E019E031F951
:10EE40001610814210D027AB36AA2CA950460AF0E2
:10EE5000EFF9B9F1000F07D0B8F1000F04D02FAAD5
:10EE600016A950460AF018FF02AA1B2128460CF0EA
:10EE7000C5FC7F1CB346BFB2B5F88200B8423FF66E
:10EE80005BAFB5F88200B84232D1606830F9161035
:10EE9000A1F5FE40FF382BD0BDF89C007F1EA0EBF3
:10EEA00009014844ADF8C000BDF89E00ADF8BC10A3
:10EEB000A0EB08014044ADF8C2000020ADF8BE1040
:10EEC0000B900C902FA810970590606802AA1A2149
:10EED00030F91600129028460CF090FC2FAA16A9C3
:10EEE00050460AF0D9FE02AA1B2128460CF086FCE7
:10EEF00021462A98F6F719FD04007FF4BFAE349935
:10EF0000CAF8081039B0BDE8F08F000001E0FFFF3B
:10EF10006CAF04082DE9F74FB1F92E00AAB01446E2
:10EF20000E46002872D096F8361002296ED90128B4
:10EF300008D1B6F93400002804DC308E10B9708E88
:10EF40000028EFD02088318E4218B08E151AADF807
:10EF50002850A28811440B18ADF82C306088718EAF
:10EF60000844B18E421AADF82A20E088718E084418
:10EF7000B18E0144ADF82E10B6F92E0000EBD07022
:10EF8000A5EB60056D1EADF84C50012505EB60004A
:10EF90001844ADF85000B6F92E0000EBD070A2EB8B
:10EFA0006000401EADF84E00B6F92E0000EBD070A8
:10EFB00005EB60000844ADF8520096F83600299041
:10EFC000FD2801D9FF2029902A9813A9826827A833
:10EFD000F5F7E1FE0028A5D021461DA807F0EAF8C4
:10EFE0004FF0FF38414642461DA807F072F9B6F9C6
:10EFF00000901DA807F055F904461DA807F02BF94D
:10F0000084421DA803DA07F04CF902E0FEE307F0A2
:10F0100022F9B9EB600F01DD4FEA6009B6F9004053
:10F020000AA807F03EF905460AA807F014F9854238
:10F030000AA802DA07F035F901E007F00CF9B4EBA1
:10F04000600F00DD4410B6F92E00051905FB05F030
:10F0500040000FF0FDFB10900146B6F92E2023462C
:10F060000AA81BF071FD13A80AF0EEFA012720B9D7
:10F07000F078FF2801D3B07860B1002701234A4619
:10F080001DA920A80AF04CFD002120A80AF0FCF8D8
:10F09000269001E0CDF8988013A807F002F90FF050
:10F0A000D7FB83461C2115A80FF03EFDCDF854D0A8
:10F0B000CDF860B0CDF868D0B08DADF85C0096F8B2
:10F0C00036008DF86C00B0788DF86D00BDF85000FA
:10F0D000BDF84C20ADF80400811A491C09B201EBBF
:10F0E000D17102EB61010FFA81FABDF85220BDF82F
:10F0F0004E10401B521A521C12B202EBD27201EB9C
:10F100006202401C14B200B26A1EADF80000ADF8F5
:10F110000210114409B20992ADF80610524650454A
:10F1200000DC1046ADF80000A14200DB21462A9821
:10F13000ADF806106946826806A8F5F72CFED0B334
:10F140004A461DA906A8F5F74EFEA0BBBDF81C0057
:10F15000BDF91810BDF91A20401A401C00B20890E1
:10F16000BDF94E301098D21A02FB0500BDF95020AF
:10F17000521B891A0844401E059047B14A461DA9F2
:10F1800006A8F5F7A0FE10B101200F9000E00F9740
:10F190000898002827DDBDF81800ADF80000BDF87C
:10F1A0001C00ADF804000220CDF860B08DF86400BA
:10F1B000BDF91A8013E016E0ADF802800F98ADF8A3
:10F1C000068070B30598189015A92A980AF06EFF6A
:10F1D00005982844059008F101000FFA80F8BDF960
:10F1E0001E104145E8DABDF85000ADF80400401BA0
:10F1F000401C00B2ADF80000BDF85220ADF806206A
:10F20000511B491C09B2ADF802105246504500DCB2
:10F210001046ADF80000601C1190814216DD0846D2
:10F2200015E0FFE72A46584605990FF0ABFBBDF9FC
:10F23000181042465846089B0AF0C8F98DF8640039
:10F240000128C1D102208DF86400BDE7601CADF833
:10F2500002002A986946826806A8F5F79CFDD0B39B
:10F260004A461DA906A8F5F7BEFDA0BBBDF81C00C7
:10F27000BDF91810BDF90620401A401C00B20890D4
:10F28000BDF91E301098D21A02FB0500BDF95020BE
:10F29000521B891A0844401E059047B14A461DA9D1
:10F2A00006A8F5F710FE10B101200F9000E00F97AF
:10F2B0000898002827DDBDF81800ADF80000BDF85B
:10F2C0001C00ADF804000220CDF860B08DF8640099
:10F2D000BDF91E8013E016E0ADF802800F98ADF87E
:10F2E0000680B0B30598189015A92A980AF0DEFE9A
:10F2F000059828440590A8F101000FFA80F8BDF99F
:10F300001A104145E8DDBDF84C0009992844ADF8D4
:10F310000000BDF85000401BADF80400BDF84E00E1
:10F32000ADF80200084400B2ADF80600A04200DBD0
:10F330002046ADF806002A986946826806A8F5F7C7
:10F340002AFDB0B34A461DA906A8F5F74CFDA8B1A1
:10F350007CE0FFE72A46584605990FF013FBBDF9FC
:10F36000181042465846089B0AF030F98DF86400A0
:10F370000128B9D102208DF86400B5E7BDF81C0062
:10F38000BDF81810BDF90220401A401C00B20890C8
:10F39000BDF91A101098891A01FB050005904FB1AC
:10F3A0004A461DA906A8F5F78EFD18B101200F9059
:10F3B00001E04BE00F970898002847DD0F9860B1F7
:10F3C00000201890BDF81800ADF80000BDF81C0032
:10F3D000ADF80400BDF91A0033E0CDF860B0F1E7F4
:10F3E000ADF802800F98ADF8068060B12998FF282B
:10F3F0000598007804D096F8361010FB01F0000A4A
:10F400008DF86C0013E00598089A017858460FF0C3
:10F4100059FBBDF9181042465846089B0AF0D6F829
:10F420008DF86400012802D102208DF8640015A92E
:10F430002A980AF03BFE05982844059008F101003F
:10F4400000B2BDF91E1080464145C9DA96F8360073
:10F450008DF86C00BDF84C002844ADF80000BDF8F4
:10F460005000BDF85210401BADF80400481B401C72
:10F47000ADF8061000B21199ADF80200884200DC28
:10F48000601CADF802002A986946826806A8F5F764
:10F4900082FC78B34A461DA906A8F5F7A4FC48BB30
:10F4A000BDF81C00BDF81810BDF91E20401A401C04
:10F4B00000B20890BDF906101098891A01FB0500EA
:10F4C00005900898002851DD3FB14A461DA906A8BD
:10F4D000F5F7F9FC0020189001E0CDF860B0BDF818
:10F4E0001800ADF80000BDF81C00ADF80400BDF92F
:10F4F0001E0036E03AE000BFADF80280ADF80680AD
:10F500008FB14A461DA906A8F5F7DDFC2998FF280A
:10F510000598007804D096F8361010FB01F0000A28
:10F520008DF86C0013E00598089A017858460FF0A2
:10F53000C9FABDF9181042465846089B0AF046F829
:10F540008DF86400012802D102208DF8640015A90D
:10F550002A980AF0ABFD059828440590A8F101000F
:10F5600000B2BDF91A1080464145C5DD96F8360057
:10F570008DF86C00BDF85000ADF80400411BBDF8DB
:10F580004E00491C0AB22844ADF8002000B2ADF884
:10F590000200BDF85210119B491B09B2ADF80610CC
:10F5A000984200DB601CADF80200A14200DC21465D
:10F5B000ADF806105046524500DC02462A98ADF8D8
:10F5C00000206946826806A8F5F7E5FBB8B34A460D
:10F5D0004E461DA906A8F5F706FC80BBBDF81C0029
:10F5E000BDF91810099A401A401C00B208901098F2
:10F5F00002FB0500BDF95020521B891A0844401E29
:10F600000590EFB132461DA906A8F5F75CFC10B1D4
:10F610004FF0010800E0B8460598189008980028B7
:10F6200036DDBDF81800ADF80000BDF81C00ADF8DF
:10F63000040002208DF86400BDF91A6024E027E080
:10F64000B8465846E9E700BFADF80260ADF806607D
:10F65000B8F1000F12D15846089A05990FF092F9A7
:10F66000BDF9181032465846089B09F0AFFF8DF8D7
:10F670006400012802D102208DF8640015A92A989F
:10F680000AF014FD761C36B2BDF91E00B042DBDA7A
:10F690000022109817E000BF00EB050EAEF101014B
:10F6A000002305EBD57608E090F800C091F80080C3
:10F6B00000F8018B01F801C95B1CB3EB660FF3DBAB
:10F6C000521C704612B2AA42E6DBBDF84C00099902
:10F6D000ADF80000084401B2BDF84E00119B28446B
:10F6E00000B2ADF80200BDF85220ADF80410521B74
:10F6F00012B2ADF80620984200DB601CADF80200A3
:10F70000A24200DC2246AAF10100ADF806200C90CE
:10F71000814200DB01462A98ADF8041069468268F0
:10F7200006A8F5F738FBA8B34A464E461DA906A819
:10F73000F5F759FB70BBBDF81C00BDF91810099A0C
:10F74000401A401C00B20890109802FB0500BDF959
:10F750000020891A08440590EFB132461DA906A879
:10F76000F5F7B1FB10B14FF0010800E0B84605987D
:10F7700018900898002835DDBDF81800ADF8000095
:10F78000BDF81C00ADF8040002208DF86400BDF93E
:10F790001A6023E026E0B8465846E9E7ADF8026073
:10F7A000ADF80660B8F1000F12D15846089A0599D5
:10F7B0000FF0E8F8BDF9181032465846089B09F0DA
:10F7C00005FF8DF86400012802D102208DF8640045
:10F7D00015A92A980AF06AFC761C36B2BDF91E00FB
:10F7E000B042DBDABDF84C000999ADF800000844DE
:10F7F000BDF84E10099AADF80210114400B2ADF8F0
:10F80000040009B2ADF806100C9A00E05AE19042EB
:10F8100001DBAAF10100ADF80400A14200DB2146A2
:10F820002A98ADF806106946826806A8F5F7B3FA7B
:10F83000C0B34A461DA906A8F5F7D5FA90BBBDF896
:10F840001C00BDF91810BDF91A20401A401C00B266
:10F850000890BDF902301098D21A02FB0500BDF9DC
:10F860000020891A01EB000847B14A461DA906A8E5
:10F87000F5F729FB10B101200F9000E00F970898D1
:10F88000CDF860B0002822DDBDF81800ADF800000A
:10F89000BDF81C00ADF8040002208DF86400BDF92D
:10F8A0001A6010E013E000BFADF802600F98ADF8E9
:10F8B0000660C8B3CDF8608015A92A980AF0F6FB57
:10F8C000761CA84436B2BDF91E00B042ECDABDF891
:10F8D0004C00ADF800000999BDF85220084401B26F
:10F8E000501BADF80410401CADF8062000B2119A70
:10F8F000ADF80200904200DC601CADF802000C98EC
:10F90000814201DBAAF101012A98ADF80410694691
:10F91000826806A8F5F73FFAC8B34A461DA906A8AB
:10F92000F5F761FAA8B15AE0FFE72A464146584682
:10F930000FF028F8BDF9181032465846089B09F018
:10F9400045FE8DF864000128B6D102208DF86400D0
:10F95000B2E7BDF81C00BDF91810BDF90620401A29
:10F96000401C0FFA80FABDF91E301098D21A02FB23
:10F970000500BDF90020891A0E184FB14A461DA98D
:10F9800006A8F5F7A0FA18B14FF0010801E026E04B
:10F99000B846CDF860B0BAF1000F20DDBDF8180010
:10F9A000ADF80000BDF81C00ADF8040002208DF891
:10F9B0006400BDF91E400EE0ADF80240ADF806400F
:10F9C000B8F1000F2FD0189615A92A980AF06EFBEF
:10F9D000641E2E4424B2BDF91A00A042ECDDBDF82D
:10F9E0004C0069462844ADF80000BDF85000401BAB
:10F9F000ADF80400BDF84E00CDF860B02844ADF875
:10FA00000200BDF85200401BADF806002A9882683B
:10FA100006A8F5F7C0F9E8B34A461DA906A8F5F708
:10FA2000E2F9A0B141E02A46314658460EF0AAFF5D
:10FA3000BDF9181053462246584609F0C7FD8DF807
:10FA400064000128C0D102208DF86400BCE7BDF934
:10FA50001C10BDF918000A1A521C15B2002D24DD25
:10FA6000ADF80410ADF80000BDF91A4019E000BF70
:10FA7000ADF80240ADF80640294658460FF082F82E
:10FA8000BDF918102B462246584609F09FFD8DF807
:10FA9000640000E009E015A92A980AF007FB641C3D
:10FAA00024B2BDF91E00A042E2DA2FB920A809F065
:10FAB000AFFD26980AF0E0F810980EF015FF5846B2
:10FAC0000EF012FF2DB0BDE8F08F00002DE9F74FCA
:10FAD000D8B0589848909088B2F900105488401ACD
:10FAE000401C03B2D08803EBD373001B401C00B250
:10FAF0005D1000EBD070B5EB600F00DB45104819CE
:10FB0000ADF80C0050882844ADF80E002EA809F07E
:10FB10009CFB4FF4C0242EAA2146589811F0E6FE13
:10FB20009DF8C10040F010008DF8C10024A809F034
:10FB3000FBFA24AA2146589811F088FE04A8599986
:10FB400010F07EF9D7480590032006902EA8119456
:10FB50000A90489824301A90F5F7EAFE9BE1159434
:10FB6000A189A088691A0FFA81FBBDF80C10281A28
:10FB70000A1AADF82421BDF80E200144131AADF87D
:10FB800028111044ADF82631ADF82A0147F6FF766A
:10FB90000123324649A942A809F0C2FFBDF80C2052
:10FBA0000123A2EB0B00ADF8FC00BDF80E00A0EBAA
:10FBB0000B01ADF8FE10ABF101010A44ADF80021D4
:10FBC0000844ADF8020132463FA937A809F0A8FF62
:10FBD000BDF80C20BDF80E10501BADF82C01481BD1
:10FBE000ADF82E01681E0244ADF830210844ADF88E
:10FBF0003201002332464BA931A809F091FF0021C0
:10FC000031A809F041FB2C90608908B1401E01E049
:10FC10004FF6FF708046002729E100BF618908F197
:10FC200001084FF0000A414502D1D0464FF0010AC9
:10FC3000A0690090628800213846521E63690EF068
:10FC4000BBFD81461490BAF1000F04D0A06800906B
:10FC50004F90E08903E0206800904F90E08800B268
:10FC600050901D90489830301790F5F761FE3FE0B6
:10FC70003079022838D1B168494535DCF2684A4507
:10FC800032DB338A1D98184400B21D90708AB38A03
:10FC9000984203D1708AADF8000025E0B07D4FF0A6
:10FCA0000003C0074FF0FF000090484601D1D4E99F
:10FCB00005120EF081FDC0B2728A001DC30890B219
:10FCC000B18A40EA0042784889B241EA01410240E3
:10FCD0000140891A594302EB5111014041EA114098
:10FCE000ADF8000080B2009031461798F5F71DFE80
:10FCF0000600BDD1E18B07EB8700400041436088DF
:10FD0000401E91FBF0F0B4F92010822D01EB81012F
:10FD100000EB4106BDF80000ADF8B8001D98ADF845
:10FD2000BA00BDF90C10284601DA822200E0024632
:10FD300050190844ADF84401BDF80E00ADF8460175
:10FD400003AB4FF48072314651A813F0B3FA03A805
:10FD50000D9051A80E9024A812970990BAF1000FA7
:10FD600061D02C9809F088FF218A03ABABEB01002E
:10FD7000BDF80C104FF480720844ADF86C00BDF86B
:10FD80000E00ADF86E0031461BA813F093FA202246
:10FD900024A91CA80EF0F6FD1CA809904B4643A20E
:10FDA000102153A814F0A6F853A80F9004AA1A2102
:10FDB00058980BF023FDBDF982004FF0000941F681
:10FDC000FF728DE80502BDF9843052A81C9A0F9984
:10FDD00016F006F9BDF94801BDF86C1000EBD072C1
:10FDE000A1EB6203BDF94A11BDF86E2001EBD1769B
:10FDF0001844A2EB6602ADF860005018ADF85C3014
:10FE0000ADF86200ADF85E20CDF8009017AA0F9B08
:10FE10000999599808F0E8FE002131A809F034FA50
:10FE20002C9037A808E0002009900F9004AA1A210E
:10FE300058980BF0E3FC42A8002109F025FA064689
:10FE400003AB51AA2EA9599809F0F2F9304609F0EE
:10FE500013FF04AA162158980BF0D0FCBDF83C0102
:10FE6000ADF8B80050987F1CADF8BA00BFB26088FA
:10FE7000B8423FF6D3AE42A809F0CAFB37A809F052
:10FE8000C7FB31A809F0C4FB2C9809F0F5FE214608
:10FE90001A98F5F74AFD04007FF461AE5BB0BDE847
:10FEA000F08F0000A4B404081FF8E00725640000E8
:10FEB0002DE9F74FB4B092460546114602F0E8FC32
:10FEC00004468068C0F30E07012F7DD9000404D4D6
:10FED000208810B96088002876D060687F1EC0F343
:10FEE0000E40474370D00021284611F0F5F8064631
:10FEF0000021284610F0B8FF0644284610F0E0F92B
:10FF0000B5F88410484340F30F2806A809F00CF90F
:10FF100006AA4FF4C021284611F098FC284610F09C
:10FF2000E9FAA98A3144081A0FFA80F92089BAF14E
:10FF3000020F4FEA004007D000284BDA4FF4C021EF
:10FF4000284611F077F946E0002805DA4FF4C02181
:10FF5000284611F055F800E000208346688B401CCD
:10FF600006B235988068B0F90610B1422CDB0699CC
:10FF7000B4F90020B0F90200B1F90810114406EB01
:10FF80000B02114481421FDB28A809F05EF928AA60
:10FF90004FF4C021284611F0A9FC0020ADF8A600BE
:10FFA000ADF8A4000FA835990FF04AFF8E481090C5
:10FFB0000620119002201D904FF4C0201C9006A82E
:10FFC000149028A8159000E00AE1BAF1020F07D0BA
:10FFD000012006E000208346E88A401E06B2D3E7EF
:10FFE0000020269095F8880000F00700022819D11B
:10FFF0000021284611F028F8B5F88410B5F88220C1
:020000040801F1
:100000004843001208EB000191FBF2F109B2081A13
:1000100000EBD07209EB6201A8EB00000FFA81F946
:100020000FFA80F8ADF886600026D6E060684FF0E1
:10003000000AC0F30E40B6FBF0F100FB116008B9F6
:100040004FF0010ABDF9A210A8EB01007043B0FB0C
:10005000F7F101EB0900ADF88400ADF80C00BDF933
:100060008610269848B1BAF1000F02D0B4F900000A
:1000700001E0B4F90200081A08E0BAF1000F02D05A
:10008000B4F9000001E0B4F902000844ADF80E0034
:1000900021A8189003A8199095F8880000F007008F
:1000A000032848D06068C0F30E40B6FBF0F31F93FE
:1000B000BAF1000F68D02089000465D54BA2102149
:1000C00030A813F017FF06A8149030A81A9010203B
:1000D0001B900FAA1A2128460BF090FBBDF92A109D
:1000E0004FF0000A41F6FF728DE80604BDF92C308E
:1000F00025A8069A1A9915F073FFBDF99410BDF85A
:100100000C0001EBD172A0EB620100EB620002B2C5
:1001100009B2BDF80E302698ADF88C10ADF89020DD
:10012000C0B1A3EB0B00BDF89630ADF89200C01A39
:10013000ADF88E0017E026983A4605EB4001B1F97C
:1001400078000090B1F97430002130460EF034FB95
:100150000346ACE703EB0B00BDF89630ADF88E001C
:100160001844ADF89200B5F91400824215DBB5F9D8
:100170001800814211DCCDF800A023AA06A91A9B21
:10018000359808F031FD08E0002014901A901B907B
:100190000FAA1A2128460BF031FBBDF9A200BDF9C8
:1001A000841000EBD07001EB6002B5F914108A42A4
:1001B0000DDBBDF90C10A1EB6000B5F918108842F9
:1001C00005DC03AB21AA28A9359809F031F80FAA5C
:1001D0001B2128460BF012FB761CBE427FF626AF91
:1001E00037B0BDE8F08F00006CAF04082564000054
:1001F0002DE9F74FB8B090460446114602F048FB8F
:1002000005468068010404D4298811B96988002949
:100210006FD0C0F30E06012E6BD96868761EC0F34E
:100220000E40464365D05FEA080000D001201D90D3
:100230000021204610F018FE81460021204610F0D3
:10024000F9FF0746204610F021F8B4F8861048431D
:1002500040F30F202D90204610F018FA024607EBCD
:100260000900E38A4FF4C0271844801A00B2329084
:10027000B8F1000F394620460DD010F075FF2190DF
:10028000B4F91800B5F900A0B5F902908346B8F1A9
:10029000010F06D00DE010F01FFF2190B4F91400FB
:1002A000F0E7CAF100000FFA80FAC9F100000FFA76
:1002B00080F919A808F0C9FF19AA3946204611F09B
:1002C00015FB23A808F030FF23AA3946204611F079
:1002D000BDFA03A839990FF0B3FD724804900620C7
:1002E000059019A8CDE91078099023A80890002757
:1002F000D2E0D4E0BDF966102D98401A7843B0FBE7
:10030000F6F13298B8F1000F0844ADF85600ADF898
:100310005E005846ADF854B069D0401CADF85400AA
:10032000002002906868C0F30E40B7FBF0F100FBBC
:100330001170002874D0BDF85410A1EB090000BF63
:10034000ADF85C0015A80C9017A81D990D9004EB52
:1003500041003246B0F970100091B0F96C30F01BDA
:1003600000210EF029FA034613900298F0B3288971
:10037000000468D54CA2102133A813F0BBFD23A8BC
:10038000089033A80E9010200F9003AA1A2120463F
:100390000BF034FABDF99E00002241F6FF718DE8A2
:1003A0000700BDF9A0302BA8239A0E9915F018FE6E
:1003B000BDF9AE10BDF85E0001EBD171A0EB61029A
:1003C00000EB61001D9912B2002900B2BDF85C106B
:1003D000ADF87E20ADF8820029D0219B0B44ADF80A
:1003E0007C30BDF8AC300B44219901E02BE015E0E6
:1003F00001EB0301ADF88010B4F9161088422BDB35
:10040000B4F91A00824227DC002000901FAA23A919
:100410000E9B399808F0E8FB1EE001E0401E7DE7E6
:100420000120BDF854100290A1EB0A0088E7BDF846
:10043000AC30A1EB030C219BACEB0303ADF87C309B
:10044000219BC91AD6E7002008900E900F9003AAAE
:100450001A2120460BF0D2F9BDF96600BDF95610FD
:1004600000EBD07001EB6002B4F916108A420DDB8C
:10047000BDF95E10A1EB6001B4F91A00814205DC00
:1004800017AB15AA19A9399808F0D2FE03AA1B21A7
:1004900020460BF0B3F97F1CB7427FF62BAF3BB081
:1004A000BDE8F08F6CAF0408256400002DE9FF5F04
:1004B0000C46934680462021DDF838A011F0E2F882
:1004C000002878D0BAF1030F40461DD010F0D7F8BD
:1004D00081460CF03BFD002705463E46BAF1030F6E
:1004E0003946404613D010F05DFE8246002140465A
:1004F00010F04AFD4946B9F1010F5DD0022963D0E1
:10050000B9F1030F66D13BE010F0B2F8E0E710F06C
:10051000A1FD82460021404610F0EAFD4946B9F1AE
:10052000010F1ED0022924D0B9F1030F52D1B8F81F
:100530001820B8F81410521A521C13B2A3EB0A0276
:10054000101A00EBD0720AEB6200084407B2298B44
:10055000A88A091A491C09B201EBD17100EB6100AC
:1005600027E0B8F81410B5F9146001EB0A0007B2DF
:1005700030E0B8F81810B5F91860081A07B229E089
:10058000B8F81A20B8F81610521A521C13B2A3EB7E
:100590000A02101A00EBD0720AEB6200084407B29C
:1005A000688BE98A401A401C00B200EBD07001EB66
:1005B000600006B20EE02FE0B8F81610B5F916602C
:1005C00001EB0A0007B205E0B8F81A10B5F91A6095
:1005D000081A07B2A01E039900B2002910DAB9F177
:1005E000000F15D0BE4221DC12E0002C01DDA41C5E
:1005F00024B2E01704EB9070801004B0BDE8F09FC7
:10060000BBF1000F12DAB9F1000F01D0BE420DDBD1
:10061000002CEADA0446E8E70398E04202D50398A2
:10062000404204B2BBEB040000D55C462046E4E740
:10063000ADF50C7DDFF8F0B04FF400788AA8F9F73B
:100640004FF81DF039FA9BF800401DF077FA34B1ED
:10065000012C0FD0022C0FD0032C0FD00024F7F761
:1006600009F9B5EEC00AF1EE10FA09D200263546B6
:1006700001271EE00F24F2E72D24F0E75024EEE7D7
:1006800010EE100A29490027884201DD9FED280A53
:10069000B2EE041AF6EE000A0A2140EE010ABDEE9F
:1006A000E00A10EE100A90FBF1F290FBF1F601FB6C
:1006B00012051DF0DFFE824616F008FE81469DF809
:1006C0002B02CDE9000602959DF82A329DF82922D9
:1006D0009DF8281217A0F4F72BF941460AA8EFF766
:1006E0001BFE06A8CDF8249080E8A0049DF82902FE
:1006F0009DF8281203AA029182E851009DF82B125E
:100700009DF82A02CDE9000119A31C4A41460AA816
:10071000F4F71EF900220AA919A016F039FE4FF4C9
:1007200016701DF01DFB89E714C0012000401C4617
:1007300000401C46E6B9BFE5BAA6EFBC9A25642E78
:10074000256425255248202C20E6B8A9E5BAA6EF55
:10075000BC9A25642E25642043202C20E58589E75A
:1007600085A7EFBC9A25642E2564206C780D0A00BD
:1007700031383537383636323933320058B6040816
:10078000247379732F337A79687631794E524C2FEE
:100790006D79686F6D652F7468696E672F70726F01
:1007A00070657274792F706F7374000070B50446B1
:1007B0000CF0BCFB48B1006882680AB1217A90470E
:1007C000207E810742D4C0077BD1002160680FF0F2
:1007D000B5FD002518E0017ACA0910D0802904D09F
:1007E000227A21F08001914209D14168E1600168DB
:1007F00020468847207E810728D4C00761D16D1C20
:10080000294660680FF09AFD18B101680029F6D0FA
:10081000E1E7214600200FF0BFFC050053D0002186
:1008200060680FF08BFD002619E0016891B1017A34
:100830000A060FD411B1227A91420BD14168E160CE
:10084000016820468847207E810701D5012070BDC0
:10085000C00736D1761C314660680FF06FFD10B1CD
:10086000012DE2D02FE0012D2DD16068416851B3F8
:10087000217E490727D4217A232919D0242917D08A
:10088000A90310F0FFFEF0B1207A11381C280FD216
:10089000DFE800F019191919191919191919190E80
:1008A0000E190E0E191919190E0E0E0E19190E1910
:1008B0006068406860602046FFF778FF05460128C1
:1008C00001D0002070BD284670BDF0B5DDE90545BA
:1008D00039B3060AB70702D51F462B463D467707B0
:1008E00002D527462C463D4616F0060F4FEAC6773E
:1008F0001BD017B11F4623463C462270CC43E4B2BE
:1009000012FB04F4240A2C70C0B2F40710D011FBBF
:1009100000F06FEA1020C0B212FB00F0000A18705D
:10092000F0BD2A7022701A70F0BD002FE2D0E4E70B
:1009300020B14042C0B210FB01F0EAE70802E8E74C
:100940002DE9FF4F8A880B8889B0D21A521C17B242
:10095000CA8849880446511ADDE916B8491C199815
:100960000FFA81F9012813D0022813D0032843D1AC
:10097000434E00BF5FEA08000ED00020069020889A
:10098000ADF8140098F80000FD2838D35A4639E035
:100990003C4EEFE73C4EEDE72088ADF80000ADF8A7
:1009A00008005A4600990C98B0470590002020E0B6
:1009B000002517E0BDF8080034F8151088420BD068
:1009C00004EB45005A460088ADF81400ADF8080065
:1009D00005990C98B047059004EB4500BDF814103C
:1009E00001806D1CBD42E5DB0B9804EB400408F16F
:1009F000010080464845DBDB0DB0BDE8F08F00FB11
:100A00000BF0020A05990C98B0470890002033E0DB
:100A1000002528E018F8050020B30699884205D182
:100A2000BDF8141034F81520914216D0FD2801D3DA
:100A30005A4602E000FB0BF0020A04EB4500008876
:100A4000ADF8180006990C98B047089018F8050002
:100A5000069034F81500ADF8140004EB4500BDF81D
:100A6000201001806D1CBD42D4DB0B98189904EB5B
:100A7000400488440AF1010082464845C8DBBBE7D0
:100A8000DF8900086B890008458A00082DE9FF4FBF
:100A9000044688880A8883B0801A401C05B2C8883A
:100AA0004988DDE910A6401A401C0FFA80F976B19A
:100AB000BDF81800BAF1FD0F00EB004000907CD3A8
:100AC000A5F104084FF0000BBDF818A037E1BAF10A
:100AD000FD0F0FD3002608E02A462046069907F0AE
:100AE00045F80598761C04EB40044E45F4DB07B04E
:100AF000BDE8F08FBDF80010002060F3040189B25A
:100B000060F34A1189B260F3CF21ADF8001088B2CA
:100B10000090BDF80000009001465246069807F08C
:100B200071F901900AF10400C0080699C006000E90
:100B300089B2CA0A12FB00F262F30F06C1F3451232
:100B400012FB00F262F31F4601F01F0111FB00F1DE
:100B500061F30F07BA46C0F1FF0100224DE000200B
:100B600045E000BFBDF8007034F810309F4238D027
:100B700004EB4003B7B21B88ADF80030ADF8083085
:100B80009BB24FEAD32C1CFB017707EBC71C0CEB85
:100B9000C737BDF80480C7F3C45767F3CF28370CB5
:100BA000C3F3451C1CFB017707EBC71C0CEBC737D5
:100BB000C7F3C55767F34A1800E0C7E01FFA8AF782
:100BC00003F01F0313FB017303EBC31707EBC333DE
:100BD000C3F3C45363F30408ADF804801FFA88F329
:100BE000019304EB4003BDF804701F80401CA84231
:100BF000B8DB0598521C04EB40044A45AFDB76E7AE
:100C0000002710E03278FF2A12D02088ADF80400C7
:100C10000199069807F0F6F80190BDF804002080CD
:100C2000A41C761C7F1CAF425EDAB007EAD15BE001
:100C3000A4F800A0F4E73068411C44D0F0B3327847
:100C4000FF2A54D02088ADF804000199069807F0D7
:100C5000D9F80190BDF80400A4F8000016F8012F9F
:100C6000A41CFF2A46D02088ADF8040001990698FC
:100C700007F0C8F80190BDF80400208016F8012F95
:100C8000A41CFF2A39D02088ADF8040001990698E9
:100C900007F0B8F80190BDF80400208016F8012F85
:100CA000A41CFF2A2CD02088ADF8040001990698D6
:100CB00007F0A8F80190BDF8040000E011E02080E2
:100CC000A41C761C0FE0A00707D0A4F800A0022007
:100CD00000990151A4F806A003E000982060009854
:100CE00060600834361D3F1D4745A4DD1CE0A4F8B4
:100CF00000A0B3E7A4F800A0C0E7A4F800A0CDE7E7
:100D0000A4F800A0DCE73278FF2A1CD02088ADF8D8
:100D100004000199069807F075F80190BDF80400E9
:100D20002080A41C761C7F1CAF42ECDB05980BF1E5
:100D3000010B401B04EB40041298401B0644CB45BA
:100D4000FFF65EAFD3E6A4F800A0EAE70022218810
:100D5000ADF800109346104633E0002727E03078C6
:100D600018B3904205D0FF282FD000FB0AF31B0ACE
:100D70009B46904203D134F81700814210D0BBF15A
:100D8000FF0F24D004EB47005A460088ADF800005E
:100D90000099069807F036F80090327834F817106A
:100DA00004EB4700BDF800300380761C7F1CAF4287
:100DB000D5DB059804EB40041298401B064408F16B
:100DC000010080464845C8DB91E65346D0E70698C7
:100DD000E2E700002DE9FF4F83B00C46DDF84480C8
:100DE000F5F752F8BDF818A08146B8F1000F0CD005
:100DF000A0882188401A401C07B2E0886188401A08
:100E0000401C0FFA80FB002641E0B4F9026017E0B5
:100E1000B4F900500FFA86F80DE010980290ADF882
:100E200004A0CDF80080D9F800002BB2059AC7695C
:100E30000399B8476D1CB4F90400A842EDDA761C9A
:100E4000B4F90600B042E3DA07B0BDE8F08F002540
:100E500018E000BF18F8050098B11099ADF804A08B
:100E60004843000A029060880399304400B2009021
:100E70002088059A284403B2D9F80000D0F81CC095
:100E8000E0476D1CBD42E5DB1298761C80445E4550
:100E9000DDDBD9E700680968884201D1012070478D
:100EA0000020704740680A6820F04040904200D21D
:100EB0000860002070472DE9F04F4FF0000991B015
:100EC0000446CB460CF032F80068CA46007E029019
:100ED000D4F82480CDF81CA0208BA18A084420835C
:100EE000608BE18A08446083DDE000274FF4807561
:100EF00046460A970FE00021304610F079FA384450
:100F000007B20021304610F091FA45432D123046C9
:100F10000FF06AFA0646002EEDD1A069019017B9CC
:100F2000B5F5807F09D0784201B24FF4803090FB54
:100F3000F5F20AAB01A812F0BDF9BDF904100029C1
:100F400000DC4942BDF90600002800DC4042814235
:100F50004FF0010001DD824600E00790102140467D
:100F600010F090FB00287ED0079D57462E46404645
:100F7000CDF800A00FF096FAC10700D10027810735
:100F800001D400210091410700D40025000700D4BE
:100F9000002640460FF07AFB0F9040460FF030FAE3
:100FA0000E9040460FF0A6FA0D9040460FF002FB5F
:100FB0000F99002902DC0E9900290FDD25B1BDF93A
:100FC000062002998A4206DA46B10299BDF9062046
:100FD00049428A4202DCC1464FF00C0B0D990029B0
:100FE00001DC002810DD27B1BDF9042002998A42F6
:100FF00007DA009941B10299BDF9042049428A42B9
:1010000002DCC1464FF0030B0F99002900DC0025DC
:101010000E99002900DC00260D99002900DC00272C
:10102000002801DC0020009027B1BDF904100298CF
:10103000814214DA009828B10298BDF904104042A8
:1010400081420CDD25B1BDF906100298814206DA15
:101050004EB10298BDF90610404281420EDCBAF151
:10106000000F03D000E009E0032100E00C2194F818
:10107000400061F3030084F8400018E04FF48071F1
:10108000404610F0FFFA3AEA000010D14FF4007128
:10109000404610F0F7FA01460798884307D14046CA
:1010A0000FF0A2F98046B8F1000F7FF41EAFB9F13E
:1010B000000F0AD094F8401000206BF3030184F86D
:1010C0004010C4F82C902083608311B04846BDE8DE
:1010D000F08F00002DE9FF4F83B08B4682460FF062
:1010E000C7FA060012D041F6FF7844460021504668
:1010F0000FF0B0FF0090002150460FF0F9FF019073
:1011000050460FF071F8074600255FE0002007B059
:10111000BDE8F08FDAF808003149006850F8250082
:10112000814610F0B6FAE8BB4FF48051484610F003
:10113000A9FAB8B3012E04D0022E08D0032E44D150
:101140001AE0B9F91400BAF81420009932E0BAF89C
:1011500018200199B9F91800511A069A09B21044D9
:1011600000B2584531DB059A90422EDC401A00B29D
:10117000002821DD014620E0B9F81820B9F8141044
:10118000BAF81830501A401C00B200EBD070BAF810
:10119000142001EB6000991A491C0BB2009900B2AF
:1011A0005B1A00E011E00199591A01EBD173009923
:1011B00001EB63011144D0E74142002C01DD2246DE
:1011C00000E06242914200DA04466D1CBD42A1D3A8
:1011D000444501D1002000E0604200B297E70000E2
:1011E000010004002DE9FF4F83B08B4682460FF0CB
:1011F00046FA060012D041F6FF78444600215046D8
:101200000FF0D0FF0090002150460FF0BDFE01907E
:1012100050460EF0E9FF074600255FE0002007B0CA
:10122000BDE8F08FDAF808003149006850F8250071
:10123000814610F02EFAE8BB4FF48051484610F07A
:1012400021FAB8B3012E04D0022E08D0032E44D1C7
:101250001AE0B9F91600BAF81620009932E0BAF887
:101260001A200199B9F91A00511A069A09B21044C4
:1012700000B2584531DB059A90422EDC401A00B28C
:10128000002821DD014620E0B9F81A20B9F816102F
:10129000BAF81A30501A401C00B200EBD070BAF8FD
:1012A000162001EB6000991A491C0BB2009900B29C
:1012B0005B1A00E011E00199591A01EBD173009912
:1012C00001EB63011144D0E74142002C01DD2246CD
:1012D00000E06242914200DA04466D1CBD42A1D397
:1012E000444501D1002000E0604200B297E70000D1
:1012F000010004002DE9FF4F83B00E46DDE910B474
:1013000017460021039810F0A3F805460021039822
:101310000FF0C8FD0146F07882070BD5C30742F2F3
:10132000D17202D0954202D006E0914206D120F05F
:101330000200F070C00701D07B4800E07B48814686
:10134000F078C00712D079484FF0000AA4F802A044
:10135000A4F804A0C4F810A0A4F800A0C4F808A041
:10136000C4F80CA0804639460197A9E06E48EBE727
:101370000198B84206D04FF40001284610F082F9D7
:1013800000286FD16A49284610F083F900286AD1F5
:10139000002128460FF076FD029070B32069401CB2
:1013A0002061A28802EB0B01A180217DC9076DD0CD
:1013B00000EB800080000DF04BFA0090E0B1E16896
:1013C00051B12069401E00EB8000820000980DF0B2
:1013D000D9FAE0680DF088FA206900EB80010098E6
:1013E00000EB81004FF0000140F8145CF078C0077A
:1013F000284603D0022202E0FEE735E005220FF086
:1014000025FF216900B201EB8102009901EB820105
:1014100021F8100CF0784FF00001C007284601D0E9
:10142000032200E006220FF011FF216900B201EB58
:101430008102009901EB820121F80E0C20690299CA
:1014400000EB8002009800EB820040F8081C206945
:1014500000EB8002009800EB820040F804AC00989A
:10146000E06013E032E020E0284649468847014624
:10147000F078800705D5B4F9040042180698824236
:1014800024DCA28801EB0B001044A08028464146D2
:1014900088470146B4F90000814202DD28464146F2
:1014A00088472080A068401CA060F078400702D5E3
:1014B0004FF0FF3000E0012001994118019105D45F
:1014C00003980EF07FFE051E7FF452AFB4F90400BE
:1014D000002802DDA0EB0B00A080206908B106986F
:1014E00001E0B4F904006080CDB10198B84216D192
:1014F000039901AA8968096851F82050F078C0F36F
:101500008001039800F098FF4DB128464146884776
:10151000208028464946884760800120A0600198C5
:1015200007B0BDE8F08F0000F3150208670302085A
:10153000010006002DE9F04FB14D93B004460021A3
:101540006A880FF083FE9DF81710421C62F30001B9
:10155000820862F34101C00860F382018DF8171020
:1015600020460021AA880FF071FE8DF81400204655
:101570000021EA880FF06AFE8DF815002046002150
:101580002A890FF063FE8DF81600002120460FF027
:101590001AFC012800D0002081469DF817004FF06A
:1015A0000001C00720460CD00FF0F0FD82469DF8E8
:1015B00017004FF00001C007204605D00FF038FD9E
:1015C00004E00FF035FDF1E70FF0E0FD07909DF826
:1015D0001700C007204602D00EF072FE01E00EF0A8
:1015E00055FE06902046002132220FF02FFE0546C0
:1015F0002046002110220FF029FEE18A28444618D7
:1016000020460FF051F8301AADF820002046002196
:1016100012220FF01BFEA18A2844451820460FF025
:101620003CF8281AADF840009DF817009DF81660A8
:10163000C00701D008AD00E010AD002120460FF03A
:1016400007FF1190002120460FF02CFC83469DF8E7
:101650001700C10708D0ABF51C52D13A02D1618CFA
:10166000490509D5C10708D1119AA2F51C51D139F4
:1016700003D1618C090500D40026B9F1000F08D010
:10168000C00706D116B1012E02D002E0012600E00B
:1016900000260027ADF83C70B8468EB39DF81700C1
:1016A000400703D5A0684268521E15E0002213E0EF
:1016B00000200E9009A90798CDE9000105A9204650
:1016C000069BFFF717FE0246BDF8241007EB0A0041
:1016D000084407B208F10108A0684068904201DDA3
:1016E000002AE5DAB8F1000F02D0A7EB0A0007B232
:1016F0009DF81700C007204603D00EF0C7FD02E09A
:101700000BE00EF0DDFD0FA9CDE9005101460FFA07
:1017100088F33A46304617F073F99DF817004107F1
:1017200003D5A1684E68761E00E00026B9F1000FCF
:1017300004D0C00702D128883844288009AFA068A7
:101740004068B04249DD002E47DB01200E9007982B
:10175000CDE90007324605A92046069BFFF7CAFDE2
:101760008046B9F1000F08D09DF81700C00704D1DA
:101770002888BDF82410401A2880DDE90601BDF94B
:10178000202002AB019283E88300BDF94000009065
:101790004346324605A92046F6F784FD46460C9896
:1017A0000DF0A2F800200C90B9F1000F03D09DF8C5
:1017B0001700C0070AD02888BDF82410BDF83C20C7
:1017C000014402EB0A0008442880B8E7BDF83C2039
:1017D000298802EB0A00081AF6E7119942F2D17043
:1017E000814201D0834502D1204610F07BFD0022CA
:1017F0002B2120460AF002F813B0BDE8F08F00005C
:1018000094C101202DE9F74F0546007F93464FF024
:10181000000AC00760D14FF00108EC680026C146FD
:101820007CB9287FC0F3C000401E304254D1B9F1CA
:10183000000F51D00199284688474FF00008044610
:10184000C1460EB9261E47D0B8F1000F06D021467A
:1018500028465A4690470446B0423DD04FF0010812
:10186000002CDED020680FF071FA0006D8D427686B
:101870001FE0012138460FF005FFB0B12FB1012163
:1018800038460FF0FFFE0028CAD1E868A04223D0F6
:10189000B0B1284600F0FAFB0246E8680F21006864
:1018A00009F0ACFF012817D106E038460EF09CFD88
:1018B0000746002FDDD1E8E7E868006810F0D0F9AE
:1018C0002846EC6000F0E2FB0246E8680E21006862
:1018D00009F094FF012802D05046BDE8FE8FE86869
:1018E000006810F0BDF9296909B128468847012030
:1018F000F3E7000003490A685206FCD5C2B24A6009
:1019000070470000001001402DE9FC41504C0025BB
:10191000257003F0CBFB1CF0B3FD00F003006070FA
:10192000F6F730F96071002202210A201DF0E2F87A
:101930002063002202210A201DF0DCF860630022EF
:1019400002210A201DF0D6F8A063002202210A20FD
:101950001DF0D0F8E06301201DF0BAF820641CF0FF
:1019600001FF60643B48002300901A46C8213AA05A
:101970001DF012FFA0640C20CDE900054FF40065B6
:1019800000232A4638A13A481DF006FC04F10C0059
:101990000524CDE90040EE100023324635A1394838
:1019A0001DF0FAFB2A48AF101030CDE900400023AB
:1019B0003A4635A138481DF0EFFB25480023143086
:1019C000CDE90040324635A138481DF0E5FB2048FE
:1019D00004242030CDE900400023324634A13748AA
:1019E0001DF0DAFB1A4800231C30CDE900403246D6
:1019F00033A136481DF0D0FB154800231830CDE93F
:101A00000040324632A136481DF0C6FB1048032480
:101A10002430CDE900400023324632A136481DF083
:101A2000BBFB0B4902202831CDE9000100233A46D7
:101A300032A136481DF0B0FB054800232C30CDE91B
:101A400000402A4632A135481DF0A6FBBDE8FC81C6
:101A500014C00120DD7600086175746F5F6C6F63E0
:101A60006B5F74696D6572006C76676C00000000D6
:101A7000B96302086B6579626F6172645F74617348
:101A80006B000000C543010870617373776F726467
:101A90005F7461736B0000000588020864697370ED
:101AA0006C61795F7461736B00000000DD99000860
:101AB0006C6F636B5F7461736B0000009955010874
:101AC000626565705F7461736B0000009177000858
:101AD0006D6F6E69746F725F7461736B00000000EC
:101AE000ED6C02086C696768745F636F6E74726F87
:101AF0006C5F7461736B0000BD500108656E765FAA
:101B000075706C6F61645F7461736B0031060108FE
:101B10006D7174745F7461736B000000ED76020880
:101B200070B5426B818C12F0060F06D0C2F34102F1
:101B3000022A04D0012A05D022E0008D00E0C08CEA
:101B400008441CE0B0F92C50468DAAB2B24202D231
:101B500002F5B47215B2B0F92830C48C9AB2A24220
:101B600002D202F5B47003B2701900EBD0704010CD
:101B7000844201DA601802E0834203DD501881B22A
:101B800008B270BD0844FAE72DE9F34F8FB005465F
:101B900069460EF0AFFB28460FF02BFD0B90284650
:101BA0000EF0E1FB0A90002128460FF071FA079031
:101BB000002128460FF0BAFA0746002128460FF008
:101BC0000FFB0446002128460FF0FCF98346002154
:101BD00028460FF0D5FA0646002128460FF01CFAD9
:101BE00006F0010106EBD67201EB620100F0010282
:101BF00000EBD07002EB6000491C401C09B200B23F
:101C00000D2900DB0D218A460D2800DB0D208146C1
:101C10000D2F00DB0D27B8460D2C00DB0D242646CA
:101C20005846BBF10D0F01DA074600E00D270024EE
:101C30006BE0A86A00EBC40108A804F0E8FABDF95B
:101C400020000799884213DCBDF900200D2900DB34
:101C50000D21511A00EB0100ADF82000BDF9220062
:101C6000B04233DCBDF902100D2E07DA324606E031
:101C7000BDF80020A2EB09010844EDE70D22891A06
:101C800000EB01000B99ADF82200BDF92400A1EB97
:101C90000801891E424688421EDBBDF90010B8F1DA
:101CA0000D0F0144104600DB0D2008440A99ADF8E1
:101CB0002400BDF92600C91B891E88421DDBBDF921
:101CC00002100D2F08440DDA39460CE0BDF8022051
:101CD000A2EB0A010844D5E7BDF80010014401EB6E
:101CE0000900E3E70D210844ADF82600002208A80A
:101CF0001099F3F738F958B905E0BDF8021001441E
:101D000001EB0A00F0E7641CA4B2288EA04290D830
:101D1000288EA04201D14FF6FF7411B02046BDE8D5
:101D2000F08F10F00F0000D101207047B0F90C00C7
:101D3000032101EB400020F00300103070472DE933
:101D4000F0474FF0000805461C4616460F46A3F81C
:101D50000080404606E0296B228831F81010401CB4
:101D600011442180B042F6D3002128460FF025F817
:101D70000128284615D00EF090FC2188081A2080F2
:101D8000002128460FF09CF9218808442080296B07
:101D900031F816100844401EA080A4F802800020EC
:101DA0001FE00EF07AFC21880844208028460FF0BE
:101DB00020FC8146002128460FF0D0F922880146F8
:101DC000A9EB0200401AA080296B31F81610401AC6
:101DD0002080E2E7E96A628831F81010401C114463
:101DE0006180B842F6D3002128460FF017FA6188C7
:101DF0000844608028460EF057FC6188081A60800D
:101E0000E96A31F817100844401EE080BDE8F08709
:101E10002DE9F05F89469346824600210FF02CF9A8
:101E20000546002150460FF075F9804600215046C6
:101E30000FF0CAF90446002150460FF0B7F80646E5
:101E400050460FF0D6FB411BA1EB080750460EF0A1
:101E50008AFA001B801B8742504605DA0FF0C9FB47
:101E6000411BA1EB080003E00EF07DFA001B801B74
:101E700000EBD07040F34F00BAF81410421911442F
:101E8000A9F80010BAF8161002191144A9F80210A6
:101E9000BBF1000F01D0ABF80000BDE8F09F0000DF
:101EA000024A002152880FF0D1B90000BC00002086
:101EB000034A10B5002152890FF0C8F9C0B210BD15
:101EC000BC000020034A10B5002192890FF0BEF932
:101ED000C0B210BDBC000020032901D2012300E0E4
:101EE0000023C01A03EB430301EB8301891EC1EBFE
:101EF00041110C23B1FBF3F111446422B0FBF2F267
:101F0000014401EB9001891A4FF4C872B0FBF2F062
:101F100008440721B0FBF1F201FB1200C0B2704788
:101F20002DE9FC470F0023D0046962692AB11068CB
:101F3000B84202D15068BDE8FC87608A00214FF0AA
:101F4000040CC0F308030CE0A66801EB810556F809
:101F500025000CEB8505755B381A85420AD2491CB1
:101F600089B28B42F0D81AB11760616900204860CD
:101F70000020E0E701EB81051221A26801EB850159
:101F80000026515C4FF0060802290BD04FF00C0AD6
:101F900061B1DFF8ACC01022082303290FD001295A
:101FA00027D045E008EB8501515A40E00AEB850156
:101FB00008EB85035158D25A085C161838E0ADF882
:101FC0000400CDF800C0A06802EB850103EB850991
:101FD000425A50F80910022301A8F4F7A9F838B3BF
:101FE000A16851F80920801A08EB85024010895A2F
:101FF0001DE0ADF80400CDF800C0A06802EB85013B
:1020000003EB8509425A50F80910022301A8F4F79E
:102010008FF868B1A16808EB850351F80920801A90
:102020000AEB850240108A58C95A32F810000E187F
:10203000606910B107606069466030467BE7000068
:102040009DD802082DE9F0410D46044600F01EF926
:10205000071E19D0F88A00212D1A38460FF083F98F
:102060000689002138460FF0A5F900EBD07105EB89
:102070006101304409B200B291FBF0F0A18E80B250
:10208000814201D8491E88B2BDE8F0812DE9F041B6
:10209000002607463546304610E000BF0AF087FFAD
:1020A000616DB94209D1022802D0042803D003E0AF
:1020B0002046BDE8F0812646254620460AF03CFF32
:1020C0000400EBD10EB13046F3E70DB12846F0E73E
:1020D000BDE8F04100200AF02FBF00007CB5036985
:1020E000006900255B8AC4689E04A3682BD4980FFE
:1020F00017D00120B0EB937F31D101EB024026686D
:10210000019018480090A068042320F04042314616
:1021100001A8F4F70DF810B3801B801061680D560C
:102120001DE001EB02202668ADF804000E4823F004
:10213000404200900223314601A8F3F7F9FF70B145
:10214000801B4010EAE76068405C995C38B131B1AF
:10215000637B2268401E10FB0320491E455628461B
:102160007CBD0000E1420108F54201082DE9FF4F66
:1021700081B00E461D4617464FF4003101980EF00F
:10218000FEFD00EBD07044103F1B0198FFF7C8FC28
:1021900081465A3000B213F05FFE10FB07F04FEAA1
:1021A000E038484613F058FE10FB07F0C7134FF411
:1021B0004039494601980EF05FFF83464946019831
:1021C0000EF0A8FF0090494601980EF0FDFF8246F0
:1021D000494601980EF0EAFE328820444244A2EBC0
:1021E0000B01091B29803288009942442144114483
:1021F000A9807188CA19A2EB0A01091B698071883C
:1022000039440844E88005B0BDE8F08F2DE9F84F67
:102210000C460646002120460EF0B7FD00EBD070BC
:1022200045084FF44037394620460EF05BFF8246A2
:10223000394620460EF09EFF0090394620460EF0AB
:10224000FFFF8346394620460EF0E0FE0146A08A95
:10225000228D0244531BA3EB0A0060F30F08E08AAF
:10226000638D034400985C1B201A60F31F4805EB44
:102270000B00104460F30F096818184460F31F49FD
:10228000C6F80080C6F80490BDE8F88F406A0028C0
:1022900002D000210DF096BF704700210DF092BFD3
:1022A0002DE9F04105460F46698C00200426C1F354
:1022B0000513EA680FE000BF06EBC00414595FEA9B
:1022C000C41C07D524F07F44BC4203D152F830002F
:1022D000BDE8F081401C8342EED84FF0806000EBF7
:1022E000B1204FEAB0506884C0F30510C100104619
:1022F0000CF030FBE860C0B3688CC0F30514641EBA
:1023000016D06FF003025300E86802EBC401415895
:102310005FEAC11C0CD489010AD403EBC40C00EBA6
:10232000C4018444641EDCE9000CC1E9000CEBD15B
:10233000E868082100EBC4000CF0F6FB08200CF064
:1023400059FAE96841F8340012F083F8EA6806EBBC
:10235000C400115841F080711150EA6867F3170109
:102360001150E86850F83400B2E7FFE7FEE70000DC
:102370002DE9FC410068C068C068B0FBF1F49442EC
:1023800000DD1446154F78680068806920B300208E
:10239000ADF80000ADF80400ADF8020025B2681EEB
:1023A00006B2ADF8066078686946006882699047B1
:1023B000BDF80600BDF80210401A401C00B2A04251
:1023C00002DD351EEBDC01E0002D02DC0020BDE863
:1023D000FC81BDF90640641C2046F8E788C1012055
:1023E000491E01D5401E0C310C2901DB401C0C3963
:1023F00001290DD0072091FBF0F200FB121000EB39
:10240000D07121F00101401AC0F11F00C0B2704725
:1024100081070CD16421B0FBF1F201FB120149B933
:102420004FF4C871B0FBF1F201FB120010B10020B3
:102430001C30EBE70120FBE7136821B15B1E136042
:102440000BD4806805E05B1C1360806841688B4298
:1024500003DA006850F823007047002070472DE928
:10246000F84315460E4604460AF060FD0AF09FFD4B
:1024700001280AD0032808D04FF6FF7005B1288044
:1024800006B130800020BDE8F8830AF04FFD6946B0
:102490000AF062FD4FF0000875B320460EF0FDF81B
:1024A000BDF80010084407B2002120460EF085FC5C
:1024B00001280CD0A08A00213F1A20460EF000FE11
:1024C000381A02B240460021A5F8008010E0002131
:1024D00020460EF043FE218B081AC01BF1E7236B48
:1024E00033F81030194409B28A4205DB401C2880B9
:1024F000A38C80B29842F2D3FEB120460EF0D4F8FD
:10250000BDF802100844E18A451A002120460EF069
:1025100085FE281A02B240460021A6F8008008E095
:10252000E36A33F81030194409B28A4205DB401CD3
:102530003080E38C80B29842F2D30120A3E72DE9EA
:10254000FF4F83B005461F460598F3F7A4FC0146EC
:1025500001208840B5F8209000F0FF086FEA0900DC
:1025600080B2019095F822004FF0FF36C0F3C00A08
:1025700000244FF0040B1FE0E96801EBC40042683F
:10258000920140D5BAF1000F15D10BEBC402895866
:10259000049AC1F30741090491420CD10068817982
:1025A00011EA080F07D06A46059911F0ADFE01281F
:1025B00030D0022831D0641C688CC0F30510A042D2
:1025C000DAD820E0E96851F83400827912EA080F7D
:1025D00018D00BEBC4028A58C2F307411FFA82FAE3
:1025E000049A090491420DD1019A1AEA020F09D105
:1025F000B24507DD6A46059911F086FE01280FD025
:1026000002280AD0641C688CC0F30510A042D9D8F7
:10261000002E0EDB00983860012007B0BDE8F08F77
:102620005046CA45F6D05645ECDA06460098386062
:10263000E8E70020F1E72DE9F047814642F3000684
:10264000C0F15A001D460F46540800B2761C13F024
:1026500003FCA7EB040800FB08F0C711484613F081
:10266000FBFB00FB08F0C011002F06DD7F3F391295
:102670000A1B32442A80214405E07F3739120A1BA5
:1026800021442A80891BA980002806DD7F3800129A
:10269000011B31446980204405E07F300012011B9A
:1026A00020446980801BE880BDE8F087024A002151
:1026B000D2880EF0CBBD0000BC0000202DE9FF4FFA
:1026C00085B0074607980389DDE915021044049098
:1026D00018440FFA80FAB88C484384B2A14600250A
:1026E00059E0BB6A53F8241071B33A6B0026964642
:1026F00032F915B04FF0020C401E12E0A21953F847
:1027000022208AB11278D2070ED005EB06080CEB16
:1027100048083EF80880761C08EB0B020FFA82FB93
:10272000B6B272198242E9DB087880070DD50798A6
:102730001599B0F9080001441698084451465045CF
:1027400000DC08460FFA80FA21E0DDE913010144BC
:10275000ABEB010000B21299CDE900100022029209
:10276000B86A50F82410DDE9072303A8083113F0F4
:1027700037FCBDF90E10049808445146504500DC62
:1027800008460FFA80FAA01984B2A81985B2641C11
:102790006D1CA4B2ADB2B88C00EB0901A142A0D867
:1027A00009B05046BDE8F08F034A10B50021128AE7
:1027B0000EF04CFDC0B210BDBC000020034A10B5A5
:1027C0000021528A0EF042FDC0B210BDBC000020B4
:1027D0002DE9FC410C46064600210EF0CAFD0546D7
:1027E0004FF4802130460EF0C4FDB5F90870B0F901
:1027F0000850002130460EF0E9FDE91901EBD171D6
:1028000000EB610005B230460DF0ADFDF18A00EB42
:10281000D07001EB600005EBD571A0EB610060802A
:102820002844E080694630460DF064FDBDF80000A4
:102830002080BDF80400A080BDE8FC812DE9FF41A7
:102840000646FFF72AFD040020D04FF480273946C2
:1028500030460EF08EFD05463046582239460EF0C1
:10286000F5FC06B220460BF02AF90146002041F69D
:10287000FF72CDE90002029033462A4603A813F006
:10288000AFFBBDF90C0004B0BDE8F0810020FAE711
:1028900039B1012909D0022905D0042907D0002027
:1028A00070473C3070474830704754307047603054
:1028B00070470000FEB54FF4407421462A48EDF7FA
:1028C0002BFD3A212948EDF727FD2146264802F045
:1028D00027FA08B126A00CE02DA12348EDF727FD2B
:1028E00050B102AB01AA00211F481BF0FDFE28B128
:1028F00029A0F2F71DF8FEBD2FA0FAE71C200090DA
:10290000DDE90101194B35A21BF0B4FE0A24174B77
:102910000094DDE901011C331D4632A21BF0AAFE22
:10292000124B0094DDE9010126331E4630A21BF054
:10293000A1FE00940D4BDDE9010130331C462EA2AF
:102940001BF098FE33462A4608492CA00094F1F764
:10295000EFFF0648007810B1044815F07DF93220E9
:10296000F6F712FEFEBD00002CD101202CD4012070
:10297000776561746865723A20485454502F4A5301
:102980004F4E206665746368206661696C0D0A00AD
:10299000726573756C747300776561746865723AFB
:1029A000207061727365206461696C795B305D20B1
:1029B0006661696C0D0A0000776561746865723A3A
:1029C000206E6F20726573756C747320696E207051
:1029D00061796C6F61640D0A0000000064617465C8
:1029E00000000000636F64655F64617900000000AF
:1029F00068696768000000006C6F7700746F64613D
:102A00007920646174653A257320636F64653A25A3
:102A10007320686967683A2573206C6F773A25736D
:102A20000D0A00002DE9F04104460D46668C002099
:102A30000423C6F30511E2680BE000BF03EBC007F7
:102A4000D7595FEA871C03D527F07F47AF4202D0F2
:102A5000401C8142F2D8814203D002EBC000BDE8A5
:102A6000F0814FF0806000EBB6204FEAB0506084F8
:102A7000C0F30510C10010460BF06CFFE060608CE5
:102A8000C0F30510401E0DD06FF00702E16802EBA5
:102A9000C00601EBC0030E44401ED6E90016C3E990
:102AA0000016F3D10821E0680CF03EF808200BF086
:102AB000A1FEE168086011F0CCFCE168486840F0D4
:102AC00000704860E16865F317004860E068C6E799
:102AD00038B50C480D46144690F820004FF002011E
:102AE000C0074FF0120002D010F09AFB01E010F086
:102AF000AFFB2246294605F0D3F90090BDF800004F
:102B000038BD0000C00501202DE9F0474FF0000C52
:102B1000DDE90964089DDDF82CA0E1466F1E09BBC4
:102B2000052A03D0062A01D0042A02D10023012D50
:102B300001D0002109E001225FF000019C4436F839
:102B40001180491CC4440FFA8CFCA942F6D3ACEBAB
:102B5000030109B2072A2AD2DFE802F004070B2991
:102B600021160D00A4F8009021E0411A01EBD1716B
:102B700012E0411A11E0411A09B23AB291FBF2F1A6
:102B8000A4F800900BB212E0411A09B22AB291FBEC
:102B9000F2F10BB203EBD3714910218007E0411A27
:102BA0000AB2691C09B292FBF1F10BB22380002139
:102BB0000BE000BF34F8112036F811C0624404EB7A
:102BC000410C1A44ACF80220491CB942F2D304EB80
:102BD000450106EB450231F8021C32F8022C114483
:102BE0002288891A0AB2BAF1000F0CD0002108E03D
:102BF00034F8113036F81170C31ADB1B24F8113089
:102C0000491CA942F4D31046BDE8F08770B58AB0DC
:102C10000446FFF745F905462046FFF747FD002D1E
:102C20005CD000285AD069462046F5F701F80C21FF
:102C300007A80BF079FF2046002132220EF006FB98
:102C400005462046002112220EF000FB46192046C0
:102C5000002110220EF0FAFA054420460DF01DFD69
:102C6000A18A3144081AADF8240020460DF01CFD5D
:102C7000E18A2944081AADF82600002507E000681B
:102C800007AA694650F8250001F0E0F86D1CA0681D
:102C90004168A942F3D800980BF026FE01980BF08A
:102CA00023FE02980BF020FE03980BF01DFE00217E
:102CB00020460EF0D3FB0546002120460EF0F8F822
:102CC00042F2D1718D4201D0884202D120460FF0EC
:102CD00009FB00222B21204608F090FD0AB070BDB0
:102CE0000021A0F13002092A01D8D1B216E06128F2
:102CF00001D32038C0B2413806280FD2DFE800F0F7
:102D0000030507090B0D0A2108E00B2106E00C2141
:102D100004E00D2102E00E2100E00F21084670477B
:102D20002DE9F0470446406A4FF4404103F008FDA6
:102D300094F92E10A08D0122FFF7CEF80546206BE6
:102D400018B300264FF002084FF00309AF1D4FF4EF
:102D5000004A17E0206BA28D30F8261091420FD167
:102D600008EB8601415694F92E20914208D109EBD7
:102D7000860140565246384481B2606A03F0EEFF45
:102D8000761CB6B2A08EB042E4D8A08D218D8842C8
:102D900011D194F92E1094F92A0081420BD194F9A3
:102DA0002B00AD1D284481B2606ABDE8F0474FF4A6
:102DB000804203F0D3BFBDE8F0872DE9F04104461F
:102DC000806D0D4600282BD0A968022230F92170B1
:102DD00002EB8101465EA87B01280AD1B4F91000FC
:102DE000B84203D1B4F91200B04202D0201D00F065
:102DF000BFFC201D00F06CFD002811D127816681E9
:102E0000A87B012804F104000CD000F0B1FC201DC7
:102E100000F05EFD002803D1208920826089608255
:102E2000BDE8F08100F0B2FBF1E7000070B5254C81
:102E30000546042160680EF025FC002828D0296B87
:102E40006068814224D00DF089FA0646286B08B1EB
:102E50000DF084FA86421CD11EB1606809F0F6F8C4
:102E60000FE0286B40B10F21A26808F0C7FC28468C
:102E700000F02EFD00280BD1D4E901020E2108F04C
:102E8000BDFC284600F024FD002801D160682863BD
:102E900070BD78B12B6B53B1A26888B11021184670
:102EA00008F0ACFC284600F013FD0028F0D1002EFD
:102EB000E2D0D2E7286B0028F9D00F21A268EFE713
:102EC0000F21ECE7880000202DE9F0470D4604466D
:102ED000897B40794FF0000801292AD0010708D5E5
:102EE00020F0080121F00101C4F84880617184F8E4
:102EF0000880277AA87B20726868E060D4F8549034
:102F00005FEA09007ED009F00BF9BF4E002870601F
:102F100078D0A87B08B1A5F80C80484609F000F9E4
:102F2000706000286ED0A97B012905D000296AD0E5
:102F30000EE1000766D4DCE717B1012F36D007E1B8
:102F400012F034FDA06469680A2906D0142917D04C
:102F5000132918D01B291AD024E070680EF0BDFE8A
:102F600020B9102170680EF08DFB08B1012700E038
:102F70000027484609F0CEF88743D9D101216AE0FD
:102F8000A889401E01E0A889401CA881E0E01B211F
:102F9000484609F02FF9201D00F09AFC002831D195
:102FA000202158E0484609F025F958E06079C0072B
:102FB0003ED1A06C12F0F4FC2168898B88426079C4
:102FC00034D940F00100607112F0F0FCE0646868F0
:102FD0000A281CD170680EF080FE20B9102170689C
:102FE0000EF050FBB8B1484609F0A1F801280ED9FF
:102FF000484609F08FF880F00101484609F00BF9C6
:10300000202101E090E030E070680CF0FBFC60797A
:1030100040F001009BE0D6E90102052108F0EEFB3B
:10302000201D00F055FC00287ED1F0E7C0071BD022
:10303000E06C12F0B5FC2168C98B884214D912F0FB
:10304000B5FCE06469680A2904D0142998D01329D2
:10305000A8D198E70621D6E9010208F0CFFB201D90
:1030600000F036FC00285FD172E0012F70D1696852
:103070000A2967D10EF031FE20B9102170680EF0D8
:1030800001FBA8B3484609F045F8002860794FEAEB
:10309000C07052D020B1484609F049F8012847D8FD
:1030A000D6E90102082108F0A9FB201D00F010FC60
:1030B00000286FD1D6E90102042108F09FFB201DF2
:1030C00000F006FC002865D1D6E90102072108F0CE
:1030D00095FB201D00F0FCFB00285BD10A2148462F
:1030E00009F088F8201D00F0F3FB002852D129E0F8
:1030F000FFE7D6E90102082108F080FB201D00F05F
:10310000E7FB002846D16079C00704D1D6E9010267
:10311000042108F073FB201D00F0DAFB002839D1F0
:10312000D6E90102072100E034E008F067FBD9E7A7
:10313000202170680CF066FC04E018B901214846B3
:1031400009F069F8C4F84880607920F001006071E6
:10315000C6F80480A88900281CD0484608F0DAFF89
:103160000028B5F90C0029D0002815DA4FF0000628
:103170000BE000BF4FF01401484609F03BF8201D5A
:1031800000F0A6FB002805D1761CB5F90C004042E2
:10319000B042EFDCBDE8F087FCDD002609E013213A
:1031A000484609F027F8201D00F092FB0028F1D1D5
:1031B000761CB5F90C00B042F1DCEBE7002811DA1F
:1031C0004FF0000608E0484608F088FF201D00F098
:1031D0007FFB0028DED1761CB5F90C004042B042DE
:1031E000F1DCD7E7D6DD002608E0484608F018FFF6
:1031F000201D00F06DFB0028CCD1761CB5F90C0029
:10320000B042F2DCC6E700008800002070B504463A
:10321000C06A002870D194F84100C0076CD14FF407
:103220000046656A03E028460DF0DEF80546002DED
:1032300062D0314628460EF025FA0028F3D1B4F9C1
:103240001400002801DD014600E041422B4A92684B
:1032500013689B7E994209DAB4F91610002900DC44
:103260004942994202DA0021A187E187A18F0844EF
:1032700000B2A087E18FE38A0028194409B2E187F0
:1032800001DD034600E043421668F67EB34206DCE9
:10329000002901DD0B4600E04B42B3422CDD012347
:1032A00084F84130002801DD034600E04342002954
:1032B00001DD0E4600E04E42B34209DD002894F8DD
:1032C000400020F0F00001DD20300AE0103008E07E
:1032D00094F84000002920F0F00001DD803000E08B
:1032E000403084F840000C21284608F087FA204638
:1032F000BDE8704000F0ECBA70BD0000880000200E
:103300002DE9F0470E460446897B40794FF00008CE
:10331000012923D0010708D520F0080121F001017F
:10332000C4F84880617184F80880D4F854905FEA4A
:1033300009007CD008F0F4FE664D0028686076D065
:1033400080210EF0ABF90746E1687068E060207AF2
:10335000B27B2272B27B012A03D003E0000766D45D
:10336000E3E708B1AFB3B0E012F020FBA0647168EE
:10337000092903D00B2909D087B1A6E000214846CE
:1033800008F049FF484608F04BFE56E00021484649
:1033900008F041FF484608F0A1FE4EE00A2902D09D
:1033A0001B290BD016E00A21484608F023FF201DF8
:1033B00000F08EFA00283AD1012137E01B2148465F
:1033C00008F018FF201D00F083FA00287FD120218B
:1033D0002CE003E0484608F00DFF2EE0012A01D062
:1033E00032B372E0012870D170680A2809D1D5E99A
:1033F0000102022108F002FA201D00F069FA0028FB
:1034000065D16079C00720D1A06C12F0C9FA21689B
:10341000898B8842607916D940F00100607170682C
:103420000A2852D112F0C2FA0521E06401E04EE010
:103430001FE0D5E9010208F0E1F9201D00F048FA8B
:10344000002844D141E0C0073FD0E06C12F0A8FA58
:103450002168C98B884238D912F0A8FAE0647168F3
:103460000A2904D0092989D00B29B3D18EE7062176
:10347000DCE7012829D171600A2920D1D5E90102B0
:10348000082108F0BBF9201D00F022FA00281ED107
:103490006079C00709D1D5E90102042108F0AEF92D
:1034A000201D00F015FA002811D1D5E901020721ED
:1034B00008F0A4F9201D00F00BFA002807D1C4F889
:1034C0004880607920F001006071C5F80480BDE893
:1034D000F08700008800002070B5044600680D46A3
:1034E00009880069A1826988E1820268117CC1F3C0
:1034F0000111022901D003290AD111882A88891AC9
:10350000491E298001686A884988891A491E69808C
:103510000168097CC1F30111012901D0032907D1F8
:1035200069882A886A8000684088401A401E28807E
:103530002068006905F098F82068006905F0DAF85D
:10354000206D78B1B4F91020B5F900108A4205D188
:10355000B4F91220B5F902309A4203D0B5F902202D
:103560000FF026FC28882081688860812079012856
:1035700004F1040006D000F0FBF820892082608965
:10358000608270BD00F002F8F7E700002DE9F0411D
:10359000764D0446406A6860617809077DD4A96861
:1035A000002609680F6930B1E16A39BB4FF4005158
:1035B0000EF068F810BB384605F06CF8211D09F0D4
:1035C000D2FD686070B9384605F06CF8211D09F02D
:1035D000CAFD686030B9384605F076F8211D09F05B
:1035E000C2FD6860A06A48B1A683E6832046F1F771
:1035F000F4FF204600F06CF900284ED1606A69683B
:1036000088423CD0A188A181E188E18140B10321B9
:10361000AA6808F0F3F8204600F05AF900283CD1D7
:1036200068686062A06250B312F0C0F960646078AC
:10363000012120F0010060702683668394F8400029
:1036400020F0FF0084F8400084F84160A687E687F8
:10365000A682E682D5E9010208F0D0F8204600F003
:1036600037F900287FD1A868417909077BD4001D6C
:10367000FFF7DCFB204600F02BF9002873D1A0886F
:10368000A189401A00B2A082E188E289891A09B2B0
:10369000E182B4F91C20104400E064E000EBD0703B
:1036A0004010A083B4F91E00084400EBD070401015
:1036B000E083E06920626868002854D00221AA688B
:1036C00008F09CF8204600F003F900284BD1A868C8
:1036D0004079000747D42046F1F7C8FE204600F0A5
:1036E000F7F800283FD12046FFF790FD204600F074
:1036F000EFF8002837D1E06A002834D16078C0079D
:103700001DD1606C12F04CF9AA681168898B88424F
:103710000FD90521686808F071F8204600F0D8F844
:10372000002820D1607840F00100607012F03EF96E
:10373000A064E06A002816D16078C00713D0A06C9E
:1037400012F02EF9AA681168C98B88420BD906219C
:10375000686808F053F8204600F0BAF8002802D153
:1037600012F024F9A064BDE8F08100008800002078
:103770002DE9F84304464078444E00074FF0000519
:1037800011D5606A0321B26808F038F8204600F0CD
:103790009FF8002877D16562A5626564A5646078AA
:1037A00020F008006070606A7060D4F82C800028F7
:1037B0005ED00821B26808F021F8204600F088F8B1
:1037C000002860D1B8F1000F16D16078C00709D188
:1037D000D6E90102042108F011F8204600F078F83B
:1037E000002850D1D6E90102072108F007F8204649
:1037F00000F06EF8002846D165626564A564B8F1F2
:10380000000040D04FF48079009500274E460546D1
:1038100000216E220DF01AFD384407B2284600211F
:103820006D220DF013FD00B2C11700EB1160001204
:1038300010FB06F006B228460CF0D6FD0500E7D1D5
:103840000FB94E4514D0784205B24FF4803090FB4A
:10385000F6F006B26B463246294604F11C000FF022
:1038600029FD6B463246294604F120000FF022FD67
:10387000B8F1000F07D02046F1F7AFFE2046BDE8B3
:10388000F84300F025B8BDE8F88300008800002068
:103890004279910718D500218162C1620163816478
:1038A000C1648183C18390F8443022F0030223F085
:1038B0000F0380F8443001844184A0F84010A0F840
:1038C00042104271014841607047000088000020AA
:1038D0004078810702D5034A00215160C0F34000BF
:1038E00070470000880000202DE9F041044690F860
:1038F0002A00C00738D0A08C0721B0FBF1F0E18C82
:10390000B1FBF0F200FB121200EB40010A4492B24C
:10391000B2FBF0F300FB13200844E2842085002171
:1039200020460DF026FD0546002120460DF04EFDF7
:103930000746B5F9085020460CF0A8FC064620467C
:10394000FEF7ABFC0246E18CE819414306EBD6706A
:1039500005EBD573BDE8F0414010A0EB6300401AC1
:1039600001B210460FF0F7BBBDE8F0812DE9F84336
:10397000C56A0446802128460DF084FE4D4FFE0C9A
:10398000C8B128460CF07BFE01281DD0022828D0A3
:10399000032837D0E786668728460CF069FE0128A1
:1039A00047D0022850D003285AD0A7862687A08E59
:1039B000002872D072E0334639463A4604F13400AA
:1039C000009602F0A0FCF2E7E88A0023401C01B256
:1039D00032462846FDF706FCE086E88A401E02B221
:1039E00009E0B5F91A10002332462846FDF7FAFB24
:1039F000E086B5F91A20002339462846FDF7F2FB88
:103A00006087C9E7688BE98A0023401A401C00B22E
:103A100000EBD07001EB600808F1010001B2324602
:103A20002846FDF7DFFBE086A8F10100002302B283
:103A3000E2E7B5F91410002332462846FDF74AFBA9
:103A4000A086B5F9142009E0B5F918100023324614
:103A50002846FDF73FFBA086B5F91820002315E0A6
:103A6000288BA98A0023401A401C00B200EBD070BA
:103A700001EB600808F1010001B232462846FDF76B
:103A800029FBA086A8F10100002302B2394628468E
:103A9000FDF720FB20878AE7FFE7A786208F00B984
:103AA0002687E08E00B9E786608F002800D1668700
:103AB000BDE8F88301E0FFFF70B50D4C064600201D
:103AC0000D460A4620601D21304607F097FE20680B
:103AD00058B1017839B12946ECF758FC28B1304685
:103AE000216811F05FFB002070BD012070BD000057
:103AF00090C101202DE9F04188B01F4614460D46C3
:103B000006460EF01BF9002842D0A54240D04FF4E3
:103B1000B470854202D9A5F5B475ADB2844202D91C
:103B2000A4F5B474A4B2B18C4A1995B221448CB2F4
:103B3000854202D9A5F5B475ADB2844202D9A4F587
:103B4000B474A4B207AA06A93046FEF761F9394653
:103B500030460DF014F980463046394651220DF0BA
:103B600075FB04A908B1012200E00022CDE9022181
:103B7000CDE90048BDF81C00BDF91A1082B2BDF9AC
:103B800018002B4604F009FE04A930460EF08BF80D
:103B900008B0BDE8F0811FB5044603AA02A9FEF7EC
:103BA00037F96B46BDF90C2002A92046FEF7DEFA74
:103BB000204600F05BFC011E03DD0246684602F071
:103BC00088FB694620460EF06EF81FBDF0B505462D
:103BD000A1F57F408BB00E46FF3858D0288EB042FA
:103BE00055D9A86A00EBC601684602F010FB03A98C
:103BF00028460CF07FFB002128460DF0C1FA07464D
:103C0000002128460DF008FA044628460CF078FBFF
:103C100004F018FD0A2190FBF1F2BA4201DB90FB9F
:103C2000F1F790FBF1F33AB2A34201DB90FBF1F420
:103C3000BDF80C30BDF80000991A0844ADF800003A
:103C4000BDF80E10BDF802000F1B3844BDF804701B
:103C500000B23B441A44ADF80420BDF80620ADF88C
:103C600002001144214409B2ADF80610AA8EB242F6
:103C700009D1EA6A32F81620520504D5091A491CFE
:103C8000401AADF80200694628460EF00CF80BB059
:103C9000F0BD1CB5044601466846FEF7B7FA694612
:103CA00020460EF000F81CBD2DE9FC470446B0F894
:103CB00082000D46A8427DD920460CF001FBB4F8E5
:103CC0008410484340F30F2620460CF013FC0746AF
:103CD00094F88800010705D500F00700012806D0F8
:103CE00002286DD02046BDE8FC470DF0B9BF002189
:103CF00020460DF0B9F88046002120460DF0ECF981
:103D0000A28A40441044C01B0FFA80F920464FF4A9
:103D1000A02149220DF09AFA0FFA80F84FF40031F1
:103D200020460DF0A1FB0746A08AADF80000E28A0C
:103D3000ADF80220208BADF8040008EB0700618B82
:103D4000121A0844ADF80220ADF80600B4F882005B
:103D5000401EA84217DD06FB05F191FBF0F24A4434
:103D6000A2EB0801C91BADF80010691C714391FB5F
:103D7000F0F1494401EB08003844ADF8040069460D
:103D800020460DF090FF002D47D0681E06FB00F185
:103D9000B4F88200401E91FBF0F24A44A2EB080105
:103DA000C91BADF800106E4396FBF0F1494401EBDE
:103DB000080001E031E003E03844ADF8040028E0F9
:103DC000002120460DF040F9B4F8841048434FEA32
:103DD0002028B4F8820006EB080191FBF0F60021E0
:103DE00020460DF041F881467543002120460DF034
:103DF00073F9A18A484429444518694620460CF0C5
:103E000079FAE81B8119A0EB0800ADF80410ADF8B1
:103E10000000694620460DF046FFBDE8FC8770B5FE
:103E200005460DF0E6FB044628460CF09CFA844259
:103E300001DB012070BD002070BD28B10A2803D02D
:103E40000D2801D000207047012070472DE9F74F61
:103E50000D4682B00446B0490DF01BFC00287DD110
:103E60002046FEF72FF882462046FEF7A7FC5FEAC1
:103E7000000973D0BAF1000F70D02046FEF718F891
:103E800007462046FEF790FCDFF890B20646204633
:103E90000021BBF80E200DF0D9F900F0FF082046F4
:103EA0000021BBF814200DF0D1F9C0B201902B68AD
:103EB00007EB0A006FF00102D5F808C033F81710BD
:103EC00002EB40001B5A3CF800001844401A00B2B4
:103ED00000906B6806EB090002EB400033F8161007
:103EE0001A5AEB68185A1044401A0FFA80FB002146
:103EF00020460CF06EFF01280AD1B8F1000F03D064
:103F0000B8F1020F02D003E0022000E0002080465A
:103F1000208BA18A401A401C0FFA80FA608BE18A3C
:103F2000401A401C0FFA80F94046B8F1010F1BD02F
:103F3000022824D02868B8F1030F30F9170028D1DF
:103F40008046608CDDF800A040F400606084019839
:103F500001287BD0022877D0032800E0D8E06868E9
:103F600030F9167071D119E029680098A0EB0A00A9
:103F700031F8171000EBD07001EB600008E020462C
:103F80000DF037FB296831F8172000991144081A01
:103F900000B28046608C20F40060D7E7608CD94680
:103FA00040F48060608420460DF023FB504504D12E
:103FB00020460CF0D8F9484527D0A08AADF800007B
:103FC000E08AADF80200208BADF80400608BADF8FC
:103FD000060020460DF044FE04F11400514605464B
:103FE00002F09DF94946284602F094F920460DF06A
:103FF00037FE6A462921204607F000FC20460CF0D7
:10400000F3F92246222107F0F9FB204600216B221A
:104010000DF01CF906B2204600216C220DF016F9B5
:1040200005B220460DF0E5FA814620460CF09BF9DA
:104030000146C6F3413064224FF4FA634FF47A7CB0
:1040400001281BD027E001E00AE013E06968ABEB30
:10405000090000EBD07031F8161001EB600008E0A9
:1040600020460CF080F9696831F8162002EB0B014C
:10407000081A07B2608C20F4806093E726F4C040F1
:10408000984208DC604501DDC0F57A7000FB09F05C
:1040900090FBF2F006B2C5F3413001280BD125F4B4
:1040A000C040984207DC604501DDC0F57A704843A6
:1040B00090FBF2F005B2049A08EB06007919128918
:1040C0001044A28A801A05B2049840890844E18A03
:1040D000401A06B255EA06001AD020460DF0C0FD7F
:1040E000A08A2844A082208B28442083E08A304480
:1040F000E082608B3044608320460DF0B1FD05B056
:10410000324629462046BDE8F04F00230DF04EBE52
:1041100005B0BDE8F08F000001000600BC000020E3
:104120002DE9F041064615460F46002005E03946C8
:104130002046B04701280AD0204613F081FE040033
:1041400002D060688000F2D10020BDE8F08105B1A6
:104150002C600120F9E7000000B585B01421684605
:10416000ECF7DAF8E02000900020019001200290A6
:104170000220039069460248EDF75AF805B000BDE9
:10418000000C024000B585B014216846ECF7C4F875
:104190001B2000900020019001200290022003903B
:1041A00069460348EDF744F8FFF7D6FF05B000BDB8
:1041B000000C02402DE9F04F00208BB00546029024
:1041C00004900446DFF810B1444E4FF001084FF060
:1041D00002098246039002E00024AC4210D13BF871
:1041E0001470142105A8ECF797F805AACDF82090D3
:1041F00082E8800505A93046EDF71AF800220FE0A5
:104200003BF81470142105A8ECF786F805AACDF840
:10421000209082E8800505A93046EDF709F80122D3
:1042200039463046EDF701F9641CE4B2042CD4D3CE
:10423000FFF792FF574640F6AC51CDF800A000BF03
:104240000098401C00908842F9D300242021304679
:10425000EDF7E6F800B9012440213046EDF7E0F82B
:1042600008B944F0020480213046EDF7D9F808B9C6
:1042700044F004049CB1601E044202D0FFF782FFA8
:104280001CE0012C04D0022C1CD0042CF6D14F468B
:1042900002980028F2D10120CDE9020704956D1C97
:1042A000EDB2042D98D3FFF76DFF0298002806D0D9
:1042B00009490498091F085C032805D900200BB0A0
:1042C000BDE8F08F4746E3E7034900EB40000831C3
:1042D00001440398085CF2E7CCF90208000C0240A4
:1042E00003880A88934201D0981A70474088498809
:1042F000401A704703780A78934201D0981A7047A1
:1043000040784978401A70472DE9F041FFF752FF95
:104310000646EDF78FF8144C07460025207810B1BB
:10432000A6B9257006E02EB16078864205D0667089
:10433000A7600BE06570A56008E0A068381A162831
:1043400004D3606828B1381A642802D20020BDE87E
:10435000F081FFF72FFFB042ECD1012067602070A1
:1043600065703046A560F2E70C00002010B51348D8
:1043700086B00024016841F008010160006800F087
:10438000080005900620EDF72FFB0720EDF72CFB2A
:104390000920EDF729FB0A20EDF726FB1B20CDE9CC
:1043A0000004012002900220039069460448ECF7C3
:1043B0003FFFFFF7D1FE06B010BD000030380240CD
:1043C000000C0240094D00BFFFF79EFF040008D01B
:1043D000014607A0F0F7ACFA22460021286B16F040
:1043E00004FB022019F0BCFCEEE7000014C0012021
:1043F000E68C89E4B88BE68C89E994AEEFBC9A250B
:10440000630D0A002DE9F0414268096822F040423C
:104410008A4227D10446FDF789FCDFF84C80054627
:10442000D8F80820131BA2EB05005E1BC8F8080093
:1044300015D027466119324638460AF0A3FA06E03D
:10444000A068401BA0602046FDF770FC0444D8F82B
:1044500008008442F4D1B81929460AF065FB01200E
:10446000BDE8F0810020FBE764C101202DE9F041A7
:104470004FF440360446402231460CF0E7FE054634
:104480002046432231460CF0E1FE284405B2314675
:1044900020460CF031FF00283146204602DD0CF0AA
:1044A0002BFF02E00CF028FF4042284405B23146C1
:1044B00020460CF02DFF00283146204602DD0CF08E
:1044C00027FF02E00CF024FF4042284405B22046BA
:1044D000352231460CF0BAFE0746204638223146D6
:1044E0000CF0B4FE384400B2854200DD2846BDE839
:1044F000F0810000044910B50C8804492246EBF70E
:10450000F2FE204610BD00000800002054C7012024
:1045100010B519F0B5F9024800210180416010BDC5
:104520001C00002070B598B000241E4EFFF7F0FF6D
:104530001DA31FA260216846F0F70AFA6846EBF750
:104540001EFF82B2642369461E48EEF733FCECF787
:1045500071FF054612E06420F5F716F800F0C6FB7F
:1045600060B9194800F050F8002801DA17A00BE0F4
:1045700004DDFFF7CDFF002018B070BDECF75AFF47
:10458000401BB042E7D31AA0F0F7D2F9FFF7C0FF03
:104590004FF4FA60F4F7F8FF641C022CC6DB01202C
:1045A000EAE70000F0490200434D4E455400000088
:1045B00041542B4D495043414C4C3D312C222573E5
:1045C000220D0A0010C3012054C701204C3631309F
:1045D0003A204D495043414C4C206661696C6564FA
:1045E00020285552432F4552524F52290D0A0000A0
:1045F0004C3631303A204D495043414C4C2074697F
:104600006D656F75740D0A0070B506461AA1EBF75B
:104610008EFE040007D01BA13046EBF788FE4FF05A
:10462000FF35E0B901E0002070BD18A13046EBF77E
:104630007EFEA0B904F1090000E0401C01782029A9
:10464000FBD00929F9D0CAB2302A02D0312908D0CA
:104650000BE041780D2902D00A2900D029B928465B
:1046600070BD41782C2900D1801C2E21EBF77DFEF6
:104670000028F5D0012070BD2B4D495043414C4CD2
:104680003A0000000D0A4552524F52000A4552525C
:104690004F5200002DE9F043A9B00E468146002498
:1046A0004EF66027FFF734FF4B4625A2A02101A854
:1046B0000096F0F74DF901A8EBF761FE82B2642392
:1046C00001A92648EEF776FBECF7B4FE054621E09B
:1046D0006420F4F759FF00F009FBD8B9204821A164
:1046E0008046EBF724FE28B1FFF712FF002029B027
:1046F000BDE8F0831FA14046EBF719FE20B91FA1CA
:104700004046EBF714FE28B1324649461DA0F0F7AB
:104710000FF904E0ECF78EFE401BB842D8D3631CBF
:10472000324649461FA0F0F703F9FFF7F1FE4FF4B8
:10473000FA60F4F729FF641C032CB3DB0120D6E7F1
:1047400041542B4D49504F444D3D312C2C22257363
:10475000222C25732C300D0A0000000010C301200C
:1047600054C701202B4D49504F444D3A20312C3134
:10477000000000000D0A4552524F52000A455252A5
:104780004F5200004C3631303A204D49504F444D85
:10479000204552524F52202825733A2573290D0A7D
:1047A000000000004C3631303A204D49504F444D06
:1047B0002074696D656F7574202825733A257329F7
:1047C0002072657472792025640D0A00F0B5A1B0DD
:1047D0003FA0F0F7ADF800244FF4FA756E003246B2
:1047E00047A148A000F0D8F930B12846F4F7CCFE34
:1047F000641C0A2CF3DB01E00A2C01DB43A062E01D
:1048000040F6B8352A463EA146A000F0C5F900247E
:1048100041F288373A4646A147A000F0BDF930B1D1
:104820003046F4F7B1FE641C052CF3DB01E0052CE7
:1048300001DB44A047E02C462A4631A147A000F006
:10484000ABF949A0F0F774F8002522464DA14EA01F
:1048500000F0A2F9C0B122464EA14BA000F09CF995
:1048600090B1224647A14CA000F096F960B12246D3
:1048700048A149A000F090F930B13046F4F784FE29
:104880006D1C5A2DE1DB01E05A2D01DB45A01AE039
:104890004CA34EA280216846F0F75AF83A4618A178
:1048A000684600F079F908B14FA00CE0FFF73AFE36
:1048B00008B153A007E03A4611A159A000F06CF9E5
:1048C000002803D05CA0F0F733F8012021B0F0BD40
:1048D0004C3631303A206D6F64656D206C696E6BBB
:1048E00020284669626F636F6D20617070206E6F63
:1048F00074652056312E302E31290D0A000000003B
:104900004F4B000041540D0A000000004C3631307E
:104910003A206E6F20415420726573706F6E73651C
:104920000D0A000041542B434D45453D320D0A0010
:10493000524541445900000041542B4350494E3FD9
:104940000D0A00004C3631303A2053494D206E6F2D
:10495000742072656164790D0A00000041542B4394
:1049600053513F0D0A0000004C3631303A20776138
:104970006974205053206174746163682E2E2E0D6B
:104980000A000000302C310041542B434752454768
:104990003F0D0A00302C350041542B43455245470A
:1049A0003F0D0A004C3631303A2043532F505320EC
:1049B000726567697374726174696F6E206661698C
:1049C0006C0D0A00434D4E455400000041542B43EA
:1049D0004744434F4E543D312C224950222C22252E
:1049E00073220D0A000000004C3631303A20434754
:1049F00044434F4E54206661696C0D0A000000006C
:104A00004C3631303A204D495043414C4C20616383
:104A1000746976617465206661696C0D0A00000036
:104A200041542B47545345543D22495052464D540E
:104A3000222C310D0A0000004C3631303A20475408
:104A400053455420495052464D54206661696C0DBF
:104A50000A0000002DE9FF4114460D46060012D061
:104A60008DB184B1FFF754FD64230A223AA13D4879
:104A7000EEF7A0F940F22B170A20F4F785FD00F0BD
:104A800035F920B163E0012004B0BDE8F08136487B
:104A900036A18046EBF74BFC002858D035A14046A4
:104AA000EBF745FC002852D033A14046EBF73FFC22
:104AB000F0BB33480088B0F5806F01D340F2FF307F
:104AC000294900270F5429A14046EBF730FC78B361
:104AD0002C21EBF74AFC58B303A9CDE90017039743
:104AE00002AB01AA029727A1401CEBF767FC032841
:104AF0002FD1019A172A2CD802983B2829D803993C
:104B00003B2926D84FF461635A43C0EB001002EBF7
:104B1000800008441E4900F5E140B0FBF1F201FBC2
:104B20001200B0FBF3F131703C21B0FBF1F200E078
:104B30000FE0B2FBF1F301FB13222A70B0FBF1F29C
:104B400001FB12002070FFF7E3FC00209CE77F1EB2
:104B500092D2FFF7DDFC96E741542B43434C4B3F89
:104B60000D0A000010C3012054C701202B43434C01
:104B70004B3A00004F4B00000D0A4552524F520075
:104B8000080000202532753A2532753A2532750025
:104B90008051010000F0AAB870B505460A20B2FBAA
:104BA000F0F40E46FFF7B4FC2846EBF7E8FB82B2C0
:104BB000642329460B48EEF7FDF80EE000F096F866
:104BC00040B931460848EBF7B2FB18B1FFF7A0FC3B
:104BD000002070BD0A20F4F7D7FC641EEED201203D
:104BE00070BD000010C3012054C701200A460146D1
:104BF0004FF47A730148EEF7DDB8000010C30120CE
:104C000010B54FF496642046F4F7BEFC64230322EB
:104C10000DA10E48EEF7CEF82046F4F7B5FCFFF7ED
:104C200077FC40F6B8320AA10AA0FFF7B5FF41F2BF
:104C3000883207A109A0FFF7AFFFFFF769FCBDE8C5
:104C400010400AA0EFF774BE2B2B2B0010C30120DD
:104C50004F4B000041540D0A0000000041542B4D01
:104C600049504F444D3D300D0A0000004C36313064
:104C70003A20544350207472616E73706172656E95
:104C80007420636C6F7365640D0A000070B50C4688
:104C90000A460546014608A0EFF74AFE2146284687
:104CA000FFF7F8FC08B1012070BDFFF731FC09A047
:104CB000EFF73EFE002070BD4C3631303A204D49B2
:104CC000504F444D205443502025733A25730D0A0C
:104CD000000000004C3631303A207472616E7370FF
:104CE0006172656E74204F4B0D0A00000A4810B5C2
:104CF000008878B1094C2188884207D1ECF79AFBEB
:104D00006168401A322805D9002010BD2080ECF7D8
:104D100091FB6060012010BD080000201C000020F5
:104D2000F0B5D1B00D46040050D0002D4ED028A3D0
:104D30002C4A4FF4A0716846EFF70AFEFFF7E8FB34
:104D40006846EBF71CFB81B26846FFF74FFF002671
:104D50004FF44877FFF7CAFF28B10A20F4F714FC94
:104D6000761CBE42F6D320480188B1F5806F02D38D
:104D700040F2FF3101801D49008800260E541CA11D
:104D80001A48EBF7D4FA08B1001D03E0FFF7C0FBA7
:104D90001CE0401C01780029F8D07B29F9D10022C1
:104DA000114603E0A754491C9AB289B2475C17B177
:104DB000531CAB42F6D3A654FFF7AAFB0EA1204624
:104DC000EBF7B5FA10B1002051B0F0BD0120FBE7C0
:104DD0005355476557363264396F313954617537E9
:104DE000780000006CB704080800002054C70120B8
:104DF0000D0A0D0A00000000726573756C74730073
:104E000070B5054606F0B8FC0446284606F0F2FCEC
:104E100006460BF0E9FA05462A2C01D0292C0BD1C5
:104E20000021304609F036FA284614F0D1FD284614
:104E3000BDE8704015F096BF70BD2DE9FC410646F7
:104E400014468846D80729D004F10800012500221D
:104E500006F114010746EFF7C6FF58B100208DF8A0
:104E600000006A4612213046019706F0C7FC9DF803
:104E7000000098B16089218A0844401EE081B4F99D
:104E80000E10B4F90600814200DDE08102B02A462E
:104E900021464046BDE8F04104F06CB90025EEE73C
:104EA0002DE9F041074688B01D461646884608465B
:104EB000F0F702FE044602A940460BF01BFA224618
:104EC000114602A801F005FA022E05D0012E29D0C4
:104ED000002008B0BDE8F081DDE90201CDE9040160
:104EE00000231A4604A940460CF0D0FA04AA6846EA
:104EF000B968EFF750FF0028EBD0DDE90001CDE9FC
:104F000006010123002206A940460CF0BFFA06A9BB
:104F100002AA0846EFF73FFF0028DAD0069828607B
:104F2000079809E002AA6846B968EFF734FF00283D
:104F3000CFD000982860019868600120C9E7000080
:104F400070B504460BF050F90646002506E0A0684F
:104F5000006850F82500FFF7F3FF6D1CB542F6D34B
:104F6000608CC1071AD020F00100608420460DF04B
:104F7000B9F920460DF0D8F886B1002120460BF093
:104F8000A9FF58B10C494968884207D80B490968FC
:104F900001EBC00050E9022120469047608C810758
:104FA00008D520F0020060842046BDE87040002152
:104FB0000CF0FEBF70BD00009400002020C1012055
:104FC0000C4800B5016887B041F00101016000683C
:104FD00000F0010005900120C102CDE9001002900F
:104FE0000220039069460448ECF722F900F006F825
:104FF00007B000BD303802400000024000224FF4EC
:1050000000610148ECF711BA000002400122D10210
:105010000148ECF70ABA00000000024010B5FFF7A3
:10502000CFFF472140F2F31000F00CF8BDE810402C
:1050300000F03CB802494FF4E170096848637047DA
:1050400054CB012010B5104A88B00024C2E90240B8
:105050000C4B9461C2E900311046EDF76CFB1C214A
:105060006846EBF759F96020CDE900040022694653
:1050700005480294EDF7F9FA00210348EDF7BCFB6F
:1050800008B010BD0008004054CB01200249962012
:10509000096848637047000054CB012002494FF46F
:1050A000967009684863704754CB0120024900207C
:1050B000096848637047000054CB01202A4C00BFA8
:1050C00019F0DEF900F00305F2F75CFD6179884222
:1050D00015D06071F2F75EFD032803D8042100F0BB
:1050E00017FA23E0042802D0052803D01EE005218A
:1050F000012001E005210020F2F704FB16E02078F2
:10510000032809D8607885420FD0284619F0AAF9FB
:1051100020700020A07108E0042806D06078854245
:1051200004D0284619F09EF9207065702078062872
:1051300015D2DFE800F00306090C0F12FFF7B6FFE7
:105140000DE0FFF7A3FF0AE0FFF7A8FF07E0FFF776
:1051500071FF04E0FFF75AFF01E0FFF74FFF022065
:1051600018F0FEFDACE7000014C001202DE9F04767
:105170008046089D1F46E86900FB01F39B1200284A
:1051800007DD934207DD00BF95F8280080070DD4A6
:105190008BE09342F8DBCB1943439B12002808DDD8
:1051A000934239DA95F8280080077ED40120BDE8C3
:1051B000F0879342F6DCA869521C504340F39500F7
:1051C0000312C0B2FF22002828D000BF6E6AC0F1CF
:1051D000FF0404FB06F4A2EB242600BFA3EB0104AA
:1051E000A14636D0002C15DBBC4213DAC0F1FF001B
:1051F000C6F1FF014843A2EB6020C1B295F8280038
:10520000800701D5C1F1FF0118F8040011F05EFD1F
:1052100008F80400641C1CE0A869CEE74FF0FF0604
:10522000DCE7002C10DBBC420EDAA6EB6000C1B25A
:1052300095F82800800701D5C1F1FF0118F8040096
:1052400011F044FD08F80400686A641C361ABC4278
:1052500002DA686AB042E4DBBC4218DA002C16DBE2
:10526000A869704380127043C0F34721E8690028A1
:1052700001DAC1F1FF0195F82800800701D5C1F1DD
:10528000FF0118F8040011F021FD08F8040095F85A
:105290002800800707D54946B94506DC00290DDB03
:1052A000404609E001E0641C01D500207FE7BC42D4
:1052B00004DC391B08EB040009F036FC022076E719
:1052C0002DE9F05F06460A9F8A461D46B86900FB35
:1052D00002F18C12002800DD641C97F82830544538
:1052E00002DA980707D4D5E08C120AEB050CA44526
:1052F00002DA98077ED483E0521C424341F39501C1
:1053000042F395044FEA2129221204F0FF08C9B2A2
:10531000A9EB0A04914505D0002803DA11B9FF2151
:105320009146641E914528D1002C0CDBAC420ADA70
:1053300001EB08004108980701D5C1F1FF01305D7C
:1053400011F0C4FC305597F82800641C800706D57E
:10535000A9EB0A01A9424DDA8EE030460AE0AC42E0
:1053600000DD2C46002C45D006DD00BFA5EB040176
:1053700006EB040009F0D8FB89E04FF0FF0B002892
:1053800044DAF869404248434FEAA028002C0DDB7C
:10539000AC420BDA08FB01F0C0F34721980701D5B6
:1053A000C1F1FF01305D11F091FC3055B969A8F1F0
:1053B000FF0041438812641E11D4AC420FDAC8F1D9
:1053C000FF014143ABEB6120C1B297F82800800791
:1053D00001D5C1F1FF01305D11F078FC305597F82F
:1053E0002800A41C800709D5A9EB0A01491EA9427F
:1053F0004DDC00E04EE00029AFDC48E0AC4202DDCD
:105400000120BDE8F09F002CB0DA40E0C1F1FF00C0
:10541000F96941434FEAA128002C0EDBAC420CDABB
:1054200000FB08F0ABEB6020C1B2980701D5C1F1D9
:10543000FF01305D11F04AFC3055B969C8F1FF0039
:1054400041438912641C0ED4AC420CDA4843C0F3C9
:10545000472197F82800800701D5C1F1FF01305D91
:1054600011F034FC305597F82800641C800707D5EC
:10547000A9EB0A01A9420DDC0029BFF66EAF06E0D8
:10548000AC4200DD2C46002C04D03FF76FAF4FF04C
:105490000200B6E74FF00000B3E77CB5446A07F0BE
:1054A00045FD054607F083FD04280CD1E18E20461A
:1054B00021870AF053FF064606F02CFE18B10021A2
:1054C000304606F0A8FE284607F071FD012804D0FA
:1054D000284607F06CFD03280AD101A9284607F0E9
:1054E0003BFDBDF906102046FCF7ACFDE0862087A9
:1054F000204605F00DFEA06A10B920460CF0B0FB66
:10550000E08E00906A461C21204606F077F97CBDAB
:1055100070B50E46044618F0B3FF00F00305032CE7
:1055200009D818F0C9FA0448047045708671BDE8BE
:10553000704018F003BB70BD14C001200C4800B5CA
:10554000016887B041F0020101600068694600F01F
:10555000020005902020009001200190029002207E
:1055600003900448EBF764FE00F006F807B000BDB6
:105570003038024000040240012220210148EBF7AC
:1055800054BF000000040240002220210148EBF734
:105590004CBF00000004024008B50E4D4FF0FF3430
:1055A00022466946E86B19F029FC0128F8D19DF8DC
:1055B0000000012807D00228F2D107A0EFF7B8F9C0
:1055C000FFF7DAFFECE708A0EFF7B2F9FFF7DCFF2F
:1055D000E6E7000014C00120E689A7E8A18CE58574
:1055E000B3E994810D0A0000E689A7E8A18CE5BC27
:1055F00080E994815C720A002DE9F04107468846F3
:1056000000261448F0F77BF904461DE021461148B6
:10561000F0F787F905462068B84200D09FB9616865
:10562000414502D0B8F1000F0DD121460948F0F7ED
:1056300001FA216909B120468847204609F066F938
:10564000F1F7D8FD01262C46002CDFD13046BDE80D
:10565000F0810000CC02002070B505460C460948D8
:10566000F0F74DF90BE00168A94204D14168A1426D
:1056700007D0002C05D001460248F0F752F9002867
:10568000F1D170BDCC02002010B50446442109F0D0
:105690004BFA4FF4FA70E062002020626420A062AE
:1056A0000120A4F840000448E06194F8420040F072
:1056B000010084F8420010BD2357010838B50446A4
:1056C0004FF480650095D4E90B200023194609F0BA
:1056D00073F84FF46E7332220021009500F0CCFF76
:1056E000226AA16A891A414302EBA12038BD38B56C
:1056F00004464FF480650095D4E90B200023194639
:1057000009F05AF840F2B6334FF461720021009567
:1057100000F0B2FF226AA16A891A414302EBA1207C
:1057200038BD38B504464FF480600090D4E90B20B2
:105730000023194609F040F8226AA16A891A4143F8
:1057400002EBA12038BDD0E90B128A4201DB806A4E
:105750007047006A70478B1A002B00DC531A4FF415
:105760007A714B43B3FBF0F0002800D10120704761
:1057700070B54168054611B12868FFF73DFF19482B
:10578000F0F74FF9184E10B110F010F9706015488D
:10579000F0F7DAF8040024D04422294609F0F2F8A0
:1057A0002868A84200D12460717894F8420061F31F
:1057B000820084F84200C0070FD0616939B12046E9
:1057C0008847216A01442162A16A0844A062626894
:1057D0001AB1206808B1216A9047F1F70BFD204605
:1057E00070BDFEE7CC0200203C00002070B5458D66
:1057F000848D0023A54201D22B4602E0C5F5B47585
:105800002C448B420FD8A1420DD8E21AB1EB520FB3
:10581000416B02D841F0080101E021F00801416329
:1058200041F0100134E04FF4B475934207D19E1A51
:105830002644AE4203D0416B41F00801F0E79342A9
:1058400009D3C2F5B4768E4205D8A94203D8416B7C
:1058500041F008011AE0934206D2D61AC6F5B47692
:105860008E4201D8A942F2D92244AA4205D819444D
:10587000A14210D3914206D90DE0A2F5B4728A423A
:1058800009D3A14207D9416B21F0080121F0100191
:105890004163012070BD002070BD10B500200C4692
:1058A0008884872161852D22A285E1844900218594
:1058B000616B21F0060161634FF40041E185616B8A
:1058C0002086642041F00801608621F001006063B9
:1058D0001001A06310F06AF8E063208DA4F8400086
:1058E000606B022120F010006063204609F066FC26
:1058F0004FF4447120460AF04BF82046BDE81040B2
:105900000D210DF074B900002DE9F04FAFB0044641
:1059100005F070FF0746204605F034FF2A9028AABC
:105920002CA93846FCF774FA06A82A990AF088FAD6
:10593000BDF9A000DFF888810DF1B00A0DF1080B68
:1059400000282DDD584602F009FF02AA0021384642
:105950000BF0D8FE0020CDF83CA01390CDE90780D5
:10596000BDF8A000ADF8540006AA1A213846CDF8BB
:1059700038B005F043FFB98DB88C7A8D01441044DE
:1059800089B280B2CDE90001BDF854302CAA02A939
:105990002A9802F0D3FE06AA1B21384605F02EFFF6
:1059A0004FF40039494638460BF066FB0646494637
:1059B00038460BF0AFFB0546494638460BF004FC71
:1059C0000446494638460BF0F1FAAE4201DD314655
:1059D00000E02946844201DD224600E00246914271
:1059E00005DDAE4201DD304604E0284602E0844297
:1059F00000DD2046BDF8A010081A04B2002C34DDEA
:105A000002A802F0ABFE02AA4D46494638460BF00A
:105A100079FE0120CDF83CA01395CDE90780ADF8C3
:105A2000544006AA1A213846CDF838B005F0E6FEF3
:105A3000BDF90A10BDF95400814201DDADF80A003C
:105A4000398DB88CFA8C0144104489B280B2CDE90A
:105A50000001BDF854302CAA02A92A9802F06EFE6B
:105A600006AA1B21384605F0C9FE2DABBDF9A020C2
:105A70002CA93846FCF77AFB18A804F021F94FF45A
:105A8000403418AA214638460BF08EFF02201394AA
:105A9000CDE907802DA8099018A80A9006AA1A2116
:105AA000384605F0ABFE2DAA18A92A9804F0F4F8A0
:105AB00006AA1B21384605F0A1FE2FB0BDE8F08FE5
:105AC00058AD04082DE9F04786B08A46FD480AF033
:105AD00063FB01287ED1504605F04EFE0546504638
:105AE00005F088FE0646504605F084FE0446022D69
:105AF00011D0082D6FD0032DFCD00D2D6CD0112DA1
:105B00006BD0132D6AD0152D64D106B05046BDE878
:105B1000F047FFF7F9BE07F009FA05005AD007F081
:105B200046FA012856D101A9284607F015FA03AA1A
:105B300002A93046FCF76CF9BDF80400BDF8081066
:105B4000401AADF80400BDF80600BDF80A10401A6E
:105B5000ADF8060094F83400C00744D14FF400318A
:105B600030460BF00CF90546BDF80C004FF48031BF
:105B7000401BADF80C0030460BF084FD10B1BDF8B1
:105B80000C0008E0BDF90C00C11700EB9171B5EBFA
:105B9000A10F00DA8D10401BADF80C0000B20128F7
:105BA00002DA0120ADF80C00BDF8040010FB00F192
:105BB000BDF8060010FB0010BDF80C1011FB01F140
:105BC000884206DD606B40F0010060630FF0EEFE7E
:105BD000E06304E079E0DEE0F7E01AE15AE194F8EE
:105BE0003400C00771D0BDF9041019B9BDF8060022
:105BF00000286AD0B4F92C70628DB8B2904202D2FB
:105C000000F5B47007B2BDF9060000F08DFBA18C61
:105C1000401A618D401A05B2002D02DA05F5B475FF
:105C20002DB2BDF80C004FF41D7110FB01F0642182
:105C3000B0FBF1F8002002F005FD00EBC00101EB24
:105C400000114FF0500909EB4100B0F5A07F0CD3D3
:105C5000002002F0F7FC00EBC00101EB001109EBA2
:105C60004100A021B0FBF1F000E001204FF4B4713D
:105C70004843B0FBF8F294F834002946C0F3C00959
:105C80003046FFF7B3FD00281FD0618DB4F84020E7
:105C9000781A511A0FFA81F8A5EB080109B24FF4EE
:105CA0000C7301F58C7100B2994205D994F8342037
:105CB00012070BD500250AE0626B5FEAC26C06D4BE
:105CC000120703D5424215B201E061E00546B9F181
:105CD000000F08D0606B02070ED4C0060CD49942A6
:105CE0000AD9002508E0B9F1000F05D1616B0A0758
:105CF00002D5C90600D40546A5EB080005B2E06B45
:105D00000FF04EFEA16B41434FF47A70B1FBF0F0FF
:105D100080B2854202DC4042854200DA05B2618DE4
:105D2000B4F93220B4F9303008EB0500A7EB010CD0
:105D3000D51A4FEACC0C9CFBF5F52D1D00EB251078
:105D4000B4F92E500844009200B23A4608F034FDEF
:105D500007B2B6F92E00B8420FD00FF027FEE0636D
:105D60003946304600F0F7F9AF4206D000221C2138
:105D7000304605F043FD01280AD1B4F93000B8429D
:105D800003D0B4F93200B84202D10FF00FFEE06345
:105D900006B0BDE8F087606B20F00100606330461C
:105DA0000AF0DCFA054606F0B5F9044607F0BEF83D
:105DB00007F0FDF80428EBD1002CE9D006B0284606
:105DC000BDE8F047002106F026BA504605F010FD68
:105DD0000078B4F92E50132806D0112804D01428C6
:105DE00005D0122803D008E0F08D401C01E0F08DB2
:105DF000401E01B2304600F0AEF9B4F92E00A842C0
:105E0000C6D006B03046BDE8F04700221C2105F0A0
:105E1000F5BC504605F0ECFC044604AA03A9304644
:105E2000FBF7F6FFB068002508B1B0F91450002167
:105E300030460AF0A4FF0646BDF810102844081AA0
:105E4000BDF80E20ADF81000111809B20091BDF890
:105E50000C10121A0B18081A01B21BB212B201A8C8
:105E600000F051FA47F6FF773A4601A82168EFF7AC
:105E70007AF808B100200BE006EB450002B21146AB
:105E800001A800F026FA3A4601A82168EFF76BF85E
:105E900020717DE7002130460BF0EEF80746002127
:105EA00030460BF037F90546002130460BF08CF9EF
:105EB0000446002130460BF079F8AF4204DD394644
:105EC00003E0000058AD04082946844201DD224663
:105ED00000E00246914205DDAF4201DD384604E0B4
:105EE000284602E0844200DD204680464FF44039D7
:105EF000494630460BF0C0F80746494630460BF09D
:105F000009F90546494630460BF05EF90446494614
:105F100030460BF04BF8AF4201DD394600E0294630
:105F2000844201DD224600E00246914205DDAF4297
:105F300001DD384604E0284602E0844200DD2046C8
:105F4000801CA0EB08043046FEF790FA204404B20F
:105F5000504605F04DFCB0F90010A14200DD0C46A2
:105F6000048015E770B50C460546114600F07EF832
:105F700021462846BDE8704000F0B4B870B50C4624
:105F80000546114600F006F821462846BDE8704057
:105F900000F036B870B54FF4B47305460C4699421C
:105FA00002D9A1F5B474A4B2A88D698D421A611A00
:105FB00012B209B2002A02DA02F5B47212B2002952
:105FC00002DA01F5B47109B28E1AB4369E4203D9D1
:105FD00028460BF045FE0DE0914203DA002302460D
:105FE000214604E08A4205DA00232246014628467B
:105FF000FDF780FD2846AC85BDE8704018F0B2B9C9
:1060000070B54FF4B47305460C46994202D9A1F518
:10601000B474A4B2A98D688D0A1A091B12B209B210
:10602000002A02DA02F5B47212B2002902DA01F58E
:10603000B47109B28E1AB4369E4203D928460BF0C9
:106040000FFE0DE0914203DA00232246014604E0F0
:106050008A4205DA0023024621462846FDF74AFD1A
:1060600028466C85BDE8704018F07CB970B54FF4D7
:10607000B47305460C46994202D9A1F5B474A4B292
:10608000288DE98C421A611A12B209B2002A02DA8A
:1060900002F5B47212B2002902DA01F5B47109B244
:1060A0008E1AB4369E4203D928460BF0D9FD0DE076
:1060B0004FF40033914202DA0246214603E08A425D
:1060C00004DA224601462846FDF714FD2846FDF76E
:1060D00062FD28462C85BDE87040FDF75CBD8184DB
:1060E0000BF0BEBD70B54FF4B47305460C46994233
:1060F00002D9A1F5B474A4B2298DE88C0A1A091B3F
:1061000012B209B2002A02DA02F5B47212B2002900
:1061100002DA01F5B47109B28E1AB4369E4203D97F
:1061200028460BF09DFD0DE04FF40033914202DA5A
:106130002246014603E08A4204DA02462146284606
:10614000FDF7D8FC2846FDF726FD2846EC84BDE87F
:106150007040FDF720BDB0F92E308B420ED0B0F963
:1061600032208A4200DA1146B0F930208A4200DD3E
:1061700011468B4202D0C18518F0F4B870470A88E6
:1061800002804A8842808A888280C988C18070479C
:106190000A8802804A8842808A888280C988C180B1
:1061A00070470A8802804A8842808A888280C9882B
:1061B000C18070470A8802804A8842808A8882802B
:1061C000C988C18070470A8802804A8842808A88CC
:1061D0008280C988C18070470A8802804A884280CC
:1061E0008A888280C988C18070470A8802804A886C
:1061F00042808A888280C988C18070470A8802806C
:106200004A8842808A888280C988C18070470A880B
:1062100002804A8842808A888280C988C18070470B
:106220000A8802804A8842808A888280C988C18020
:1062300070470A8802804A8842808A888280C9889A
:10624000C18070470A8802804A8842808A8882809A
:10625000C988C1807047C1884088081A401C00B2B4
:106260007047C1884088081A401C00B27047C18836
:106270004088081A401C00B27047B0F90410B0F909
:106280000020891AB0F90620B0F90200101A401C4B
:10629000491C4843704781880088081A401C00B296
:1062A000704781880088081A401C00B270478188B6
:1062B0000088081A401C00B2704781880088081ABC
:1062C000401C00B2704781880088081A401C00B248
:1062D000704703885B1A0380838819448180418852
:1062E000891A4180C1881144C180704703880B44DA
:1062F0000380838819448180418811444180C1888A
:106300001144C180704710B5029C01804280838097
:10631000C48010BD4288491E1144C1807047028864
:10632000491E1144818070470022002801DA0122B1
:106330004042002901DA4942921C884207D9C1EB48
:10634000011101EB4101B1FBF0F3103205E0C0EBAC
:10635000001000EB4000B0FBF1F30020D9B2162989
:106360000BD92C2900D80120292900D8401C252927
:1063700000D8401C20290BD90BE0022900D30120B2
:10638000062900D3401C0A2900D3401C0F2900D342
:10639000401C1844D10601D5C0F15A0091074FEABC
:1063A000C27105D509B1B43005E0C0F1B40002E016
:1063B00009B1C0F5B47080B27047C16000680BF0DD
:1063C0004FBC00684FF0FF320168C26001F13C022F
:1063D000904202D182684A6205E001F14C0290428B
:1063E00001D182680A6300680BF03ABC10B50C4614
:1063F00000206421C4E90A0120636062A08620872E
:10640000E086608784F85C0004F13C01204600F0DF
:10641000A6F804F14C01204600F0A1F8082120461E
:1064200009F0B6FA1021204609F0B2FA20460022FF
:10643000BDE81040114600F0BEB810B50C46002172
:1064400004F13C00FFF7D8F804F14C00BDE810401F
:106450000021FFF7D1B800002DE9F0410D46314889
:1064600009F09AFE012854D1284605F085F9044622
:10647000284605F0BFF98046132C0AD0012C4AD0DB
:10648000082C48D0152C44D12846BDE8F041F5F73A
:1064900025BA4FF4003109F045F90446284605F0C5
:1064A000A7F90546B0F90000A04200DD04462C80A3
:1064B000002140460AF0E6FD0746002140460AF06A
:1064C0002FFE0646002140460AF084FE04460021C5
:1064D00040460AF071FDB74201DA394600E0314624
:1064E000844201DA224600E00246914205DAB742D0
:1064F00001DA384604E0304602E0844200DA204601
:10650000002806DAB5F900104042814200DC01465D
:106510002980BDE8F08108F134014046BDE8F04132
:106520000BF0C1BB74AD040890F85C0000F00300F0
:10653000704790F85C1001F00301022901D0806AD5
:106540007047816D491C01D0406D7047006B7047EA
:10655000816C491C01D0406C7047406A70470860EC
:10656000002048608860401EC860704738B51346F8
:1065700090F85C2002F00302022A1BD1D0E90A4203
:106580008A4201DD0D4600E01546AC4201DD2146A0
:1065900002E08A4200DC1146426A8A4200DA114671
:1065A000026B8A4206D0009300F14C0300F13002E6
:1065B00000F022F838BDF8B5456A13468D421AD06E
:1065C000D0E90A428A4201DD0E4600E01646B44296
:1065D00001DD214602E08A4200DC1146026B8A425C
:1065E00000DD11468D4206D0009300F13C0300F11E
:1065F000240200F001F8F8BDF0B591B007461698F6
:106600001C4616460D4618B3E068401C2ED0A06804
:10661000C4E90105002118461560FEF7EDFF684644
:10662000FFF732F812484FF48071CDE900400020A6
:106630000890CDE909010F480390384600216522F2
:106640000AF004FE0B906846FFF792F811B0F0BD17
:1066500000211846FEF7D0FF4FF0FF30E0603560B4
:1066600011B03846BDE8F0400BF0FABA3068CFE719
:10667000BB630108C3630108F0B5C0F5806404FB87
:1066800004F5AD0A05FB04F64FEA962C00FB00F674
:10669000B60A06FB00F745435543BF0A0CFB01FC55
:1066A00074434FEA9C2105EB45005C43DDF814E0A0
:1066B00004EB440201EB105007FB0EF700EB125005
:1066C00000EB9720F0BD10B50C461021204609F0D4
:1066D0005FF92046BDE810404FF4806108F06EBDC0
:1066E00010B50146034809F0A5F8044609F016F96B
:1066F000204610BD90AD040870B50646008E0D46CC
:106700001446A8421BD9E00608D5012130460AF0FC
:10671000B9FF18B10121304609F03AF9F06A30F8B2
:106720001510A14320F8151029463046FDF74EFA02
:10673000600504D53046BDE870400BF029BF70BD40
:1067400070B50E460546002406E03246214628462E
:10675000FFF7D2FF641CA4B2288EA042F5D870BD0A
:1067600008460021018641864FF6FF7282868162CB
:10677000C162416280F83610014900F049BB000057
:10678000A000002010B50146034809F053F8044664
:1067900009F0C4F8204610BDACAD040810B50C4695
:1067A000886A08F0B3F8E06A08F0B0F80020A06248
:1067B000E06210BD2DE9FC478A46FC4809F0ECFC7C
:1067C000012844D1504604F0D7FF0646504605F054
:1067D00011F800270446132E02D02A2E4AD01BE0BF
:1067E000608EA146002832D00025D9F8248032E0FE
:1067F000D9F82C0030F81500C0F3802048B3608E23
:1068000030B1204609F042FD0146608E91FBF0F068
:1068100001B2504605F012F8292E2FD04FF6FF7521
:10682000012E2DD0022E74D0082E6DD0062E6CD0E5
:10683000032E6BD00E2E6AD00F2E69D0102EFCD0F6
:106840000D2E7DD0152E02D15046F6F7BBF8BDE8CF
:10685000FC876D1CADB258F825000028F7D0D4A1F4
:10686000E9F794FD0028F2D058F8250000780028B8
:10687000BED1ECE7616A00F0CBFAE8E72046F9E721
:10688000504604F0B5FF06462046A18EFDF79EF95E
:1068900006F04CFB06F08BFB012801D003281BD12E
:1068A0006946304606F058FB69462046FBF76CF90E
:1068B0002146A586A8421CD0E16A31F81010C1F328
:1068C0008012002AC3D1C1F300110029BFD1A086D4
:1068D00001462046FDF77AF9A08EA842B7D0E16ABA
:1068E00031F81000C0F340210029B0D1C0F380215D
:1068F000A2E08D86ABE700BFC0F300100028A6D150
:10690000A08E019049E004E04DE08DE09CE09EE027
:10691000DFE0504604F06CFF074606F007FB064632
:1069200006F045FB042892D0022890D069463046F4
:1069300006F012FB69462046FBF726F9064600E002
:10694000CFE0A18E2046B14281D0A94201D0FDF70F
:106950003DF9A686384606F0DBFBAE4289D0E06AF8
:1069600030F81600C0F38011002986D1C0F3001062
:106970000028BFD131462046FDF728F9E06A30F8FB
:106980001610C1F340210029B4D1A18E30F81100B6
:10699000C0F380200028ADD1019601AA1C21204619
:1069A00004F02CFF53E7A18EA94238D0E26A32F8F6
:1069B0001100C0F3C013ABB1C0F3801393B9C0F39F
:1069C00000231BB194F83630DB0713D040F48070FD
:1069D00022F8110094F83600C00703D02046A18E9B
:1069E0000FF09AFEA08EE16A31F81000C0F340214A
:1069F00031B902E020F48070EAE7C0F3802171B180
:106A0000C0F3801159B9C0F3001040B9A08E0190B5
:106A100001AA1C21204604F0F1FE0128C2D1204623
:106A2000A18EFDF7D3F812E7A08EA842BAD0E16A92
:106A300031F81000C0F340110029B3D1C0F3801128
:106A400000293FF459AF02E72046A18E45E0208E91
:106A50000028A7D0504604F0CBFE074606F0A7FA60
:106A600006462FB9002006F067FA06F0A0FA06469F
:106A7000204609F073FC05F04DFBA18EA94291D18F
:106A8000022E02D0042E2AD148B394F836100020EA
:106A9000E26AC90701D110E0401C32F81010C1F3BE
:106AA0000013002BF8D1C1F38013002BF4D1C1F3F4
:106AB00000210029F0D00AE0401C32F81010C1F388
:106AC0000013002BF8D1C1F380110029F4D1A08666
:106AD000BDE6A18E2046A94201D0FDF777F8A58634
:106AE000B5E62046A18EFDF771F8504604F080FE11
:106AF0000078132813D0142836D004264FF002094A
:106B0000122857D011288AD1002120460AF084FA91
:106B1000A28E8446AA427AD1A786E26AA4E0A08E19
:106B2000A84201D1A78601E0401CA086A18E238E39
:106B3000994200D3A786A28EE66A08E0491C88B273
:106B4000A086984200D3A786A08E90427ED0A18EC8
:106B500036F81100C0F3001CBCF1000FEED1C0F3F9
:106B600080100028EAD15AE7A08EA84201D1A7865A
:106B700000E000B9208E401EA08683B2E26A09E0E0
:106B800011B1491EA18602E0208E401EA086A08E73
:106B9000984267D0A18E32F81100C0F30016002E83
:106BA000EED1C0F380100028EAD138E7ACAD04087C
:106BB0000A000000002120460AF02EFAA28E80462C
:106BC000AA4214D1A786E26A05E0491C88B2A086D1
:106BD000218E884246D2A18E32F81100C0F30013F4
:106BE000002BF2D1C0F380100028EED117E7A16A84
:106BF00006EBC2000B5A31F832001B1A5B1C43F340
:106C00004E0318440FFA80FC1046238E1DE037E037
:106C100009EBC00709EBC205CF5F4D5FAF4212DD44
:106C200031F9305065450EDC06EBC0054D5F45443B
:106C3000654508DBE56A35F81070C7F3801515B9AE
:106C4000C7F300152DB1401C80B200E00AE083427A
:106C5000DED8834247D8E2E6491C88B2A086218E5E
:106C6000884201D3A586DAE6A18E32F81100C0F37E
:106C70000013002BF0D1C0F380100028ECD1CEE639
:106C8000A16A06EBC2000B5A31F832001B1A5B1CDA
:106C900043F34E03184405B2B4F934001EE000BFBC
:106CA00009EBC00709EBC203CF5FCB5E9F4213DA4B
:106CB00031F93030A3EB0C03AB420DDC06EBC00323
:106CC000CB5EAB4208DBE36A33F81030C3F38017C6
:106CD00017B9C3F3001323B1401E00B20028DFDA56
:106CE0009DE60028B7DBA08699E600002DE9F0417B
:106CF0000F46A1F57F41FF3918D00546008EB842F6
:106D000014D3002426460CE0641C686AA4B2761CE6
:106D1000B6B250F8240009A1E9F738FB08B9641CA1
:106D2000A4B2BE42F0D1288EB04202D10020BDE80C
:106D3000F081686A50F82400F9E700000A000000BA
:106D4000808E7047038E8B4204D9C06A30F81100E0
:106D5000824301D0002070470120704770B504467F
:106D6000008E0E461546B04234D994F83600C0075E
:106D700006D0E80504D54FF480712046FFF7E0FC0B
:106D8000E80616D5218E012001290ED9002309E03D
:106D9000B34205D0E26A12F81320D20600D40020D4
:106DA0005B1C9BB29942F3D818B10121204608F030
:106DB00005FAE06A30F81610294320F8161031461B
:106DC0002046FCF703FF680504D52046BDE8704067
:106DD0000BF0DEBB70BD70B50E460546002406E024
:106DE000324621462846FFF7B9FF641CA4B2288E1C
:106DF000A042F5D870BD10B50446008E4200E06A8E
:106E000007F0C0FD2046616ABDE81040AFF3008086
:106E10002DE9F34F97B00D0079D0179C2046F0F77D
:106E20009FF865620021162217980AF00FFAC0B287
:106E30001290002117980AF02BF90B900021179857
:106E40000AF0CEF90F90002117980AF099F90290F4
:106E5000002117980AF0E0F80990179809F030FA25
:106E60000490179809F012FA618E0027C1F101020F
:106E70000299A94601FB020000B21090384685E055
:106E80004FF0000B5D460AE0E06A791930F8110016
:106E9000FAF747FF58446D1C1FFA80FBADB259F852
:106EA000250040B142A1E9F771FA20B159F8250057
:106EB00000780028E8D15DB31099608E01FB08F1DD
:106EC000B1FBF0F20F995318029A08FB023109B294
:106ED0000891109908F101025143B1FBF0F10F9AAA
:106EE0000298491E08FB0020084400B2149009993A
:106EF0000498C5F1010201FB020000B20E900028C7
:106F000001DA00200E904FF0000A564636E04BE0C2
:106F1000FFE709F1040036E0E06A30F81700FAF7FD
:106F200000FF0E9901FB0AF1B1FBFBF209998244C3
:106F300006FB01210E9A09B20AFB02F0B0FBFBF03E
:106F4000099A401E06FB0200129A00B2012A06D1DD
:106F50000A460499081A01B20498801A00B20B9AE2
:106F6000104403B2149800901144A06A09B200EBD7
:106F7000C700089AFFF7C7F9761C7F1CAE42CBD337
:106F800009EB8500001D814608F101008046608EF6
:106F900040453FF675AF17980BF0FAFA179819B0FD
:106FA000BDE8F04F0AF05CBE19B0BDE8F08F0000FC
:106FB0000A00000080F8361000210FF0ADBB70B55C
:106FC0000446008E0D46A84203D8A5F57F40FF3841
:106FD0000AD12046A18EFCF7F9FD2046A586294658
:106FE000BDE87040FCF7F2BD70BD00002DE9F04136
:106FF0000F460C4640F2E4712185012084F82A00F6
:1070000084F82B00A18584F82E0084F82F0000203E
:107010002063A086A82104F58C7007F085FD00216F
:1070200008462D4B782506E028B14207B2F1604FA3
:1070300008D0072808D253F8202000BF04EB8006B0
:10704000B2630CE025A2F9E704EB810204EB8006B1
:1070500082F8185102F58C72491CC9B2B263401C07
:10706000C0B23828E0D31EA0C4F814013846FFF798
:1070700089FB04F138016062FFF7CAFE54F8240F5F
:107080004FF40871FFF7A7FE00231A221549206864
:1070900008F048F842F2640120680CF030F8012151
:1070A00038460BF0C9FD012120680BF0D5FD94F99D
:1070B0000A202189384600F019F894F9073094F92C
:1070C0000620A188384600F0ADF82068BDE8F04100
:1070D0004FF4804108F072B8A0C101200A000000FE
:1070E000000000004DDC00082C3070472DE9F05FF7
:1070F000044688B2A08555B284F82E50012184F848
:107100002F1082464021606AFFF71AFB0026B1B2B9
:107110004022606AFFF722FE761C072EF7D3564600
:1071200029463046FBF75CF9834629460122304662
:10713000FAF7D2FE064637464FF001080BEB070977
:107140000EE000BF04EB8700434635A2042100F5A2
:107150008C700CF0CFFE08F1010000F0FF087F1CDE
:10716000B945EFD8691E5046FBF73AF90025801B58
:10717000401CC7B212E000BF04EB85003B4628A2CA
:10718000042100F58C700CF0B5FEE81D81B24022A0
:10719000606AFFF7E3FD7F1CFFB26D1CB542EBD3C5
:1071A00006EB0B05012711E004EB85003B461CA212
:1071B000042100F58C700CF09DFEE81D81B2402288
:1071C000606AFFF7CBFD7F1CFFB26D1C2A2DEBD34D
:1071D0002046FBF7A5FD606AFFF7B2FDA0F57F41F1
:1071E000FF3903D0F11D606AFFF7E9FE20460AF07F
:1071F00037FD204608F0F8FF064600250BE029463B
:10720000204608F0DFFF616A814203D022461C213C
:1072100004F0F4FA6D1CB542F1D3BDE8F09F000014
:1072200025640000018580F82A2080F82B30FBF7C8
:1072300077BD10B50C46102104F12400EEF77CFB5D
:10724000102104F13000EEF777FB002024F86C0FDA
:107250002081608060816420A080A081E080E08146
:10726000032060820520A0820A20E08247F6FF709A
:107270002082207F20F00700401C20F008002077AB
:107280004FF480702083608310BD000070B50C4601
:1072900001F1240610E000BFEEF731FB0546007B4C
:1072A000400702D4686807F031FB29463046EEF704
:1072B000C1FB284607F02AFBA06A00283046EBD124
:1072C000EEF707FB04F130050AE000BFEEF717FB0D
:1072D000064601462846EEF7ADFB304607F016FBA2
:1072E000606B00282846F1D1BDE87040EEF7F1BA96
:1072F000F8B50D467E4808F04FFF012874D12846A6
:1073000004F03AFA0646284604F074FA0446012EC0
:107310002DD0082E69D0292E68D0132E67D02C2EA0
:107320007ED0152E7FD1284604F02CFA0546014662
:107330002046F3F77DFF2646002229462046F8F72F
:1073400057FF012229463046F8F752FF022229460C
:107350003046F8F7ADFD042229463046F8F7A8FD7F
:1073600004F12400EEF75DFB002871D0B9E005F0D0
:10737000DDFD694605F0F0FDBDF80010A08A254648
:10738000081AADF80000284609F0B4F8BDF800105E
:107390004618284608F094FFB5F88410484340F397
:1073A0000F270021284609F097FE301A00B2002668
:1073B000002822DBB84203DDB5F88260761E1CE0AF
:1073C00095F8881001F00701012902D002290FD099
:1073D00013E0B5F88210491E414307EBD77001EB6B
:1073E000600090FBF7F608E01DE01DE024E027E0D8
:1073F000B5F88210414391FBF7F6B4F97C00B04236
:1074000011D0B1B22046FCF74FFC2046B4F87C10F6
:10741000FCF74AFC00222046A4F87C601C2100E016
:1074200031E004F0EBF9F8BD34F87C1FFCF73CFCCC
:1074300047F6FF702080F8BDBDE8F8400BF0D4B8E7
:10744000B4F94020B4F94C00824202DD164601E056
:107450002EE0064634F9581FB4F90C30994201DD8C
:107460000C4600E01C46A64205DD824201DD1146C5
:1074700004E0014602E0994200DC19462846BDE8D6
:10748000F84004F0DBB9284604F0B2F9054620467E
:1074900008F016FFB4F884104843001228802046F4
:1074A00008F0F4FEB4F88610484300126880F8BD76
:1074B00094F8880000F00700012804D0022807D0C3
:1074C00003280AD00DE029462046F7F733F908E0F3
:1074D00029462046F7F710F803E029462046F7F73B
:1074E00043FB29462046BDE8F840F3F7D7BC00002F
:1074F0006CAF04082DE9F04F8BB090460E460400A7
:107500001D460AD056B1B4F88210414507D8002074
:10751000288058800BB0BDE8F08FFEE7FEE72046DC
:1075200008F0CEFEB4F88410484340F30F272046FD
:1075300008F0ACFEB4F88610484340F30F200490E6
:1075400094F8880000F00700012804D003280AD02E
:10755000022819D065E0B4F8820007FB08F7401E46
:1075600097FBF0F05CE000973168002331F91800D8
:10757000317BC1F3C00204EB4201B1F97820B1F9CB
:10758000741007F019F94BE004F124000390079000
:10759000EEF7B9F981464FF4A021204609F054FDD9
:1075A000B4F884104843001206900021204609F0E8
:1075B0004BFDB4F884104FF0000A484301120291C9
:1075C000B4F88200C0F1010202FB017191FBF0F0FE
:1075D0000FFA80FB0798EEF7ABF906E0B14206D050
:1075E0000AF1010A0398EEF7A0F90100F6D102981A
:1075F000B4F88210384400FB08F090FBF1F00BFB6C
:107600000AF1B1FBF9F1069AC9F1010302FB03B2D9
:107610000144B2FBF9F000B200EBD07001EB600066
:1076200028800021204609F01FFC07460021204643
:1076300009F052FD2988384408442880204608F083
:1076400059FF2988081A28803146204600F02CF876
:1076500000EB0801B4F88200049B91FBF0F200FB00
:107660001210716880B231F91000317BC1F3001241
:1076700004EB420232F96C1F401AB2F9042058435D
:10768000511A90FBF1F0181A68800021204609F089
:10769000D1FD6988384408446880204608F0F6FF28
:1076A0006988081A688035E729B190F888000007D2
:1076B00002D448897047FEE70020704710B50AA041
:1076C000486201200C4688620221204607F076FDC0
:1076D0000821204607F072FD2046BDE810404FF417
:1076E000806107F06BBD0000436865636B20626FCB
:1076F0007800000010B591F828000C46C00704D1AE
:10770000606A07F003F90020606210BD2DE9F04FB8
:10771000BDB0054604F06EF80446284604F032F881
:107720003B900021204609F01BFE3290B0F9087012
:1077300000213222204609F089FD0546002120461D
:1077400009F054FD00EB050B0021204609F0A6FCD2
:1077500005440021204609F065FC34904FF40031C7
:10776000204609F09BFC81464FF40031204609F089
:10777000E3FC06464FF40031204609F037FD339014
:107780004FF40031204609F023FC359069224FF474
:107790000031204609F05AFD82466A224FF400313A
:1077A000204609F053FD804615A802F089FA15AA73
:1077B0004FF4003120460AF0F7F8A08A4119CA199F
:1077C00009EB06000244A2F10109E28A339802EBB8
:1077D0000B05359AEB1910441E18A1EB0A00ADF801
:1077E000E40009EB0A00ADF8E800A5EB0800ADF8ED
:1077F000E600761E06EB0800ADF8EA0003A83B9908
:1078000008F01EFB15A807902D484FF00008CDE9A1
:10781000040839A806904FF40030109003AA1A21EA
:10782000204603F0EBFF39AA15A93B9802F034FA81
:1078300003AA1B21204603F0E1FF0021204609F0A6
:10784000B3FD82460021204609F09CFD41F6FF72FF
:10785000CDF800A0CDE901280346616A2FA8329A2D
:107860000EF0BEFB27A801F05FFC27AA00212046EE
:1078700009F0ECFF701B401C00B2C01B00EBD07085
:10788000411034984844ADF89400BDF8BC20104431
:10789000ADF89800E28A0BEB01001044ADF89600B9
:1078A000BDF8BE10CDF800800844ADF89A0025AAB6
:1078B00027A9636A3B9801F097F93DB0BDE8F08FC6
:1078C000C8AD04082DE9FF5F0E463C4808F064FC93
:1078D000012862D1304603F04FFF0546304603F0E1
:1078E00089FF04464FF400382C2D09D0132D56D0B3
:1078F000152D52D104B03046BDE8F05FFFF706BF4A
:10790000304603F075FF05460021204609F028FDAA
:10791000064607890021204609F046FD81460021E0
:10792000204609F02FFD002141F6FF72CDF80090AE
:10793000CDE901210346324603A8616A0EF050FBEF
:107940000021204609F06EFB83464646414620460C
:1079500009F0A4FB81463146204609F0EDFB804644
:107960003146204609F042FC82463146204609F065
:107970002FFB024607EB0A00104407EB0901BDF894
:107980000C2041440A4402EB0B012980BDF90E1082
:1079900000B2884200DC08466880BDE8FF9F3046A0
:1079A00003F026FF05464146204607F0BBFEB5F929
:1079B0000010814200DD08462880EEE7C8AD0408CB
:1079C000F0B504464FF4FA66C1F3413077106425F0
:1079D00001280BD121F4C040B04207DCB84201DDE0
:1079E000C0F57A70584390FBF5F001B2C2F3413014
:1079F00001280BD122F4C040B04207DCB84201DDBF
:107A0000C0F57A70584390FBF5F002B2944201DA67
:107A1000204600E01046884201DA0846F0BD944254
:107A200001DA2046F0BD1046F0BDF0B504464FF433
:107A3000FA66C1F341307710642501280BD121F497
:107A4000C040B04207DCB84201DDC0F57A7058434F
:107A500090FBF5F001B2C2F3413001280BD122F4C2
:107A6000C040B04207DCB84201DDC0F57A7058432F
:107A700090FBF5F002B2944201DA204600E0104695
:107A8000884201DA0846F0BD944201DA2046F0BD92
:107A90001046F0BD002208B51146104600F007F967
:107AA0000090BDF8000008BD002208B51146104640
:107AB00000F045F90090BDF8000008BD002208B5AF
:107AC0001146104600F053F90090BDF8000008BDC3
:107AD00008B50020BDF8001060F3040189B260F31E
:107AE0004A1189B260F3CF21ADF8001088B200903E
:107AF000BDF8000008BD80B2C20AC2EBC20303EBAE
:107B00000222D21D520962F31741C0F3451202EB63
:107B1000420303EB0222D21C920962F30F2100F010
:107B20001F00C0EBC00202EB0020C01D400960F343
:107B30000701FF2060F31F61C1F30740C1F3072273
:107B400000EB400000EB8200C9B20844C0F3C7005C
:107B5000704738B50C460546FFF79CFF224629467C
:107B600000F036F90090BDF8000038BD07B5810778
:107B7000BDF8043002D020F8023B521EBDF80410BC
:107B800001EB01410EE002C0103A02C040F8081BB0
:107B900040F8041C40F8101B40F80C1C40F8081C6E
:107BA00040F8041C102AEED803E000BF20F8023B86
:107BB000521E002AFAD10EBD4FF478414FF4FC62F8
:107BC00001EA102102EA501208B51143C0F3C400C3
:107BD0000143ADF8001088B208BD4FF478414FF46E
:107BE000FC6201EA102102EA501208B51143C0F309
:107BF000C4000143ADF8001088B208BDF8B5C0EB71
:107C000000204FF4B473B0FBF3F083B2C1EB01205A
:107C10006421B0FBF1F0C2EB0222B2FBF1F110F0F3
:107C2000FF00CAB226D02B21B3FBF1F1C9B2552413
:107C300011FB04F4234403EB43035B061D0EC0F168
:107C4000FF0313FB02F31B0A10FB05F4FF26A6EB50
:107C500014245443240AC5F1FF0515FB00F0A6EBDC
:107C600010205043050A052918D2DFE801F0060963
:107C70000D1114001146084613E01046294601E094
:107C8000204611461A460CE0114618462A4608E0DE
:107C90001846214605E02846194602E010461946D6
:107CA000224600F004F80090BDF80000F8BD08B5C9
:107CB000D308BDF8002063F30402ADF800208A0861
:107CC000BDF8001062F34A11ADF80010C108BDF80C
:107CD000000061F3CF20ADF8000080B208BD08B508
:107CE000D308BDF8002063F30402ADF800208A0831
:107CF000BDF8001062F34A11ADF80010C108BDF8DC
:107D0000000061F3CF20ADF8000080B208BD08B5D7
:107D1000D308BDF8002063F30402ADF800208A0800
:107D2000BDF8001062F34A11ADF80010C108BDF8AB
:107D3000000061F3CF20ADF8000080B208BD08B5A7
:107D4000D308BDF8002063F30402ADF800208A08D0
:107D5000BDF8001062F34A11ADF80010C108BDF87B
:107D6000000061F3CF20ADF8000080B208BD08B577
:107D7000D308BDF8002063F30402ADF800208A08A0
:107D8000BDF8001062F34A11ADF80010C108BDF84B
:107D9000000061F3CF20ADF8000080B208BD08B547
:107DA000D308BDF8002063F30402ADF800208A0870
:107DB000BDF8001062F34A11ADF80010C108BDF81B
:107DC000000061F3CF20ADF8000080B208BD0000D4
:107DD00008B5121DD3080A4A89B280B241EA0141AE
:107DE00040EA004011401040401A584301EB501047
:107DF000104040EA1040ADF8000080B208BD00001D
:107E00001FF8E00708B5121DD3080A4A89B280B2EC
:107E100041EA014140EA004011401040401A5843F5
:107E200001EB5010104040EA1040ADF8000080B265
:107E300008BD00001FF8E00708B5121DD3080A4A64
:107E400089B280B241EA014140EA0040114010404D
:107E5000401A584301EB5010104040EA1040ADF872
:107E6000000080B208BD00001FF8E00708B5121D31
:107E7000D3080A4A89B280B241EA014140EA00408F
:107E800011401040401A584301EB5010104040EA96
:107E90001040ADF8000080B208BD00001FF8E007F8
:107EA00008B5121DD3080A4A89B280B241EA0141DD
:107EB00040EA004011401040401A584301EB501076
:107EC000104040EA1040ADF8000080B208BD00004C
:107ED0001FF8E00782B2D00AC0EBC00303EB00201A
:107EE000C01D400960F317410846C2F3451101EB7C
:107EF000410303EB0121C91C890961F30F2002F042
:107F00001F01C1EBC10202EB0121C91D490961F347
:107F10000700FF2161F31F607047FF2208B511467B
:107F20001046FFF724FF0090BDF8000008BD08B51B
:107F30001F20BDF800103F2260F3040189B262F3F4
:107F40004A1189B260F3CF21ADF8001088B20090D9
:107F5000BDF8000008BD000010B500200C46888464
:107F6000642184F8261084F8271094F83C1021F03E
:107F7000070184F83C102063606309484FF48031A6
:107F8000C07884F82C00204607F018F94FF44071AF
:107F9000204607F0FDFC2046BDE8104011F072BEFF
:107FA000BCC101202DE9F04391B08946FE4808F09C
:107FB000F3F8012827D1484603F0DEFB0646484681
:107FC00003F018FC04464FF44037132E1ED0292E20
:107FD00050D02A2E67D04FF4B4750D2E68D0012EE4
:107FE0007DD0022E7CD047F6FF75112E79D0152E4C
:107FF00078D0122E07D1484603F0FAFB0178022907
:1080000001D00121017011B0BDE8F083B8463946B6
:1080100009F068F807464146204609F0ABF80646E5
:108020004146204609F00CF905464146204608F035
:10803000EDFFB74201DD394600E03146854201DD02
:108040002A4600E00246914205DDB74201DD38468E
:1080500004E0304602E0854200DD2846801C04B280
:10806000484603F0C5FBB0F90010A14200DD0C4604
:108070000480C8E7484603F0BBFB0546204609F0EC
:10808000B8FAA9882A88891A491C09B2884209D1F4
:10809000204608F068F9E9886A88891A491C09B2FB
:1080A0008842B0D0204611B0BDE8F04311F0EABDDF
:1080B000484603F09DFB0068132814D0112812D005
:1080C000142801D012289ED194F83C00616A10F067
:1080D00003003AD001283ED0022829D144E04CE0E8
:1080E0005AE029E134E194F83C00616A10F003029F
:1080F00005D06420012A0BD0022A19D110E0A08CEF
:10810000401CB0FBF5F205FB120060F30F010FE01D
:1081100094F82620521CB2FBF0F300FB132020E061
:1081200094F82720521CB2FBF0F300FB132021E04F
:10813000204600F047F900289BD011B02046BDE84A
:10814000F04300221C2103F059BBA08C00B1451E56
:1081500065F30F01ECE794F8260008B1401E00E03B
:10816000642060F31741E3E794F8270008B1401E4C
:1081700000E0642060F31F61DAE70DF017FC606334
:1081800004F0D4FE04F1380104F0E6FE11B02046FC
:10819000BDE8F043F1F76EBC04F0C8FE0600CBD09A
:1081A00004F005FF042876D0022874D069463046D2
:1081B00004F0D2FE3068BDF90030B4F93820007EFA
:1081C000991A002900DCD11A814209DCBDF902208C
:1081D000B4F93A30D11A002900DC991A814208DD3D
:1081E0000DF0E4FB6063BDF800102187BDF80210BC
:1081F0006187BDF80010A08A081AADF80000BDF82C
:108200000210E08A081AADF80200204609F0F1F9E0
:1082100087B20021204608F0B8FD0146BDF80020D5
:108220007808121A13B2ADF80030BDF80220012709
:10823000121A401A12B200B2ADF80220412807DD2E
:1082400001EBD171A0EB610000B2412800DA4120BE
:1082500013FB03F112FB021110FB00F0814200DA64
:108260000027606B0DF09CFB57B3BDF90210BDF900
:108270000000FEF759F8B0FBF5F105FB110094F88A
:108280003C20616A12F003023BD0012A3CD0022A52
:1082900047D140E0FFE7204609F0ABF9A18A00EBA7
:1082A000D07001EB6000ADF80000204608F05BF8EC
:1082B000E18A00EBD07001EB6000ADF8020079E7D5
:1082C0003168898B8142BFF4D4AE94F83C004107F9
:1082D0003FF5CFAE00F003010322491CB1FBF2F3DE
:1082E00002FB131161F3010084F83C00204611F0F9
:1082F000C9FC204609F0B4FC04F018FE04F06AFF43
:1083000081E660F30F010CE06422504390FBF5F02E
:1083100060F3174105E06422504390FBF5F060F3F1
:108320001F61204600F04EF80028E9D000221C21F1
:10833000204603F063FA66E6484603F059FA06461B
:1083400001682A4604F11400ECF70DFE30715AE67C
:108350004846F2F7B1FE4E46484603F04BFA044653
:10836000304603F00FFA0646684601F0A9FC6A465B
:108370003946204609F018FBADF8005094F82C005F
:10838000C00707D0204600F011F81090BDF840005B
:10839000ADF8040021460EA8F9F738FF0EAA694689
:1083A000304601F079FC2EE688AF040808B590F855
:1083B000272090F82610808CFFF720FC0090BDF855
:1083C000000008BD10B5044688B24FF4B472904264
:1083D00005D9B0FBF2F302FB130060F30F01C1F308
:1083E00007426420642A01D960F317410A0E642A07
:1083F00001D960F31F61A08C8AB290420CD194F82D
:108400002600C1F30742904206D194F827000A0ED5
:10841000904201D1002010BD2046616211F032FC73
:10842000204609F01DFC012010BD70B50C0005466A
:1084300011D000F007F910FB04F05030B0F5A07F28
:108440000BDB284600F0FEF810FB04F0A0215030B2
:1084500090FBF1F002E0002000E0012000B270BDCE
:108460002DE9F0410D461E46174604461C2106F034
:108470005BFBC4E90057C4E90256BDE8F081000087
:1084800038B50446502106F04FFB4FF4A070208011
:10849000F02060804FF0FF30A080E080002020813D
:1084A00060812069822120F0400040F0080061F3E3
:1084B000D01020614FF4FC60ADF800000090BDF8D2
:1084C000000020870248206460645820A06438BD02
:1084D00061A60108F8B505464F48EDF735FA0400E6
:1084E00002D0E86B08B10AE0FEE7A86C06F082F95A
:1084F000060079D001462A6C28469047EE634FF477
:10850000B471204606F010FB01202560C4F8540128
:10851000082104F5AC70EDF70FFA404E22461E21FB
:10852000F7683F48F4600DF0A5FA606000285CD061
:10853000286981070AD529886A8811FB02F1EA684F
:10854000D268914202D920F002002861BDF80010E3
:108550001F2060F304013F2289B262F34A1189B2FD
:1085600060F3CF21ADF8001088B20090BDF8000094
:108570000090BDF800006085FF2084F829000DF010
:10858000EFF980B30DF090F9A060002007F090FAA9
:108590002061002007F08CFAE061002007F088FAE3
:1085A000204D20622A460021E0690AF00CF92A4693
:1085B0000021206A0AF007F90221E06907F0E8F9D2
:1085C0000221206A07F0E4F90021E0690AF01EFCAC
:1085D0000021206A0AF01AFC206909F041FBF760CB
:1085E000A7B114E000E001E0FEE7FEE700200AF09A
:1085F00049FE054605200AF045FE01460A4800905E
:1086000000232A4620460DF059F9BDE7F460606862
:108610000DF001FB2046F8BDA80200206C000020F0
:10862000D1500008FFFF0F0018AD0408C2680021F8
:108630001161C068416170470148C068704700001F
:108640006C00002010B90548C06820B100680069BE
:10865000C0F3C91070478220704700006C000020F2
:108660000068C0687047000018B90948C068002851
:1086700009D00068017CC1F30111012904D003294C
:1086800002D0B0F900007047B0F902007047000056
:108690006C00002010B518B9FFF7CEFF002800D0FD
:1086A000006A10BD10B518B9FFF7C6FF002800D04A
:1086B000C06910BD18B101460248EDF732B9014852
:1086C000EDF71DB9A802002010B518B9FFF7B4FFE7
:1086D000002800D0006910BD10B518B9FFF7ACFF35
:1086E000002800D0406910BD10B508B9FFF7A4FFFD
:1086F000806810BD18B90948C068002809D0006812
:10870000017CC1F30111012904D0032902D0B0F981
:1087100002007047B0F90000704700006C000020B4
:1087200010B518B9FFF788FF002804D0D0F854011D
:10873000002801DD012010BD002010BD7CB50E7B9E
:10874000DDE90654022E08D94E88002E05D0A54238
:1087500003D0CDE900544469A0477CBD38B5044638
:10876000102106F0E1F901206080FF202073BDF8A0
:108770000010002060F3040189B260F34A1189B24D
:1087800060F3CF21ADF8001088B20090BDF8000072
:108790000090BDF80000208038BD2DE9F04F85B075
:1087A000824610B294468B460FFA82F9AAEB000E6D
:1087B000DDF838800FFA8EF20492ABEB000217B2AC
:1087C00003920AEB000203F5B471119C58441E4653
:1087D000029212B203B2019088457DD04FF4B47179
:1087E0008E4202D9A6F5B476B6B2884503D9A8F56B
:1087F000B4701FFA80F80F99ACEB010000B2009042
:10880000109818B101EBD1704010401C05B25A21EC
:10881000B6FBF1F0B8FBF1F1C0B2C9B2042800D147
:108820000320042900D1032188427ED146457CD80B
:1088300068B3012854D0022878D003287ED106F1ED
:108840005A0000B20DF008FB009910FB01F10AEB91
:10885000E130401B208030B20DF0FEFA10FB09F130
:108860000BEBE130401B608008F15A0000B20DF0C4
:10887000F3FA10FB09F10AEBE1302844A0800FFA6B
:1088800088F00DF0E9FA009910FB01F15AE130B2DD
:108890000DF0E2FA009910FB01F10BEBE130401B07
:1088A00060805A3630B20DF0D7FA10FB09F10AEBAE
:1088B000E1302844A0800FFA88F00DF0CDFA10FBCB
:1088C00009F10BEBE1302844E08008F15A0000B2D6
:1088D0000DF0C2FA009900E0E6E010FB01F129E09A
:1088E00030B20DF0B9FA10FB09F10BEBE13028447E
:1088F000E0805A3630B20DF0AFFA009910FB01F16A
:108900000AEBE1302844A0800FFA88F00DF0A4FAB9
:10891000009910FB01F10BEBE130401B608008F186
:108920005A0000B20DF098FA02E036E009E005E0E6
:1089300010FB09F10AEBE130401B208005B0BDE8D7
:10894000F08F06F15A0000B20DF086FA10FB09F123
:108950000AEBE130401B208030B20DF07DFA009927
:1089600010FB01F10BEBE1302844E0800FFA88F0B6
:108970000DF072FA10FB09F10BEBE130401B608047
:1089800008F15A0000B20DF067FA009910FB01F1EE
:108990000AEBE1302844A080D0E730B1012837D07D
:1089A000022861D003287ED099E001297CD108F10A
:1089B0005A0000B20DF050FA10FB09F10AEBE13059
:1089C000401B20800FFA88F002900DF045FA074610
:1089D00030B280460DF040FA874201DA029800E09A
:1089E00040460DF039FA009910FB01F10BEBE13034
:1089F000401B60805A3630B20DF02EFA10FB09F1A0
:108A00000AEBE1302844A08001982844E08095E7F3
:108A1000022964D1AEEB050020800FFA88F00DF03A
:108A20001BFA10FB09F10BEBE130401B608006F1F3
:108A30005A0000B201900DF00FFA074608F15A00F3
:108A400000B280460DF008FA874201DD019800E08F
:108A500040460DF001FA009910FB01F10AEBE130FC
:108A60002844A08030B269E0032938D106F15A00C9
:108A700000B20DF0F1F910FB09F10AEBE130401BF7
:108A800020800398401B608008F15A0000B20DF06E
:108A9000E3F910FB09F10AEBE1302844A0800FFA5A
:108AA00088F0804601E019E019E00DF0D5F9009951
:108AB00010FB01F730B206460DF0CEF9009910FB1D
:108AC00001F0874201DD404600E030460DF0C4F978
:108AD000009910FB01F00BEBE03096E729B1049808
:108AE00020806780A280E38028E708F15A0000B266
:108AF00003900DF0B1F9074606F15A0000B201905B
:108B00000DF0AAF9874201DA039800E001980DF010
:108B1000A3F9009910FB01F10AEBE130401B208022
:108B200030B20DF099F910FB09F10BEBE130401B6D
:108B3000608002982844A0800FFA88F00DF08CF92C
:108B400010FB09F10BEBE1305FE700002DE9F0418C
:108B50001D0017460E4604461AD0F07A02281AD98C
:108B6000D4F81CC0BCF1000F03D02046E047012818
:108B700011D02B463A4631462046F0F7F0FB01284B
:108B800009D006A239462046BDE8F04112F09BB854
:108B900002A23946F8E7BDE8F08100004E6F0A6492
:108BA0006174610038B58469049D002C01D0009582
:108BB000A04738BD38B50446182105F0B5FF00229E
:108BC00011461046FFF7A3F80090BDF80000009092
:108BD000BDF800002081FF20E072401C6080012071
:108BE000207538BD704700002DE9FF4FB5B0887E75
:108BF000429F1E4692460C4602287DD920680028D6
:108C00007AD03598006A002876D0202212A8E7F79B
:108C10006AFB20680390002E6ED0307800286BD05D
:108C20003598514682682EA8ECF7B5F8002863D035
:108C3000207FB0F1000B01D14FF0010B607F800766
:108C400007D4BAF80410BAF80000081A401C03B29E
:108C50000FE0B4F91200627F41F6FF718DE8070062
:108C6000B4F91430314606A822680DF0B9F9BDF9FF
:108C700018300398B4F912100025B0F908906A1E54
:108C800001EB09000B90BAF80000ADF81000BAF83B
:108C90000210ADF81210B4F916000990B4F91800DA
:108CA0000144ADF81210FFB1F0B9BAF90210002971
:108CB0001ADAD7F808C0ACEB0100002801DCA1EB00
:108CC0000C000B994FF4806C49420CEB4101884237
:108CD00000DD3A603868002806DB0546BDF8121052
:108CE000B8880844ADF81200617F0020CDE900018A
:108CF000B4F91420701900E0A1E02D930399EDF769
:108D000037F900EB050829E0617F0020CDE900017B
:108D1000B4F9142006EB08002D9B0399EDF728F910
:108D2000454600EB0508BDF812100B98084400B248
:108D3000ADF812007FB110F5806F0CDB38680028A9
:108D400009DA3D60BDF91210BAF90200081A78601C
:108D5000BAF90200B860705D002870D0BDF9121039
:108D600001EB090035998968B1F902108842CBDB23
:108D70005846CDF8C0B0BBF1020F02D0032816D080
:108D800029E0607F0090B4F91430A8EB0501701958
:108D9000039A0DF083F907465046FDF77CFAC01B95
:108DA000BDF8101000EBD07001EB600011E0607FA7
:108DB0000090B4F91430A8EB05017019039A0DF076
:108DC0006DF907465046FDF766FABDF81010C01B56
:108DD0000844ADF81000D4E9019BD94502D94846B2
:108DE000D9468346A07F800717D02AA800F02DFA25
:108DF000A089ADF8A800039890F90E0000B90120F1
:108E0000ADF8AA00A07E8DF8B000A07F9DF8B1104B
:108E1000C00860F301018DF8B11000200E90FEF73C
:108E200043FE3390FEF740FE31901AA800F048FF51
:108E3000208AADF86C00BDF9100032906BE16EE154
:108E4000BDF81010099800270844ADF810007019FB
:108E50000F900797A8EB05001190BCE00020A9F542
:108E60007F410A90FF390AD0ABF57F40FF3806D02A
:108E7000AC4A079829181268304690470A9007AB09
:108E80006A4601A90F98EDF75BF8607FC0070AD02A
:108E90000198232802D0012F13D004E047B1012FFD
:108EA0000AD0022F0BD0E0683190022F4FD050E053
:108EB00007980E90012048E00027E06848E0002075
:108EC00043E0202842D107990E98081A072801D0BC
:108ED000A08938E0DDE90E210A4428A85FF00601E8
:108EE00012F8013B00F8013B491EF9D100208DF832
:108EF000A6009DF8A100F9F7F3FE07469DF8A00033
:108F0000F9F7EEFE07EB00100A909DF8A300F9F7C1
:108F1000E7FE07469DF8A200F9F7E2FE07EB001016
:108F20000C909DF8A500F9F7DBFE07469DF8A4001C
:108F3000F9F7D6FE07EB0010C2B20C98C1B20A983E
:108F4000C0B2FEF7FCFE33900220074643E03398A0
:108F50003190DDE90021039802F064FD29904FF67D
:108F6000FF70814522D0834520D00A9848451DD303
:108F700058451BD2BDF81000ADF83000BDF81210F6
:108F8000ADF83210A28A02442998401E1044ADF870
:108F900034000B980CAA401E0844ADF836001AA9FC
:108FA000359800F079FEE089ADF8C400BDF8C40042
:108FB000ADF8540004AA12A9019B359800F033F9CA
:108FC0002998002807DDBDF81010A08A08442999C7
:108FD0000844ADF810000799119888423FF63EAF5B
:108FE000A07F800723D53298ADF800002068BDF936
:108FF000AA1002ABB0F9080001EBD17100EBD07000
:10900000401000EB6100BDF812106A460844BDF83C
:109010001010ADF80810ADF80200ADF80A00BDF868
:10902000C400ADF8A8002AA9359800F001F9A07F86
:10903000C0071FD03298ADF800002068BDF81210AC
:1090400002AB028940891144091A03986A4690F9D3
:109050000D00081ABDF81010ADF80810ADF80200A8
:10906000ADF80A00BDF8C400ADF8A8002AA93598EB
:1090700000F0DEF8617F0020CDE9000106EB08007A
:10908000B4F9142007462D9B0399ECF771FF454670
:1090900000EB0508BAF80000ADF81000309802287F
:1090A00002D0032816D029E0607F0090B4F9143074
:1090B000A8EB05013846039A0CF0F0FF074650462E
:1090C000FDF7E9F8C01BBDF8101000EBD07001EB04
:1090D000600011E0607F0090B4F91430A8EB050146
:1090E0003846039A0CF0DAFF07465046FDF7D3F8EE
:1090F000BDF81010C01B0844ADF81000BDF81210E8
:109100000B980844359900B2ADF812008968B1F99E
:109110000610884203DC705D00287FF491AE39B000
:10912000BDE8F08F6000002038B50446202105F02E
:10913000FBFCFF20A076FEF7B7FC0090BDF8000016
:10914000A0810B4820604FF6FF706060A060FEF7C2
:10915000ABFC0090BDF80000E08105200AF092F819
:109160000090BDF8000020820020E07638BD0000AD
:1091700018AD0408036C002B00D018477047436CEF
:10918000002B00D0184770472DE9F0410546C06B11
:1091900017460E46002826D0E86C05F02BFB04008D
:1091A0001CD0E96C05F0C0FCECF76EFE296821626A
:1091B0006968E161A968A16100683A462146007CBE
:1091C000C0F3801084F8240030682060706860600C
:1091D000EB6B28469847050001D003E0FEE72046E8
:1091E00005F094FB2846BDE8F08170B50C460546B5
:1091F00001F089FF206A2860E0696860A069A860C2
:10920000ECF742FE006894F82420016962F38611AD
:109210000161AA6C12B12146284690472046BDE85C
:10922000704005F073BB30B4046AA44630BC60479C
:1092300030B44C88002C06D00C7A022C03D9446A36
:10924000A44630BC604730BC704738B504460A219C
:1092500005F06AFC01206080FF202072BDF800103C
:10926000002060F3040189B260F34A1189B260F30F
:10927000CF21ADF8001088B20090BDF8000000903A
:10928000BDF80000208038BD10B503460A4A002012
:1092900052F8304024B1401CC0B21028F8D301E08D
:1092A000102802D34FF0FF3010BD42F8303002EBEF
:1092B000C002516010BD0000180400202DE9FF4FCE
:1092C00081B08B460E9D16461C46B5F90A10B5F9BD
:1092D0000C00571AB5F9082005F11009ABEB020391
:1092E00005F13C0AB4285DDAB5F90E20B42A7DDA1E
:1092F00000287BD0002A79D0904277DDB1425ADC39
:10930000696D79434FEAA12CA96A7F1C79438912C0
:10931000A0F20F15582D01D8002909DB451E592D43
:1093200001D8002904DB5B38B32802D2002900DD14
:109330000021A2F20F10582801D8002909DB501E85
:10934000592801D8002904DB5B3AB32A02D200294C
:1093500000DD0021ACEB010001EB60000125C71A24
:10936000A74200DD2746002F0DDD3BB232465946AD
:10937000CDF80090019800F091F9050003D139462D
:10938000019805F0D1FBA74200DD2746002F00DA47
:109390000027CDF800A05DE0B54276D1284605B0A3
:1093A000BDE8F08F68DDB5F90E20B42A64DD904287
:1093B00062DDB14201DA0120F1E7696D79434FEADC
:1093C000A12CA96A7F1C79438912A0F20F15582D90
:1093D00001D8002909DB451E592D01D8002904DBDD
:1093E0005B38B32804D2002902DD00E044E000210C
:1093F000A2F20F10582801D8002909DB501E592865
:1094000001D8002904DB5B3AB32A02D2002900DD2F
:109410000021ACEB010001EB60000125C71AA74257
:1094200000DD2746002F0DDD3BB232465946CDF810
:1094300000A0019800F032F9050003D139460198E7
:1094400005F072FBA74200DD2746002F00DA002757
:10945000CDF800900BEB070001B20198E41B3844F3
:1094600023B20746324600F019F9060094D121468E
:10947000384605F059FB8FE70127B846B42805D0D8
:1094800038B109DAB14209DC0AE047E0B14210DC48
:1094900004E0B14202DC0CE0B14201DC032708E049
:1094A000234632465946CDF80090019800F0F6F870
:1094B0000746B5F90E00B42806D060B1B5F90A0028
:1094C0000FDAB04204DC0EE0B5F90A00B04206DD66
:1094D0004FF0030803E0B5F90A00B042F8DDBFB170
:1094E0000EE0B042F4DD234632465946CDF800A0E6
:1094F000019800F0D3F8804657B1B8F1000F07D0BB
:10950000032F02D0012F05D008E0B8F1030F05D1D9
:10951000002044E74046B8F1010FFAD002203EE7B0
:109520002DE9F8430546884640F26710411C089C27
:109530001746002B01DA002302E08B4200DB0346D2
:10954000002C01DA002402E08C4200DB04469C423D
:1095500003DAC3F5B470204403E0E01A002800DC0D
:10956000181BA5F86800AB81EC81A5F808806F8115
:1095700015482860012028718B4200D9FEE7B42BE2
:1095800001D2002000E00120002C01DB8B4200DD35
:10959000FEE7B42C05D3A4F1B401B42901D200260E
:1095A00000E0012600903A46414605F1100000F027
:1095B000CBF823463A46414605F13C00009600F0C0
:1095C000C3F8BDE8F8830000BD9201082DE9F84317
:1095D0001E4617468846814600250C4C0DE000903B
:1095E000D0F800C033463A4641464846E047002896
:1095F00008D0022800D10125083420680028EED1C7
:1096000015B10220BDE8F8830120FBE71804002013
:1096100010B50179022906D0052913D18068BDE86B
:10962000104005F073B90446406900280AD001696A
:10963000002904DA406805F069F96069EFE74169DB
:10964000491E416110BD000070B5134D060008D0E1
:109650005FF0000455F83410B9B10879022805D03C
:1096600002E02868002800D0012070BD887CB1F994
:109670001020C007304601F1080102D0EBF723FCAF
:1096800001E0EBF7B0FB0028EED0641CE4B2102C34
:10969000E0D3002070BD000018040020F8B5069C3F
:1096A000A58A266A521B658A12B2491B94F8285073
:1096B00009B24FEAC57526B1009485B3FBF756FD94
:1096C000F8BD85B1207C810727D000F00301012976
:1096D00023D0022901D1511C1FD4C043800728D1B7
:1096E000002A1ADC25E0227C02F00304022C14D0AC
:1096F000D543AD0711D0012C01D100290DDC920713
:1097000001EB030207D0002A13DB49420FD50021E9
:10971000002B0EDD0FE0002A02DA0120F8BD10E078
:109720004A4206D49A420ADA991A104405E099424C
:1097300001DB0020F2E7994201DA05F0F5F9022099
:10974000ECE7FBF7BDFDE9E72DE9FC471C46DDF83A
:10975000288016460F468146B42B01DDB43C24B266
:1097600004F15A0000B20CF077FB07EB60152046BD
:109770000CF072FB06EB601000B2CDE900082BB2D2
:1097800032463946484600F003F8BDE8FC87000041
:109790002DE9F0470F46DDE908699846154604466D
:1097A0002C2105F0C1F9B54206D1B9F1030F03D15F
:1097B0006D1E761E2DB236B2B54205DD4046B84666
:1097C000074630462E46054627816581A4F80C8061
:1097D000E68184F810906782A8EB07004B46A582CB
:1097E000002801DD014601E0A7EB0801721B002AF9
:1097F00001DD154600E0AD1BA94294F8281002DDFA
:1098000041F0010101E021F0010184F82810002558
:10981000E561244E2660A5612571CE074FF48015C1
:109820000DD020B195FBF0F65643B612E66122B199
:1098300095FBF2F242439012A061E0690CE022B184
:1098400095FBF2F64643B612A66120B195FBF0F007
:1098500050438012E061A0692062980709D003F0AC
:109860000300012808D0022813D0D843800714D061
:1098700006E021F0020001E041F0020084F8280037
:10988000216A88106062002901DA40426062BDE806
:10989000F087206A0028EFDCEBE7206A0028EBDD88
:1098A000E7E700009D9601082DE9FE4F8046DDF8B0
:1098B00030900E461C4699F81200174600F0010A37
:1098C000B9F91050684609F10801FCF761FCBDF9CF
:1098D0000200BAF1000F2FD0B84250DCBDF90600EB
:1098E000B8424CDBBDF900004119B14205DCBDF9BD
:1098F00004203119521B914209DDBDF902104A19A9
:10990000BA4240DCBDF90620521BBA423BDBBAF139
:10991000000F18D0801B00D50020A04231DCBDF91B
:109920000410891B091A491C4218A24200DD211AA1
:10993000002926DB4044EFE0B84213DCBDF9060005
:10994000B8420FDBCEE7871BA7420BDC002F03DBFF
:109950003946404605F0E8F8BDF90400851B6D1C4A
:10996000002D02DC0020BDE8FE8FA54204DA611B59
:1099700008EB050005F0D8F81FB9A54201D1012078
:10998000F1E70220EFE7BDF80430821B181A401CF3
:109990000FFA80FCBDF80600401A401C03B2781A8A
:1099A00000B2A84202DA281A401E01E0591B401AF0
:1099B000D9F8141000B20223CF6803EB4003FB5A1E
:1099C00037F810609B1B1EB28B68496833F8103063
:1099D00037F810004FF0000700EB010B02EB0C0012
:1099E000401B18440FFA80F95019C01A401E05B2E6
:1099F000BAF1000F22D06BE0F11B01EB0B0010F865
:109A0000010C029009EB07005FEA000A08D4A245A6
:109A100006DA18F80A1002980DF058F908F80A004A
:109A2000B5EB070A08D4A24506DA18F80A1002981E
:109A30000DF04CF908F80A007F1C3FB2B742DBDB9F
:109A400009EB0700A04201DA014600E021460029A7
:109A500001DA002002E0A04200DB204600B2211A19
:109A6000404405F061F8A81B411CA14201DA0A46F6
:109A700000E02246002A01DA002402E0A14200DAD6
:109A80000C4621B2404647E0F11B01EB0B0010F8F9
:109A9000010CC0F1FF00029009EB07005FEA000A29
:109AA00008D4A24506DA18F80A1002980DF00EF94B
:109AB00008F80A00B5EB070A08D4A24506DA18F838
:109AC0000A1002980DF002F908F80A007F1C3FB254
:109AD000B742D9DB681CA04201DA691C00E02146CC
:109AE000002901DA002504E0A04201DA6D1C00E043
:109AF00025462AB2A9EB0200A11A884201DA0346E0
:109B000000E00B46002B01DA002002E0884200DB77
:109B1000084601B208EB020005F006F831E7000044
:109B20002DE9F0411546064688880A881C46801AA9
:109B3000401C02B2C8884B88C01A401C00B2824246
:109B400000DA1046B5EB600F00DD4510002D00DA9D
:109B5000002506F10800FCF71BFB3582B474384879
:109B60003060022030710023C5B1364800214FF427
:109B70007A7200BFC1EBC10400EB8404B4F9184051
:109B8000AC421BD1C1EBC10100EB81004169491C12
:109B900041610169102D04DA012303E07361BDE81E
:109BA000F0812B110B44934205DA102D01DA0122CA
:109BB00000E02A110A4402617061F0E7491C04299F
:109BC000D8D300244FEA0401C1EBC10700EB87079B
:109BD000D7F814C0BCF1000F07D12CB1D7F810C0D2
:109BE000D4F810E0F44500DA3C46491C0429EBD3D4
:109BF0003CB16069401CC4E90430102D0EDA01202C
:109C00000DE01C2004F0F6FD040006D01C2104F039
:109C10008BFF4FF0FF3020610BE0FEE72811184466
:109C2000904205DA102D01DA012000E028111A18FF
:109C30002261204629467461BDE8F041EEF736BD49
:109C4000A9980108A8030020F0B50025094E074691
:109C50002C4600BF06EBC4004068B84204D156F859
:109C60003450204600F008F8641CE4B2102CF1D304
:109C70002846F0BD180400200021421C08D0054AE7
:109C8000002352F8301042F8303002EBC00043603D
:109C9000084670471804002030B4D38854881B1B32
:109CA0005B1C1BB2012B09DB938814881B1B5B1CFC
:109CB0001BB2012B02DB036930BC184730BC704774
:109CC00038B50446382104F02FFFFEF726F900903E
:109CD000BDF8000024F8040FFEF71FF90090BDF84E
:109CE00000006080FDF7EAFE0090BDF80000E08013
:109CF000FF2525720220A072FDF7E0FE0090BDF85E
:109D000000006083FDF7DAFE0090BDF800002085BA
:109D10000748206104F8015CA57584F82650A577F2
:109D200084F83250E07F20F03E001E30E07738BDEE
:109D300018AD04082DE9F04FCBB08346DDE954653A
:109D4000087B984614460F4602287DD9B7F90200D1
:109D5000002879D0AE4277D01AB28146924640456B
:109D600000DD914601A8FFF7ABFF787B00F0030010
:109D70008DF80600B86840B100208DF80700B8687B
:109D80000590387B8DF81E0005E0387B8DF80700C4
:109D90003888ADF808002188A8F10103A1EB08027A
:109DA000ADF840206188A1EB0801ADF84210208891
:109DB0001844ADF84400B4F802C0ADF8D4006344D0
:109DC000ADF84630ADF8D020ADF8D210ADF8D630B1
:109DD000B7F802C06244ADF8D020B7F802C06144C1
:109DE00009B2ADF8D210B7F802C0A0EB0C00ADF884
:109DF000D400B7F802C0801AA3EB0C034FF0FF3C6D
:109E00001BB2CDF80CC1401CADF8D6304FF0000CA1
:109E100000B2CDF810C1002812DD581A401C00B263
:109E200000280DDD012347F6FF7234A937A8FFF79C
:109E300077FE01204490002137A8FFF725FA4390D0
:109E4000002347F6FF7200E02DE010A93DA8FFF7C0
:109E500067FE00213DA8FFF717FA459006F5B4709C
:109E6000A84205D005F5B4714FF4B4708E4220D1EC
:109E700047F6FF70ADF8040010AA01A95846FFF795
:109E80000BFF4598FFF7F8FE4398401C02D043981B
:109E9000FFF7F2FE3DA8FFF7BBFB4498002802D075
:109EA00037A8FFF7B5FB4BB0BDE8F08FA6F5B47649
:109EB000B6B28642FAD202E0A5F5B475ADB28542DB
:109EC000FAD228B249900090B4F90220B4F90010F7
:109ED00033B219A84A93FFF723FB002119A8FFF713
:109EE000D3F94690B54203D9A81BC0F5B47000E081
:109EF000701BDBF8081000913C282ADDB8F10A0F2E
:109F000027D95A20B6FBF0F1B5FBF0F000F00300C2
:109F1000ADF8540001A8ADF84CA0ADF8505001F0D8
:109F2000030116901294ADF84E60ADF85210ADF8E2
:109F3000569010A8CDE9170B12A8F3F737FF12A817
:109F4000F3F7FCFF12A8F4F7C8F812A8F4F7B3F976
:109F500004E010AA01A95846FFF79EFE19A8FFF7D2
:109F600057FB3DA8FFF754FB449810B137A8FFF703
:109F70004FFB4698FFF780FE4598FFF77DFE43981C
:109F8000401C02D04398FFF777FE787B40078AD5C4
:109F900009F0FF0212AB51464A98F8F74CFBBDF8A6
:109FA0004800218812AA0844ADF84800BDF84C00CA
:109FB00021880844ADF84C00BDF84A006188084487
:109FC000ADF84A00BDF84E0061880844ADF84E0077
:109FD00015A80099EAF7DFFE15AEC0B1002347F6D9
:109FE000FF7212A943A8FFF79BFD002143A8FFF7CA
:109FF0004BF90546584610AA01A9CBF80860FFF7AF
:10A000004BFE2846FFF738FE43A8FFF701FB09F097
:10A01000FF0212AB51464998F8F70DFBBDF8480016
:10A02000218812AA0844ADF84800BDF84C002188E8
:10A030000844ADF84C00BDF84A0061880844ADF80A
:10A040004A00BDF84E0061880844ADF84E0015A8DE
:10A050000099EAF7A0FEC0B1002347F6FF7212A9EB
:10A0600043A8FFF75DFD002143A8FFF70DF9044663
:10A07000584610AA01A9CBF80860FFF70DFE20464C
:10A08000FFF7FAFD43A8FFF7C3FA0098CBF80800E2
:10A0900009E770B514460D460646EFF7B3FD2246B4
:10A0A00029463046BDE87040EFF781BF7CB50446D5
:10A0B000087E0D4602280ED9A26868462968EAF78C
:10A0C0006AFE002807D0616B09B120468847626D9F
:10A0D0002946204690477CBD2DE9F04FCD6889B0D8
:10A0E0000C46074615B1207C00287DD0207C012835
:10A0F00000D10025786881880088081A401C00B2C9
:10A100000790BA6805A82168EAF745FE00286BD0D9
:10A11000EBF7BAFE83460068D7F80090C16941BBEF
:10A12000017C490610D47968BDF91420B1F90030DA
:10A13000B1F90210D21ABDF916305B1A079901FB6A
:10A14000032209EB420113E07A68BDF91630B2F937
:10A150000260B2F900209B1B079E734303EB43038D
:10A1600003EB0901BDF914309A1A02EB42021144C3
:10A170008946D4F804A05FEA0A0114D021688B88CC
:10A18000B1F90020B1F902109B1A5B1C0FFA83F899
:10A19000BDF914309A1ABDF91630591A08FB01227C
:10A1A0000AEB420A01E04FF000083DB3007C0007D3
:10A1B0000FD46069FCF761F80146002007E02A5CD3
:10A1C000802A01D9FF2200E000222A54401C884244
:10A1D000F5DB60698288B0F90010521A521C16B281
:10A1E000BDF91420511A00E026E0BDF91620B0F99F
:10A1F00002002944101A06FB001500E000267868CA
:10A200004188008849420AB2404201B205A8FCF7E1
:10A210006DF8DBF80000C069D0B160680028207ECE
:10A220000DD001A9CDF8008081E86100534605A951
:10A230004846079A0CF0CAFC09B0BDE8F08F8DE8DB
:10A240006100A36805A94846079AF6F7C3FDF3E73E
:10A25000607E80B161680029217E25D0CDF8008024
:10A26000CDE90360CDE90115534605A94846079A93
:10A270000CF06CFAE0E760680028207E0BD001A9A2
:10A28000CDF8008081E86100534605A94846079A49
:10A290000CF01AFBD0E78DE86100A36805A94846D9
:10A2A000079AF6F7F3FBC7E7CDE90260CDE90015A1
:10A2B000A36805A94846079AF6F742FBBCE72DE9D3
:10A2C000F047B3F90240DDE908091D46904614FB4A
:10A2D00008F301EB4303B5F900100A9A03EB4106BA
:10A2E000B2F90230B2F9002003FB09F300EB43009E
:10A2F00000EB4207A888401A401C00B24FEA400A0F
:10A300000AE052463946304604F03CFB641C06EB3A
:10A31000480607EB490724B2B5F90600A042F0DA77
:10A32000BDE8F0872DE9FF4F9FB00D46824681685A
:10A330001446DDF8B0901BA8FBF733FF1BA8FFF70E
:10A3400083F91890288818B96888B0F5807F01D003
:10A35000012000E0002017901C210CA804F0E4FB71
:10A36000E87A8DF84800287B4FF0000600F00F00D7
:10A370008DF8490006A80C90DDE9170101432CD1A6
:10A38000B9F1040F06D0B9F10E0F0AD0B9F1140FCC
:10A3900021D022E0A87A00BB22980CA9CDE90C407C
:10A3A00013E021466846DAF80820EAF7F4FC0028B2
:10A3B0000ED022980D9611940F902889ADF8380090
:10A3C00002208DF840000C946FE05046FFF76EFEBF
:10A3D00023B0BDE8F08FA87AF0B3DAF8080002885D
:10A3E000ADF818208188ADF81C10DAF80800408814
:10A3F000ADF81A00DAF80830DB88ADF81E30A68810
:10A400002788181AF61B761C36B21396E6886788DA
:10A41000401CF61B07B2761C881A36B2401C0FFA95
:10A4200080FB1496EBF730FDFEF71EF9804606A878
:10A43000FBF723FF5E46404501D9B8FBFBF77E439F
:10A44000700004F005FA1590304604F001FA099006
:10A450000F9006A8119000E012E002208DF8400055
:10A4600015980D90BDF91E0016907F1EBDF81A00BC
:10A470001A973844ADF81E00B9F1040F1DD116E04B
:10A48000A0882188401A401C02B2E08861880C94A0
:10A49000401A401C01B2229852000D9002FB0100AC
:10A4A0000F90022011948DF840000CA98DE72888A8
:10A4B00018B96888B0F5807F01D0022000E0012043
:10A4C0008DF84000BEE006A91DA8FBF76AFE608873
:10A4D000404202B22088404201B21DA8FBF706FFAD
:10A4E00017981599002809980ED0CDE90410CDE9E8
:10A4F0000259DDE91310CDE900011DA95046139B57
:10A50000229A00F0E5FD0BE0CDE90310CDE90159F9
:10A5100013980090DDE913231DA82299EEF727FB7D
:10A52000A87A02285BD92A89C1B292B2D70A17FB4E
:10A5300001F767F30F00C2F3451717FB01F767F345
:10A540001F4002F01F0212FB01F262F30F03C1F180
:10A55000FF01CDE9041300223FE01599049B01EBB4
:10A56000420EBEF80010ADF82810BDF8287081B278
:10A570004FEAD72C1CFB031101EBC11C0CEBC131C2
:10A58000C1F3C45CBDF82C10C7F345186CF3CF21A0
:10A590004FEA104C18FB03CC0CEBCC1808EBCC3C6E
:10A5A000CCF3C55C6CF34A11DDF814C007F01F074B
:10A5B0001FFA8CFC17FB03C303EBC31707EBC33372
:10A5C000C3F3C45363F30401ADF82C1089B20191B5
:10A5D000BDF80430AEF80030521CB242BDD318981A
:10A5E000E8B1BDF91A70DDF8248014E0BDF9181047
:10A5F0005B463A464046FEF7E9FF10B1022804D018
:10A6000006E05946404604F08FFA02208DF84000DB
:10A610007F1CD8443FB2BDF91E00B842E6DA0CA94F
:10A620005046FFF743FDBDF81E10491CADF81A1047
:10A630001A98084400B2ADF81E001699884201DD50
:10A64000ADF81E10BDF91A10169881427FF73BAF86
:10A65000099804F049F9159804F046F9B8E60000A5
:10A6600010B50C465821204604F05EFA104860618F
:10A670001048206110482063104820621048A061F3
:10A68000104860621048A0621048E06210486063A1
:10A690001048A0631048E0631048206410486064CC
:10A6A0001048A064104860652C20E06410BD0000D4
:10A6B000359D0108F5AD010893A00108BBA801086C
:10A6C00025A30108D1A9010875AB01082DAE010829
:10A6D000CFB00108BFA20108BFA70108EDA601087D
:10A6E00039A70108B5A80108D9A001082DE9F04152
:10A6F00017460C460646EBF7C7FB0546F807A06A67
:10A7000020F000410BD0606904F00EFAA06A40F01E
:10A710000041A1622868016941F0400104E0A162A2
:10A720002868016921F04001016160690834C6E9C7
:10A730000004B460BDE8F081FEB5054600680290F3
:10A7400000980C4620F0E00000906868164681886A
:10A750000088081A0099401C60F3942100916868F1
:10A76000C1884088081A0099401C60F35F5100912D
:10A77000A06A002801DA052100E00421009861F3B5
:10A7800004000090206A2860E0696860A069A86001
:10A79000EBF77AFB006894F824206B46016962F3BA
:10A7A0008611016104F1080231462846FEF7CEF910
:10A7B000284600F0A8FC684601F04EFDFEBD70B5CD
:10A7C000064615460C46D00701D0002070BDA807EC
:10A7D00043D5A06A00F0004000F5C040A0622046CA
:10A7E000FBF74BFDA16A400021F00042824202D9F2
:10A7F00060F31E01A162A06A20F0004003F0FAFF9E
:10A800002146606168B9A06A00F0004000F5406030
:10A81000A06220F0004003F0EDFF214660610028B7
:10A82000D4D00846D0E900128160E2606188E181FD
:10A83000A1892089081A401CA16A00B221F00041B8
:10A8400000EB400291FBF2F12182A16A21F000416C
:10A8500091FBF0F0411061822AE00846D0E9001235
:10A860008160E260FBF709FD4100A06A61F31E0010
:10A87000A06220F0004003F0BDFF6061A16A21F0FA
:10A88000004104F051F9A06A05F0010565F3DF709D
:10A89000A0626069002899D0306004F108007060FF
:10A8A000B060EBF7F1FA0068016965F386110161A8
:10A8B000204670BD486904F029B8F0B51C4607462B
:10A8C00097B015460E4608680023224601A901F0FC
:10A8D00002F8F0B3BDF80C20002A3FD0BDF80A10F2
:10A8E00000293BD02888BDF80E30184400B2ADF8DE
:10A8F0004C0033686D88B3F808C05B89ACEB030388
:10A900002B44BDF810509B1A5B1B1BB2ADF84E30A8
:10A910004518B968B1F900C065451FDBB1F90450AD
:10A92000A8421BDC9818B1F90220904216DBB1F95D
:10A930000600834212DC2146019800F0C8FF00287F
:10A940000CD00199097B890708D101AB13AA3146C4
:10A9500000E005E000903846F1F774FB17B0F0BD59
:10A96000202CFBD3A4F57840FF38F7D0A4F5005095
:10A970000C38F3D02888BDF80E10BDF8102008441C
:10A9800001B26888104402B2BDF80C00104400B255
:10A990000090BDF80A00084403B214A8FBF7B3FC0A
:10A9A00005A8FFF78DF902208DF817008DF83E00FD
:10A9B0008DF84A008DF82E00B089ADF832000120E4
:10A9C000ADF834003B6914AA05A938469847C5E795
:10A9D0002DE9F0470E46B1F9021096B01C46154617
:10A9E000814600297ED0307A02287BD9B5F9000053
:10A9F000B4F90020904205D1B5F90230B4F90270E3
:10AA0000BB426FD0904200DB104601EBD171A0EB4E
:10AA10006100ADF84400B5F90010B4F90000B6F9D2
:10AA20000220814200DD084602EBD27100EB61009A
:10AA3000ADF84800B5F90210B4F90200B6F90220E9
:10AA4000814200DA084602EBD271A0EB6100ADF85A
:10AA50004600B5F90210B4F90200B6F902208142AD
:10AA600000DD084602EBD27100EB6100ADF84A0050
:10AA700011A90846D9F80820EAF78DF9002875D001
:10AA800011A9D9F808A0C9F80810B5F90200B4F95D
:10AA90000210884206D123462A4631464846F1F73D
:10AAA00031FC0EE0B5F90000B4F9001023468842ED
:10AAB0002A463146484602D1F1F78CFE01E0F1F713
:10AAC000DBFC707A010701D440074DD502A8FFF7DF
:10AAD000F7F83088ADF80C0047F6FF70ADF80800C5
:10AAE000307A00E042E08DF80B00B6F90200471022
:10AAF00040F3000000F10108707A400718D528885B
:10AB00006A46C01BADF800006888C01BADF80200A3
:10AB10002888C119A1EB0800ADF804006888C119A4
:10AB2000A1EB0800ADF8060002A94846FFF7B4F80B
:10AB3000707A000718D520886A46C01BADF800005F
:10AB40006088C01BADF802002088C119A1EB080085
:10AB5000ADF804006088C119A1EB0800ADF806004B
:10AB600002A94846FFF798F8C9F808A016B0BDE852
:10AB7000F08700002DE9FF4F8BB01E461746032BD0
:10AB80007ED3002F7CD0B00003F062FE05007BD0A6
:10AB90000024386828602046721E15E007EB80010B
:10ABA00037F92030B1F904C0634505D1B1F902305D
:10ABB000B1F906C0634505D005EB84030968641C40
:10ABC0001960A4B2401C80B29042E7DB07EB86001C
:10ABD000B7F9001030F9042C914205D1B7F90210F1
:10ABE00030F9022C914206D005EB840150F8040C98
:10ABF000641C0860A4B2032C43D37D49D1E9000151
:10AC0000CDE90201002027E0BDF9082035F9201028
:10AC10008A4200DA1146ADF8081005EB8002BDF952
:10AC20000A10B2F90230994200DB1946ADF80A1059
:10AC3000BDF90C3035F920108B4200DD1946ADF816
:10AC40000C10BDF90E30B2F902108B4200DD19462E
:10AC5000401CADF80E1080B2A042D5D30B9802A9CB
:10AC6000826805A8EAF797F858B10B9805A900265D
:10AC7000806809900B988160B5F90210012011E0FD
:10AC800002E0284603F030FE0FB0BDE8F08F00BFB1
:10AC900005EB8002B2F902208A4201DA114606B2BF
:10ACA000401C80B2A042F3D32C2104FB01F003F03E
:10ACB000CFFD8346B2460490D1464FF00008701E87
:10ACC00000D52044621E09F101010892914200DD85
:10ACD000002135F8262035F8203035F8217005EBB5
:10ACE00080009B1ABF1A428805EB860005EB8101A4
:10ACF00040884988121A081A0021079112FB07F1AF
:10AD000010FB03F0814267DA0120079001E0079809
:10AD1000F0B308980AF10106864200DD0026B9F179
:10AD2000010700D5274405EB860005EB8A01B0F941
:10AD30000200B1F90220904216DB12D035F926301C
:10AD400035F92A108B420CD04FF0010CCDE9000CE4
:10AD50005846FEF71DFD58460499FEF795FA0BF18B
:10AD60002C0B08F10108B246A04523D005EB870063
:10AD700005EB8901B0F90200B1F90220904217DB1E
:10AD800013D035F9273035F929108B420DD000E06A
:10AD900022E00026CDE900065846FEF7F9FC5846A9
:10ADA0000499FEF771FA0BF12C0B08F10108B94672
:10ADB000A045ACD3DDE90B0102AAFEF76DFF0498B4
:10ADC000FEF742FF049803F08FFD284603F08CFD48
:10ADD0000B990998886057E7BAF1010600D5264417
:10ADE000089809F1010787429DDD00279BE70000D5
:10ADF000E877040870B514460D460646F4F78AF85D
:10AE0000224629463046EEF7FDFE224629463046C8
:10AE1000EFF7CDF8224629463046EFF7BAF9224639
:10AE200029463046BDE87040F2F7A6BE2DE9FF4F37
:10AE3000A1B00D46309FDDF8CCB04FF48031B7F9AA
:10AE400000004FF00A0940421A907888B1FBF0F0F8
:10AE50001A99199091FBF9F478681D90604200EB03
:10AE6000800001EB400604F1010820B20AF0F4FF73
:10AE700005900FFA88F00AF0EFFF82465A3420B2AC
:10AE80000AF0EAFF044608F15A0000B20AF0E4FFB3
:10AE900002460598C6F10A0101FB00F30AFB0633DE
:10AEA00093FBF9F0614302FB0611179091FBF9F057
:10AEB0001890179840111790189840111890BDF9E4
:10AEC000740000021B90BDF9760000021C90A88857
:10AED0002988401A401C04B2E8886988401A401C3E
:10AEE0000FFA80FA002648E00CA80090B5F902009D
:10AEF000B5F9001082190BAB13A812F0F0FB0EA8E5
:10AF00000090B5F90200B5F9041082190DAB13A831
:10AF100012F0E5FB0B9B0D980E99A0EB03080C9823
:10AF20000022A1EB000C1146012C08DD4FEA08229B
:10AF3000611E92FBF1F24FEA0C2C9CFBF1F103F144
:10AF400080093B7D8030DB071CD0DDE9318CCDF8FA
:10AF50000090CDE9010203AB83E81210CDE906B8F9
:10AF6000DDE92301DDE92E23ECF71AFA3298761C8D
:10AF700000EB4400A34436B232905645B4DB25B012
:10AF8000BDE8F08F319B042B54D0052B13D0062B3A
:10AF900050D0142BEAD1239B1E93249B12932E9BFB
:10AFA000079305912F9B3299864609920020CDF890
:10AFB0008090109188E0239B1293249B1093DDE9ED
:10AFC0002E3C0491CE4632998146E0460192002003
:10AFD00009912CE0049A0199424341430EEB21214F
:10AFE00009EB222209124FEA222207D4DDF840C0E1
:10AFF000614503DA002A01DB9A4203DB00210BF8EA
:10B00000001012E002FB0811DDF848C001EB41011D
:10B0100061440A7891F801C002EB0C22DDF824C0EB
:10B020002CF810208A780BF80020401C00B2A042B7
:10B03000D0DB9BE7DDF8C8C0CDF80090CDE9010278
:10B040000DF10C0888E81210CDE906B3DDE9230103
:10B05000DDE92E230FF02DFA88E70999209A414364
:10B0600002EB2121059A42430EEB222209124FEAFC
:10B07000222209D4DDF848C0614505DA002A03DB45
:10B08000DDF81CC0624501DB002219E002FB031958
:10B09000DDF87880DDF840C008EB49080CEB40098A
:10B0A000B8F80080A9F80080DDF81C8003FB08FCDC
:10B0B000DDF8788008EB4C0C614402FB03110A7840
:10B0C0000BF80020401C00B2A042C6DB4EE77047E0
:10B0D0002DE9F04387B08946DDE91251DDE91076AC
:10B0E000DDE90E8C70B1C46A002C08D0CDF8008068
:10B0F000CDE904510396CDE901C74946A04707B001
:10B10000BDE8F083FEE7416B002900D00847704797
:10B1100010B50446012104F075FC4FF6FF706087FE
:10B120000121606A04F04AF820460022BDE8104080
:10B13000202100F063BB000070B500200C4648627F
:10B1400016A1C4E90B10A06294F83C1041F0300144
:10B1500084F83C10E08620874FF6FF716187A08657
:10B1600094F83C004FF4806120F00F00083084F820
:10B170003C00204604F022F809A1204600F097FA8E
:10B18000204605F035F901460C4804F053FB05460E
:10B1900004F0C4FB65626C6270BD0000EF81B80012
:10B1A0004F7074696F6E20310A4F7074696F6E2032
:10B1B000320A4F7074696F6E2033000000AE0408CD
:10B1C00010B50146034804F035FB044604F0A6FB25
:10B1D000204610BDE4AD040870B5486A0C46002551
:10B1E00010B104F071FC656294F83C00C00603D411
:10B1F000206B03F08BFB256370BD000070B50E461D
:10B200003F4804F0C9FF012843D1304600F0B4FAAA
:10B210000546304600F0EEFA04460E2D14D00F2DF0
:10B2200021D0102D1FD0082D21D02A2D23D0292D3B
:10B2300021D02C2D23D00D2D2CD0152D29D13046E9
:10B24000BDE87040F1F77CBD05F088F800F062FFC2
:10B25000054601F06BFE01F0AAFE042819D17DBB62
:10B26000218F2046E186BDE87040FFF751BFBDE861
:10B270007040ECF795BCBDE8704007F0B5B93046BA
:10B2800000F0B6FA05460021204606F06CF8008969
:10B29000688070BD304600F0ABFA0078132810D0FB
:10B2A00012280ED0142817D0112815D01B28D7D05B
:10B2B0000A28EED101F04AFEA042EAD02046D6E7A5
:10B2C00019E0204600F058F8A8B1E08EA18E401C8D
:10B2D0008842DED2214608E0204600F04DF850B109
:10B2E000E08E0028D5D02146401EE086BDE87040A3
:10B2F00008460DF013BC2046BDE8704000F098B839
:10B30000E4AD0408006B002800D101A070470000E4
:10B3100000000000C08E70472DE9F0410446002572
:10B32000006B90460E462F4620B1E5F728F80246FE
:10B33000002008E00F70BDE8F081216B095C0A294C
:10B3400000D16D1C401C904202D2218FA942F4D141
:10B350000021A8F1010507E0B8F1000F01D0A942D2
:10B3600008D27354401C491C904203D2236B1B5CCF
:10B370000A2BF1D17754DEE710B5406A012106F0BF
:10B3800081F980F0010010BDF8B50F46084600F0C5
:10B39000F3F90546182805D03946244804F0FCFE88
:10B3A00001283AD1384600F025FA446A0646082DAD
:10B3B0000ED0012D17D0092D30D0182D2DD13846A3
:10B3C000F1F7B7FA3946BDE8F840184804F0E4BE92
:10B3D00001F0ACFD01F0DFFD00281ED13046BDE8D4
:10B3E000F840FAF75AB801F0A1FD050015D001F0B8
:10B3F000DEFD012804D0284601F0D9FD03280CD138
:10B400006946284601F0A8FDBDF902102046F6F76E
:10B4100019FE6087304606F023FCF8BD4FF6FF703A
:10B4200060873046BDE8F84006F01ABC00AE04085C
:10B430002DE9F8430446012103F004FF204604F0FF
:10B44000D7FF0146606A07F048FC4FF0FF31606AA1
:10B4500006F06CFD0121606A04F09AFA00221F21B7
:10B46000204600F0CBF92046F6F710FF8046216B0E
:10B4700002F075FF42F2D171606A07F040FE40466B
:10B4800007F0B4FE606A06F0B4F80546204606F000
:10B49000B0F885420EDC94F83C0000F00F00042860
:10B4A00001D0082806D1204606F0A3F80146606ABC
:10B4B00007F025FE404604F056FF07460021606A6B
:10B4C00005F0C0FC05460021606A05F095FE4619AE
:10B4D00000211122606A05F0B9FE2844B919084418
:10B4E00007B294F83C003D4600F00F06082E02D04B
:10B4F000042E1ED034E0FDF79FF8FDF7FBF8B4F9F9
:10B500001A10294488422BDAFDF796F8FDF7F2F875
:10B51000B4F91A10411AB4F91600814201DA04266E
:10B5200005E0FDF789F8FDF7E5F8618B401A401E4C
:10B5300015E0B4F91600401B12D5FDF77DF8FDF7B4
:10B54000D9F8B4F91A10B4F91650411AA94207DD16
:10B550000826FDF771F8FDF7CDF8618B401A05B2AA
:10B56000BD4200DD3D462946606A07F081FB20466A
:10B570000DF0D4FA0020082E06D0042E09D0012E9A
:10B580000CD0022E0FD015E0009000230D22606A2F
:10B590000DE0009000230A22606A08E0009000237A
:10B5A0001022606A03E000900023606A13222146A3
:10B5B00003F0B4FE606A07F019FE94F83C0000F056
:10B5C0000F00012801D0022818D1606A06F033F874
:10B5D0000646606A06F04BF80546FDF72DF8FDF7C4
:10B5E00089F8A8420ADCFDF727F8FDF783F8281A46
:10B5F000301A401E01B2606A07F0ADFD00214046DE
:10B60000226B04F0F9F8022808D04FF00003032859
:10B610001A4601D0012104E0032102E000231A466A
:10B62000022101B04046BDE8F04303F069BE2DE9B8
:10B63000F0410E00044603D00025A586284606E00A
:10B64000FEE70A2902D1A18E491CA186401C315C6B
:10B650000029F6D1A08E401CA086E58625873046BD
:10B66000E4F78DFE471C206B30B194F83C10C906FE
:10B6700002D403F04BF92563384603F0BBF820638E
:10B6800090B13146E4F790FE94F83C0020F01001B0
:10B69000204684F83C1006F0E3FA606A002804D0E3
:10B6A000BDE8F04106F0DCBAFEE7BDE8F08170B518
:10B6B0000E00044603D00025A586294606E0FEE7D5
:10B6C0000A2802D1A08E401CA086491C705C00286C
:10B6D000F6D1A08E401CA086E586258794F83C0014
:10B6E000C00604D4206B10B103F010F9256394F860
:10B6F0003C0040F0100184F83C102046266306F020
:10B70000AFFA606A002803D0BDE8704006F0A8BA1E
:10B7100070BD10B50446C08E88420FD0A08E8842FE
:10B7200000D8411EE1862187606A10B120460DF0E5
:10B73000F5F92046BDE8104006F092BA10BD10B5EC
:10B740000C464FF48061204604F022F90421204683
:10B7500004F01EF94FF40031204603F02FFD0121C3
:10B76000204603F02BFD2046BDE8104001F00CBF41
:10B77000486A002141627047007A20F080007047DB
:10B7800040687047017A15290BD0142909D0162971
:10B7900007D0182905D0172903D0192901D0002076
:10B7A000704700697047017A01291FD002291DD016
:10B7B00003291BD0042919D0052917D0062915D033
:10B7C000072913D0082911D009290FD00A290DD033
:10B7D0000B290BD00C2909D00D2907D00E2905D033
:10B7E0000F2903D0102901D000207047006970474D
:10B7F0000069704700687047C068704710B588B02E
:10B80000C0B1009001908DF808100020CDE903022E
:10B810009DF81800084C20F007008DF818006068AB
:10B820000590C4F804D06846F4F7C0FF059961603C
:10B8300008B010BD0120FBE77C000020027A132A2B
:10B8400006D10069B0F900208A4200DD114601806E
:10B85000704710B500F004F8BDE8104000F072BB6E
:10B8600010B500210C4802F095FD0C4C2080002002
:10B8700008F068FE6080042008F064FEA0800420C8
:10B8800008F060FEE080042008F05CFE20810420C7
:10B8900008F058FE608110BD3515010894C10120E3
:10B8A00010B5092900D120210469F6F739FB0028D9
:10B8B00006D0616801EBC000618A890B01D00020CD
:10B8C00010BD00682168C0F31300084410BD08B122
:10B8D00042681047FEE72DE9F0479A4690460C462D
:10B8E000070011D08CB100260546B1462660D5F878
:10B8F00000C05346424621462846E04740B1A07B5F
:10B90000C00603D425600EE0FEE7FEE706B92E462A
:10B910006D69002DEBD14EB1356853464246214644
:10B920003046A84726600120BDE8F087B8F1200F17
:10B9300020D3A8F57841FF391CD0A8F500510C3967
:10B9400018D0B7F9080000EBD0704008E080801CE8
:10B95000A080C4F8009039892181A4F80A90A4F845
:10B960000C90A07B20F00F00401C40F01000A07352
:10B970000020D9E74846A4F80690E9E72DE9F0470A
:10B980009A460C468146092A47D000261146D9F826
:10B990001050F6F7C5FA071E3DD0E8684FF00008D2
:10B9A00050B151464846F6F7BBFA020004D039467A
:10B9B0004846F6F793FB80466868298A00EBC70083
:10B9C00001FB08F10A110168090D002E02D000BF29
:10B9D0004FEA4101114401F108014FEA1111A18020
:10B9E000417921810179E18090F90620628190F905
:10B9F0000700A081688A4FEA5022A07B62F303000F
:10BA000020F01000A07304D04FF6FF7000EA410050
:10BA1000E0804FF00100BDE8F0874FF001064FF0E5
:10BA20002002B3E71FB540B113460A466946FFF747
:10BA300052FFBDF8040004B010BDFEE770B5044627
:10BA40004068B0B1C268B2B12168904705466068ED
:10BA5000408840B1A06830B1C06808B102F056FF1C
:10BA6000A06802F053FF002020606060A0602846BC
:10BA700070BD0B2070BD092070BD000010B50446DC
:10BA80000748E9F73CFF08E008680078A04201D1C8
:10BA9000086810BD0248E9F744FF0100F4D110BD69
:10BAA000C002002010B50446E4F769FC40B1215CF7
:10BAB0002E2907D02F2903D05C2901D0401EF6D1B2
:10BAC00002A010BD2044401C10BD0000000000007A
:10BAD00010F8011F3A2900D1401C70472DE9F041B0
:10BAE00017460E0005462BD03078FFF7C7FF04003D
:10BAF00028D0616809B1884730B3A06830B33046B8
:10BB0000FFF7E6FF0146A3683A4620469847F8B19A
:10BB1000411C1DD0C5E90004608870B1102002F0FE
:10BB200069FEA860B0B1102102F0FEFFA9684FF0D5
:10BB3000FF300860A968400048600020BDE8F0813F
:10BB40000B20FBE70320F9E70120F7E70920F5E7E1
:10BB50000C20F3E7FEE77CB51C004FF0000500D099
:10BB60002560436853B11B6953B1019545686B88E3
:10BB7000002B01AB06D000F012F80BE00B207CBDCF
:10BB800009207CBD0093006813460A4601462E69D1
:10BB90002846B047002CF4D0019921607CBD2DE9E6
:10BBA000FF4F0546806814460027D0E90021D0E900
:10BBB00002808146686883B09A46B0F802B0424578
:10BBC00049D8884547D2A8EB020080B2ABEB00060B
:10BBD000A1EB08018E4200D30E46B44209EB0001EE
:10BBE00006D82246049802F0CDFECAF8004066E06E
:10BBF0003246049802F0C6FE0020019001A85C4580
:10BC0000009008D90498A31B8219D5E90010076990
:10BC1000B847074617E0D5E900105B4607694A4672
:10BC2000B8470746A86842680260A96801980244BC
:10BC30004A60A11B814200D2084682B2049849465C
:10BC4000304402F09FFE01983044A04200D20446E6
:10BC5000CAF8004030E05C4508D9CDF800A006697C
:10BC600029682346049AB047074625E0B9F1000F3A
:10BC700006D1584602F0BEFDA968C860F0B1814601
:10BC80000020019001A80090D5E900105B460669EC
:10BC90004A46B0470746A868C0F80080019AA868DD
:10BCA00008EB02019442416000D22246CAF800200B
:10BCB0004946049802F066FE0FB106E0FEE7A86868
:10BCC000DAF8001082681144816007B03846BDE898
:10BCD000F08FF8B545680446E5B1AE69E6B16B880A
:10BCE0000020C3B3D2B1012A21D0022A11D11346B8
:10BCF00020680A4601462846B047002809D1D4E901
:10BD000000106A46C3699847002802D1A2680099CA
:10BD10009160F8BD0B20F8BD0920F8BDA2689160C4
:10BD2000A3680A461D68A9420CD3596808E0A368B5
:10BD30009A680A449A60A1680B689A4202D34968DB
:10BD40008A42EAD9D4E900100023846901B0A446EC
:10BD5000BDE8F0406047FFE7134620680A46014609
:10BD600001B02846B446BDE8F04060472DE9FC41EB
:10BD70000C468178154611FB04F109128A4202DC57
:10BD80000088BDE8FC81027A00EB820111F8023CD8
:10BD900013FB04F31B129D4202DB31F8040CF0E7A5
:10BDA00001235EE000EB8301897811FB04F10912A5
:10BDB0008D4254DC00EB830737F8040DADF8040026
:10BDC0000198FCF787F80646B888ADF8040001989A
:10BDD000FCF780F80146B87810FB04F0BA7900123D
:10BDE00012FB04F2D0EB22223DD0281A00B2C0EBA5
:10BDF000002090FBF2F0C2B2C2F1FF03C8B210FB08
:10BE000002F0F4B214FB030000EBC01404EBC030EA
:10BE1000840EBDF8000064F30400C1F3072414FB92
:10BE200002F4C6F3072515FB034404EBC41505EB28
:10BE3000C434640E64F34A10C1F3074111FB02F1EC
:10BE4000C6F3074212FB031101EBC11202EBC13131
:10BE5000890E61F3CF20ADF8000080B291E75B1C42
:10BE6000DBB29A429ED8FEE74168002901DA02F06F
:10BE70004DBD7047FEB50546407A16460C46400754
:10BE80002FD0224F387820B9002000F043F801204D
:10BE90003870687A00F00700022818D04FEA0600D0
:10BEA00080EA640068400190002000906A4601A981
:10BEB0001748F8F735F901280BD0324621462846B5
:10BEC000EBF790F8009000280BD0002418E02046F3
:10BED000E6E700980422416802EBB1714FEAB10134
:10BEE0004160FEBD22462846FFF740FF02900098C1
:10BEF000BDF80810806800EB4400641C018024B287
:10BF00000098B0F90E10A142ECDCFEBD64C1012026
:10BF1000950E010870B5094D0446286802F0F6FC3C
:10BF2000204602F067FC2860054DA86020B121463C
:10BF300002F0FAFD6C6070BDFEE7000030C1012028
:10BF400064C1012010B50021164802F023FA164CF6
:10BF50002080042008F0F6FA6080042008F0F2FA4D
:10BF6000E080042008F0EEFAA080042008F0EAFA4D
:10BF70002081042008F0E6FA6082042008F0E2FA4A
:10BF80002082042008F0DEFAA081042008F0DAFA0A
:10BF90006081042008F0D6FAE081042008F0D2FA8B
:10BFA000A08210BD0D2C0108BC00002070B5060059
:10BFB0000C4633D0084600F0D1F83046E9F79FFC34
:10BFC00005E00868A04229D03046E9F7AAFC010044
:10BFD000F7D1204604F0C2F940B1A168896829B1BF
:10BFE000C9680968A14201D100F0A3F8A06810B99E
:10BFF000204603F0FFFAA06886603046E9F7F3FCBC
:10C0000005000AD030462C60E9F779FCA84205D13A
:10C010003046BDE8704000F08CB8FEE770BD00000F
:10C0200010B50446074A0849F5F7ECFB6269002A97
:10C0300006D0002804D12046BDE810400121104759
:10C0400010BD000023590008FF58000870B5060015
:10C0500043D004F083F904003FD0207FC0073CD1D7
:10C060000021204600F0D7F82046E9F748FC32E0EE
:10C070002868B0422BD1E06888B10068B0420ED089
:10C080002046F6F703F80246E0680F210068FFF744
:10C09000B5FB012821D1E068006805F0E1FDE5600D
:10C0A000002D1AD0216909B1204688472046F5F7AE
:10C0B000EDFF0246E0680E210068FFF79FFB0128B4
:10C0C0000BD1E0680068BDE8704005F0C9BD2946A5
:10C0D0002046E9F726FC0500CAD170BD10B504461C
:10C0E000074A0849F5F78EFB6269002A06D0002846
:10C0F00004D12046BDE810400021104710BD0000CB
:10C100002B590008315900080148006870470000A9
:10C1100084000020002802D0007FC0F34000704758
:10C12000002803D0C068002800D000687047E9F7F5
:10C13000EABB70B50446007FC0F3C00540F00800BC
:10C1400020774007204602D4FFF76AFF01E0FFF79F
:10C15000C5FF207F65F3C300207770BD2DE9F04156
:10C16000064604F0FBF804003DD0E068002740B329
:10C170000068B04220D1207FC10702D020F001002A
:10C1800020772046E9F7BBFBE16888420FD12046C3
:10C19000E9F7CEFBE168884209D12046F5F776FF42
:10C1A0000246E0680F210068FFF728FB02E0204606
:10C1B000FFF7BFFFE06820B1E0680068B04200D13F
:10C1C000E7602046E9F79BFB11E028682946B0426A
:10C1D00020460AD1E9F72EFC284602F097FBB0680A
:10C1E000002800D08760BDE8F081E9F79AFB0500E0
:10C1F000EBD1F8E713B5FFF793FF040003D08021DC
:10C2000005F04CFA08B101201CBD01AA0D21204601
:10C21000FFF7F4FA1CBD70B504001CD0207FC0F3FA
:10C2200040028A4217D061F3410020772046FFF791
:10C2300077FF05000FD02046F5F728FF0246E0689B
:10C240000E210068FFF7DAFA012804D12846BDE87C
:10C25000704005F005BD70BD7047014600200F29F4
:10C260000AD2DFE801F009090909080A080C0E10D2
:10C27000120C0E1012001020704718207047012079
:10C28000704702207047042070470820704701461D
:10C290000020891E0D2909D2DFE801F007080807F0
:10C2A000080707070707070707000120704701462F
:10C2B0000020032901D0062900D10120704770B564
:10C2C00000254D6291F838000C4620F07C0040F0CB
:10C2D000030081F83800084605F08BF9A085204658
:10C2E00004F041F8E08525864FF48070E08694F8EC
:10C2F0003800022140F0800084F8380025856585EB
:10C300006586A58684F83950204603F041FB204617
:10C31000BDE870404FF4803102F050BF10B50146C7
:10C32000034803F087FA044603F0F8FA204610BDEC
:10C330001CAE040870B54C6A0D46002C12D0287C47
:10C34000012802D12046FFF779FBE06808B102F02E
:10C35000DDFA206908B102F0D9FA204602F0D6FAD7
:10C360000020686270BD00007FB514460D46084687
:10C3700000F092FD20B1012817D0022839D035E015
:10C38000296801F01F00001F11282FD2880A216898
:10C3900060F3942121602868400D60F35F512160B3
:10C3A000287860F3040121602FE02846FFF77AFB2C
:10C3B00017A1E3F7EBFFC8B9022229466846FFF749
:10C3C0008DFB68B903AB042221466846FFF7C3FB27
:10C3D00005466846FFF732FB45B90398042805D1A6
:10C3E000207800F01F00001F11280ED3002004B099
:10C3F00070BD2068012161F39420C0F3140000F5A2
:10C40000001020F01F000B3020600120EFE700003B
:10C4100062696E002DE9FF4F80465CA087B000681E
:10C4200004905BA05BA3006893460F4605900FCB7A
:10C430008DE80F00B8F80810002089B2CAB2090AC6
:10C4400009E000BF149C00EB4003401CE254149C24
:10C4500000B2234459700A9B9842F3DB98F8140009
:10C460004FF0000900F01F00FFF7F7FE82460121A0
:10C4700001FA0AF1491E88B206900025D8F8140086
:10C480002C4600F01F012E460B2906D00C2912D095
:10C490000D2920D00E2931D12CE0C0F38A20C01DF7
:10C4A000C50804EBE70115FB0B1407F00700C0F10A
:10C4B000070604A80DE0C0F38A20C01C850804EB21
:10C4C000A70115FB0B1407F003000621A1EB4006A2
:10C4D00005A8814612E0C0F38A20401C450804EB01
:10C4E000670115FB0B1407F001000421A1EB800686
:10C4F0006846EEE7C0F38A2515FB0B742846D8F88A
:10C50000247002F0A5F95FEA000B13D098F8100030
:10C51000A0B10022211D3846FFF7DBFB00232A468D
:10C5200059463846FFF717FB5946CAF10802002062
:10C5300053B222E000200BB0BDE8F08FD8F8040021
:10C5400080680119F1E70A78069CF240224098F8C9
:10C55000144004F01F040E2C01D019F80220149C82
:10C5600000EB40052C44A270A6EB0A0256B2002E46
:10C5700001DA1E46491C401C00B20A9A9042E2DBD6
:10C58000584602F0B1F90120D5E7000000FF000095
:10C590000055AAFF00112233445566778899AABB3B
:10C5A000CCDDEEFF2DE9FF4F8046007D81B0914646
:10C5B0000E4600F01F00FFF750FE8246012101FAEF
:10C5C0000AF1491E0025D8F814001FFA81FB00F07B
:10C5D0001F012F462C46072906D0082912D0092909
:10C5E0001FD00A2932D12BE0C0F38A20C01DC50814
:10C5F00004EBE60115FB091406F00700C0F107077C
:10C60000083423E0C0F38A20C01C850804EBA6018F
:10C6100015FB0914062106F00300A1EB40071034B6
:10C6200014E0C0F38A20401C450804EB660115FBAA
:10C630000914042106F00100A1EB8007403405E055
:10C64000C0F38A2515FB096404F580642846D8F8F0
:10C65000249002F0FDF8061E40D098F8100068B152
:10C660000022211D4846FFF734FB00232A463146AD
:10C670004846FFF770FA3146002028E0D8F8040059
:10C6800080680119F8E70A78D9F80C30FA4002EA14
:10C690000B0203EB42030E9D1B8800EB4004ADF838
:10C6A00000302B55BDF800301D0A0E9B23445D70F1
:10C6B000D9F81040A25C9A70A7EB0A0257B2002F7B
:10C6C00003DACAF1080257B2491C401C00B2049AAE
:10C6D0009042D8DB304602F007F9012005B0BDE8F2
:10C6E000F08F00002DE9FE430646087C0C46012829
:10C6F00001D028B328E06068FFF7D4F96CA1E3F714
:10C7000045FE00285CD1022268466168FFF7E6F921
:10C710000028F7D1606A38B9142002F06BF8606223
:10C7200068B1142102F000FAD4F8240069460C2202
:10C7300011F8013B00F8013B521EF9D104E0FEE77D
:10C740006068806800286ED0616901F01F000E28C3
:10C7500016D0142814D004283BD0052839D0062838
:10C7600037D0072839D0082837D0092835D00A28EB
:10C7700033D00B2828D00C2826D00D2824D091E0C7
:10C78000227CF2B1C1F38A22490D12FB01F1142877
:10C790001BD001264E43304602F02CF805000FD086
:10C7A000676A002204213846FFF793FA00233246D5
:10C7B00029463846FFF7CFF948B1284602F0A6F8D7
:10C7C00074E060688068A06169E00326E2E7A56123
:10C7D00065E0207C0028F4D061E0FFF73EFD0127F2
:10C7E0008740606A38B9142002F004F86062B8B17A
:10C7F000142102F099F97800656A01F0FBFFE86006
:10C8000078B1384601F0F6FF286158B1E86878B38E
:10C81000207C012808D060680024D0F808803CE023
:10C82000FEE7FEE7FEE73BE0002204212846FFF793
:10C8300050FA002419E00023042269462846FFF735
:10C840008AF99DF800209DF801109DF80200FBF781
:10C85000A6FA0190E868BDF8041000EB44000180DE
:10C8600029699DF803000855641CBC42E3D316E017
:10C8700018E000BF08EB840618F824207178B0781F
:10C88000FBF78DFA0090E868BDF8001000EB44005B
:10C8900001802969F0780855641CBC42EAD3012064
:10C8A000BDE8FE8321463046FFF744FD0020F7E750
:10C8B00062696E002DE9F84F0C461D461646207D34
:10C8C000DDE90A32002100F01F00042816D00528F7
:10C8D00014D0062812D00B2839D00C2837D00D28B8
:10C8E00035D00E2833D0072838D0082836D009286C
:10C8F00034D00A2832D00020BDE8F88F277C012FE1
:10C9000033D198469146D4F824A0FFF7A6FC0746F9
:10C910006069C0F38A2015FB00607843C1100022D3
:10C920005046091DFFF7D5F9002470B9FD0805FB35
:10C9300008F56B462A46494650460094FFF70BF926
:10C9400018B90098854200D1012421460DE00092DB
:10C950002A4631462046FFF75DFD05E000922A4653
:10C9600031462046FFF71EFE01460846C4E710B5D3
:10C970000446006800280BD0C2680AB121469047DF
:10C98000207C012804D1606801F0C0FF00206060B5
:10C9900010BD000010B50548E8F7D6FF040004D02C
:10C9A000142102F0C1F8204610BDFEE7E402002089
:10C9B0002DE9F0410F4605460421384602F0B4F84F
:10C9C00025B1284600F068FA18B105E00020BDE85E
:10C9D000F081A8680028FAD000260A48E8F78FFFFF
:10C9E0000BE023682BB13A462946984706460128B2
:10C9F00005D021460348E8F794FF0400F1D1304602
:10CA0000E5E70000E40200202DE9FF410E461D4647
:10CA10000446282102F088F8AEB1304600F03CFA16
:10CA200008B9B16879B1BDF8081021812074E560BA
:10CA300001280CD0666000272148E8F760FF054612
:10CA400004F1140831E0002004B0BDE8F081304664
:10CA5000E3F795FC401C01F0CDFE606018B1314653
:10CA6000E3F7A2FCE7E7FEE72B68CBB16868B8B153
:10CA700042463146284698470746012810D125608E
:10CA80006A6821462846904707460128DCD00421E1
:10CA9000404602F049F800202062A0616062E06137
:10CAA00029460748E8F73DFF0546002DDCD1207CEC
:10CAB000012802D1606801F029FF3846C4E7000070
:10CAC000E40200202DE9FC4105680E46089FAC6891
:10CAD00000213CB1CDE900371346014632462846D5
:10CAE000A04701460846BDE8FC8110B591F8380022
:10CAF0000C4600F00300012801D0022809D154F8A7
:10CB0000240F01F003FF00202060207D40F003008F
:10CB1000207510BD2DE9FF410F460846FEF72CFE9B
:10CB20000546152807D0182D05D03946744803F05E
:10CB300033FB012869D13846FEF75CFE04462A2DF6
:10CB400013D04FF48076132D21D0112D5FD02C2DD2
:10CB50007ED0152D03D0182D01D0122D55D104B043
:10CB60003846BDE8F041EEF795BC94F8380000F087
:10CB700003000228204604D004B0BDE8F04105F0CF
:10CB800007BD616A04B0BDE8F04100F0DDB8384689
:10CB9000FEF72EFE0546208E10B9E08EB04234D04E
:10CBA000204604F026FD0646204603F0DCFB07463F
:10CBB00004F13201E08ECDE90001B4F930303A469B
:10CBC000314602A8E8F734FBBDF90800B5F90010BA
:10CBD0004042814200DD084600B22880BDF90A10BB
:10CBE0004942884200DC084600B22880BDF90C109A
:10CBF000891B884200DC084600B22880BDF90E106F
:10CC0000C91B884200DC08462880BDE8FF81384601
:10CC1000FEF7EEFD0546204604F0EBFCB4F92C10BF
:10CC200088424DD1204603F09EFB0146B4F92E0008
:10CC3000814245D1E18EB14213D1218E89B9B4F937
:10CC40002C10B4F9322001EBD171B2EB610F00E08E
:10CC500041E006D1B4F9341000EBD070B1EB600FB5
:10CC60002ED0204604F0C5FC0646204603F07BFB90
:10CC7000024604F13201E08ECDE90001B4F9303012
:10CC8000314602A8E8F7D4FABDF80800A18A0022CC
:10CC90000844ADF80800BDF80A00E18A0844ADF880
:10CCA0000A00BDF80C00A18A0844ADF80C00BDF8DC
:10CCB0000E00E18A0844ADF80E0002A8296806E0DB
:10CCC0006946204603F095FA002268462968E8F78D
:10CCD0004AF9287199E73846FEF78AFD054694F827
:10CCE000390000F00300012804D0A08D2880E08DD9
:10CCF00068808AE7204600F005F8286085E7000094
:10CD00001CAE04081FB500F13202C18ECDE900123D
:10CD1000B0F93030B0F92E20B0F92C1002A8E8F7A5
:10CD200087FABDF80C00BDF80810BDF80A20411ABA
:10CD30002046491C61F30F00BDF80E1004B0891A9B
:10CD4000491C61F31F4010BD2DE9F04385B08846B2
:10CD5000044604F085FF404600F09EF805464FF07B
:10CD60000009032809D003A94046FFF721FEC5B1F9
:10CD7000012D24D0022D22D068E094F8380000F074
:10CD80000300022801D0012802D1606A01F0BEFD33
:10CD900044F8249F207D40F00300207505B0BDE8D5
:10CDA000F08394F8380000F00300012801D0022835
:10CDB00002D1606A01F0AAFDC4F8248046E0606AEE
:10CDC000404519D094F83810002601F003010129DC
:10CDD00001D0022900D106464046E3F7D0FA401CB4
:10CDE00001F008FD07000AD04146E3F7DDFA67626B
:10CDF00016B1304601F08AFD022D01D026E0FEE793
:10CE000020460021572204F021FA06462046002140
:10CE1000582204F01BFA07B220460021592204F0E0
:10CE200015FA00B241F6FF728DE805023B46324624
:10CE3000414604A809F0D4F8BDF81010039861F336
:10CE40009420BDF8121061F35F50039094F83800FD
:10CE500065F3010084F838000398C0F38A21A185A6
:10CE6000430DE38594F8382060F3860284F8382077
:10CE70004A08810D62862046A18605F0B5FB208E0A
:10CE800018B9E08EB0F5807F02D0204605F080FB17
:10CE9000204604F0E5FE81E7032130B10078A0F1DF
:10CEA00020015F2903D80120704708467047802879
:10CEB00001D3022070470020704710B5044620219E
:10CEC00001F032FE002020700A20207660764FF4B8
:10CED000C870A0836420E0833220E0760320A0762F
:10CEE00010BD000070B50546006920B9FBF7A4FB32
:10CEF0002861002814D00B48E8F726FD040010D064
:10CF00005C2101F011FE25606079224640F00200AC
:10CF100060711E21044808F0ADFD2168486120467B
:10CF200070BDFEE7B4020020D9CF01080148806837
:10CF3000704700008800002018B101460248E8F759
:10CF4000F0BC0148E8F7DBBCB402002001484068AF
:10CF5000704700008800002038B102681278012A6A
:10CF600005D0032A03D04FF0FF30088002E0028989
:10CF70000A80408948807047002806D001680978F7
:10CF8000012903D0032901D00020704790F8440004
:10CF900000F00F007047002806D0016809780129C9
:10CFA00003D0032901D000207047006B7047002890
:10CFB00001D000680078704700220A804A8000286B
:10CFC00009D002681278012A01D0032A03D1028B0A
:10CFD0000A80408B488070477FB52A4CC068A060AB
:10CFE0000168096900294CD0F6F752FCA068417924
:10CFF000490746D4006800694069002841D10025EE
:10D000006946A068E8F710FA9DF80F60A068F6F787
:10D010003FFC6560A1689DF80E000871012806D0EC
:10D0200008680078042809D1BDF80C00D0B108F0D8
:10D03000BDFCA16809680969C1F86401A0680168BC
:10D040000978012906D0022908D004290AD0032929
:10D050000DD00FE06946F6F73FFA0BE06946F6F7A8
:10D060004FF907E06946A068F5F72EFF02E0694630
:10D07000F5F7A3FEA068F6F70BFC002EC0D1A56063
:10D0800065607FBD8800002070B5204E0C460025ED
:10D09000B0B3417941F002014171B168814200D1E0
:10D0A000756001680978012901D002290ED114B1F7
:10D0B000416BA14201D1456314B1816AA14201D102
:10D0C000856214B1C16AA14200D1C56270BD4179C7
:10D0D00041F00201417101680978012901D002295A
:10D0E0000ED114B1416BA14201D1456314B1816AE3
:10D0F000A14201D1856214B1C16AA14200D1C562C9
:10D10000FFF71AFF0028E2D1756070BD880000208B
:10D1100010B50446407920F00100607108F046FC2B
:10D12000E06408F043FCA06410BD002804D003298B
:10D1300006D00C2901D000207047B0F9261001E07C
:10D14000B0F924100068427E0020C2F1640264231A
:10D1500006E0084400B212FB01F191FBF3F109B2C1
:10D160000029F6D17047F8B50C460546012104F0B8
:10D1700089FA68BB2068009001230022694628468E
:10D1800006F004F86946284604F08DFA06460022A7
:10D19000694605F11400E7F7E6FE28B94FF40021CF
:10D1A000284604F06FFA80B1284603F01DF8401EAF
:10D1B00004000AD4A8686946006850F82400FFF704
:10D1C000D2FF002803D1641EF4D50EB12846F8BD65
:10D1D0000020F8BD002803D0417941F008014171D9
:10D1E0007047000010B5144C2078002821D101F0C0
:10D1F000A3FBE8F777FEE8F70FF8E7F70BFDE8F792
:10D2000011F8FBF7EFFCE8F741FD4FF4B4710B4860
:10D21000E8F792FB5C210A48E8F78EFBE8F73AFE54
:10D22000E8F7E6F84420112804D0FEF712FB0120AD
:10D23000207010BDFEE7000080C10120A802002080
:10D24000B402002010B50C460421204602F0A0FBD9
:10D250000020A06384F83C0084F83D0003460246A9
:10D260000521204602F04CF800231C2206492046E6
:10D2700001F058FF00221146204605F0C4FE20466A
:10D28000BDE8104000F03CB98DD2010870B5FEF742
:10D29000B1FA0446F9F754FDA0F57F41FF397BD080
:10D2A0002046F9F74DFD01462046F9F71FFD050020
:10D2B00072D069A1E3F76AF8684E002846D068A1E9
:10D2C0002846E3F763F8002846D066A12846E3F72E
:10D2D0005DF8002846D064A12846E3F757F80028F7
:10D2E0004CD062A12846E3F751F8002846D060A14F
:10D2F0002846E3F74BF8002853D0A06B00284BD00A
:10D300005CA12846E3F742F800285AD05BA12846E2
:10D31000E3F73CF8F0B35AA12846E3F737F8D0B367
:10D3200058A12846E3F732F8B8B357A12846E3F7E7
:10D330002DF898B355A12846E3F728F80028A06BEC
:10D3400059D02946BDE8704007F02CBF002184F871
:10D350003C10204631680AE0012184F83C10204648
:10D36000716804E0022184F83C102046B168F9F7A6
:10D370004FFD2046BDE8704000F08AB80022202111
:10D380002046FEF73BFA012865D1A06B002862D049
:10D39000002204E015E01FE05DE022E026E020210D
:10D3A0000BE000221F212046FEF728FA012852D167
:10D3B000A06B00284FD000221F21BDE87040FEF76F
:10D3C0001DBA0A21A06B07F06BFEA06B08F01AF9DA
:10D3D000002840D0A06BEEE7A06BBDE8704007F0DE
:10D3E000E8BFA06BBDE8704007F0EABFA06BBDE8E6
:10D3F000704008F013B808F003F985B2A06B08F08C
:10D400001FF900782D280FD02B28A06B16D00021F3
:10D4100008F026F92D21A06B07F042FEA06B691CD5
:10D42000BDE8704008F01CB90121A06B08F018F9A4
:10D43000A06B07F0F3FF2B21A06B07E0012108F0A0
:10D440000FF9A06B07F0EAFF2D21A06B07F028FE73
:10D450002946A06BE4E770BD616263000C01002007
:10D460004142430031230000EF808D00EF849C0097
:10D47000EF808C00456E746572000000EFA2A20080
:10D48000EF819300EF819400EF959A002B2F2D00F0
:10D490002DE9F0410446074690F83D00174EC007BD
:10D4A00008D094F83C0056F820103846BDE8F0410A
:10D4B000F9F7A1BC208E400001F09CF90546208EB2
:10D4C000420097F83C0056F82010284601F05AFA1E
:10D4D000002007E035F8101021F4806125F81010C5
:10D4E000401C80B2218E8142F4D829462046F9F7AB
:10D4F00082FC2846BDE8F04101F008BA3001002066
:10D5000010B5044690F83C00054951F8201020461B
:10D51000F9F77EFC2046BDE81040FFF7B9BF0000D8
:10D520000C01002010B50C460020486214F8481F7A
:10D5300021F0180104F81C19411E2160227F22F0FD
:10D540000702227720836083E060C4E90110090CA0
:10D550002161616144F8040C14F81C0F022120F0D1
:10D56000400004F84809204602F012FA0021204643
:10D5700000F054FE2046BDE8104001A100F08ABE34
:10D58000546578740000000010B50146034802F0AD
:10D5900051F9044602F0C2F9204610BD38AE040825
:10D5A00010B508460C4600F00AF894F84800000749
:10D5B00002D4606A01F0AAF90020606210BD10B5C3
:10D5C000044690F84800400603D5A06A08B101F06F
:10D5D0009DF994F8480020F0400084F848000020AD
:10D5E000A06210BD2DE9FF470E463F4802F0D4FD72
:10D5F000012876D13046FEF7BFF804463046FEF7E4
:10D60000F9F805462A2C1CD0132C0BD0292C18D045
:10D610002C2C1ED0152C64D104B03046BDE8F04748
:10D62000EFF7B0BC002103F0A1FEB0F9080004B090
:10D63000C11700EB917081103046BDE8F047FEF74E
:10D64000FDB800F0B9FD04B02846BDE8F04700F091
:10D650004FBB002103F08AFE81460021284603F0DB
:10D6600097FE80460021284603F0AAFE074695F85B
:10D6700048000024C10600D50124800601D544F0ED
:10D680000204284602F01CFE0021284603F0DAFEC0
:10D69000A0F51C51D13905D1688C000502D441F6A2
:10D6A000FF7002E0284602F00BFE0097CDE901046E
:10D6B00043464A4603A8696A08F092FC3046FEF7E2
:10D6C00097F8B0F90020BDF90C108A4200DD114630
:10D6D0000180B0F90220BDF90E108A4200DD11462A
:10D6E0004180BDE8FF87000038AE04082DE9F04F07
:10D6F0008BB00D00804659D00021122203F0A6FD08
:10D7000029881022081A60F30F044046002103F014
:10D710009DFD6988081A60F31F44A14608A9404688
:10D7200002F086FDBDF82400BDF820100025401A47
:10D73000401C00B2D8F8247005902C46294640467B
:10D7400003F014FE02900021404603F039FE0090E1
:10D750000021404603F01CFE03900298AB465E4653
:10D76000B0F90800079098F84800C10600D50126D6
:10D77000800601D546F002060021404603F062FE15
:10D78000A0F51C51D13905D1B8F82200000501D40B
:10D7900046F0040640460021D8F8242002F02CF878
:10D7A00082460099079800EB010821E0FEE700207F
:10D7B000CDE90006DDE902127819059BE8F7D8FBF0
:10D7C000044407984FEA2942584482420BDC444AF9
:10D7D000009469461268384690470A280BD0385D95
:10D7E00048B9641C07E008EB0B000FFA80FB2546E4
:10D7F000785D0028DBD107EB050B4FF00008BAF18C
:10D80000020F03D0BAF1030F16D025E0DDE90223A1
:10D81000611B5846009608F041FCBDF82410BDF885
:10D82000202000EBD070891A491C09B201EBD1719C
:10D830004910A1EB60000DE0DDE90223611B5846B1
:10D84000009608F02BFCBDF82410BDF82020891AA2
:10D85000491C081A0FFA80F800208DF8180082463B
:10D86000049044BB2BE004AB6A4601A95846E8F794
:10D8700067FBF00706D004981BF8001006A8E8F72D
:10D8800021FCC0B9DDE90110009AFEF7CBF801B226
:10D890000FFA89F208EB010082421EDB04994A1953
:10D8A000A2421AD00AEB0502BA5CB2B1039A8A46C8
:10D8B00010440FFA80F804982844A042D3D3094CAE
:10D8C00058460499226890470646226829463846F9
:10D8D00090470BB03044BDE8F08FCDF810A0EEE7D4
:10D8E0005CC10120600000202DE9F74F8AB05FEA9B
:10D8F0000209804664D0D8F8245040462A460021C8
:10D9000001F07AFF8346287800285AD007A94046BC
:10D9100002F08EFCBDF82000BDF81C100024401A57
:10D92000401C00B2049026462146404603F01EFDEE
:10D9300003900021404603F043FD0690002140463D
:10D9400003F026FD02900398A2465746B0F908005E
:10D95000059098F84800C10600D50127800601D53A
:10D9600047F002070021404603F06CFDA0F51C5172
:10D97000D13905D1B8F82200000501D447F00407D9
:10D980004B4A28460B99126890478046A85DA8B379
:10D99000DDE90510084409900020CDE90007DDE924
:10D9A00002212819049BE8F7E3FA0644B04526D380
:10D9B000A85D18B30998344650440FFA80FAEBE793
:10D9C000FEE70020A9F802005946BBF1010F07D07D
:10D9D00002290AD0BBF1030F04D1404602F070FCCB
:10D9E000A9F800000DB0BDE8F08F404602F068FCD9
:10D9F00000EBD0704110A9F80010F3E7FFE7B8F191
:10DA0000000F12D005EB080010F8010C0A2801D015
:10DA10000D280AD115F8080038B9DDE905010144DF
:10DA200001EB0A000FFA80FA44462819CDE900708C
:10DA3000DDE90103A8EB0401039A08F02FFB05467A
:10DA40000B98A04202D00298284405B2BBF1020F05
:10DA500003D0BBF1030F16D025E00097DDE90103E9
:10DA6000311B039A08F01AFBBDF82010BDF81C20EA
:10DA700000EBD070891A491C09B201EBD171491031
:10DA8000A1EB60000DE00097DDE90103311B039A73
:10DA900008F004FBBDF82010BDF81C20891A491CB1
:10DAA000081A284405B2A9F80050A9F802A099E77D
:10DAB0005800002090F84800C0F300107047406AFA
:10DAC0007047006C7047C06B704700002DE9F04153
:10DAD00017000D46044627D094F84800000725D4C7
:10DAE000204604F0BDF8606AE2F749FC0646384675
:10DAF000E2F745FC8119491C606A00F02BFF606267
:10DB000098B1A5F57F41FF3903D1094909688847D4
:10DB100005463A462946606AE8F7AAFA2046BDE873
:10DB2000F041002100F0B6BBFEE7FEE7BDE8F08162
:10DB300060C101202DE9F04F95B05FEA010A8046EF
:10DB40005FD010A9404602F073FBBDF84400BDF859
:10DB500040100024401A401C00B2D8F824700A90EB
:10DB600025462146404603F001FC03900021404633
:10DB700003F026FC00900021404603F009FC0290CF
:10DB800003980021B0F908000B904046D8F82420F3
:10DB900001F032FE834698F84800A1464E46C10681
:10DBA00000D50126800601D546F002060021404638
:10DBB00003F048FCA0F51C52D13A05D1B8F8221068
:10DBC000090501D446F004060B99009801EB000802
:10DBD000385DB8B10020CDE90006DDE90221381931
:10DBE0000A9BE8F7C5F90B990544BAF9022009EB3D
:10DBF0000100824206DD08EB09000FFA80F92C468D
:10DC0000E6E7FEE74FF00008C146BBF1020F03D084
:10DC1000BBF1030F16D025E0DDE90232291B3819CC
:10DC2000009608F03BFABDF84410BDF8402000EB28
:10DC3000D070891A491C09B201EBD1714910A1EBCE
:10DC400060000DE0DDE90232291B3819009608F06A
:10DC500025FABDF84410BDF84020891A491C081A5D
:10DC60000FFA80F800208DF84800089004940C907A
:10DC7000FDB16D1E0498A8421BD804AB0CAA08A9DC
:10DC80003846E8F75DF9F00706D00498395C12A829
:10DC9000E8F718FA0028EDD1C1460C9A08990398C4
:10DCA000FDF7C0FE4044BAF9001000B2814216DA16
:10DCB00004940C9A08990398FDF7B4FE0299029B0C
:10DCC0000144BAF90000A9EB0302491C90420CDBA5
:10DCD0004944884209DC012015B0BDE8F08F029963
:10DCE000049C08440FFA80F8C4E70020F4E7000021
:10DCF0002DE9F04F0446406A97B000287ED04FF0DF
:10DD0000FF3903A92046C4F8309002F091FABDF81B
:10DD10001000BDF80C10401A401C0FFA80F80021CA
:10DD2000204603F023FB05460021204603F048FB74
:10DD300007460021204603F02BFB824694F848005A
:10DD40000026C10600D50126800601D546F0020650
:10DD50000021204603F076FBA0F51C51D13904D1F7
:10DD6000608C000501D446F004060097CDE90186D9
:10DD700053462A4616A8616A08F032F9204604F094
:10DD800033FC94F848004FF6FF7B00F007004FF09B
:10DD90000008022804D003287ED001287DD0F6E1B7
:10DDA0000021204602F0E0FF0604360C08D1204690
:10DDB00002F0A6FAFAF746FC032190FBF1F086B2D6
:10DDC00005A8F7F761FC4FF4967005941290149033
:10DDD000BDF81000BDF80C10BDF95820401A401CC9
:10DDE000002700B2ADF854B0904233DA0021801A17
:10DDF000CDE90E10E9480D91014600E0CAE1069018
:10DE00002046F7F729FC00210A4620B1016B90F863
:10DE10004200C0F34002109888420FDD9DF8560082
:10DE2000119120F001008DF856003AB140F0020047
:10DE30008DF856000F990D980D910F9030460F9A5E
:10DE40000D99F7F788FC1090139005A8F7F790FC50
:10DE5000012705E0D1492046F7F7CEFBA4F844801E
:10DE6000BDF81200BDF80E10BDF95A20401A401C32
:10DE700000B290427EDA002F7CD1821AB5F90800F8
:10DE80000021101ACDE90E10C5480D9101460690EB
:10DE90002046F7F7E1FB01E023E0C5E000210A4658
:10DEA00020B1016B90F84200C0F340021098884204
:10DEB0000FDD9DF85600119120F001008DF85600FD
:10DEC0003AB140F002008DF856000F990D980D916F
:10DED0000F9030460F9A0D99F7F73DFC1090139074
:10DEE0009EE020460021642203F0B0F9064600219E
:10DEF000204602F039FF07043F0C08D1204602F00B
:10DF0000FFF9FAF79FFB032190FBF1F087B205A818
:10DF1000F7F7BAFBBDF81000BDF80C100594401AD5
:10DF2000401CBDF9581000B2ADF854B04FF00009D4
:10DF3000884234DA202211462846FDF773FDBDF9E8
:10DF4000581000EB400008444142CDE90E9193483F
:10DF50000A460690CDF8349049463846F7F7FBFB61
:10DF600010908E492046F7F777FB00B1006B36B171
:10DF7000306B00E027E01190F06B149009E01099ED
:10DF8000814206DD11909DF8560020F001008DF8C9
:10DF9000560005A8F7F7ECFB4FF0010905E07F49B3
:10DFA0002046F7F729FBA4F84480BDF81200BDF81D
:10DFB0000E10401A401CBDF95A1000B2884202DA15
:10DFC000B9F1000F06D076492046F7F715FBA4F803
:10DFD0004680DCE0B5F908200020114449420D904C
:10DFE000CDE90E016E480A46069038460D99F7F7BE
:10DFF000B2FB10906A492046F7F72EFB00B1006B88
:10E0000026B1306B1190F06B149009E010998142A9
:10E0100006DD11909DF8560020F001008DF85600A5
:10E0200005A8F7F7A5FBB2E0BDF81200BDF80E1089
:10E03000401A401C01B2BDF95A00814209DAB5F913
:10E040000810884205DD5749606A09688847032837
:10E0500002D8C4F82C909AE0BDF81000BDF80C105E
:10E060002E22461A11462846761CFDF7DBFC50444A
:10E07000A0EB80003044ADF80000BDF81200BDF800
:10E080000E10401A401C00B2ADF80200B5F908208D
:10E09000D11990FBF1F301FB13018A42A0EB0100BF
:10E0A00004DCADF802002989084400E0C01BADF88B
:10E0B000020069462046FFF719FB8146606AE2F7D5
:10E0C0005EF9394A074649461268606A9047374DFB
:10E0D000019005E02A6801A9606A9047A9F1010949
:10E0E0000198C01CB842F5D80025DFF8C4B0019EE5
:10E0F000AA46606A01990844DBF8001088472D4A57
:10E100002844C5B2126801A9606A9047032D07D858
:10E110000198B84204D80AF1010ABAF1030FE8D90C
:10E12000616A204601EB060A0746FFF748FA042D0C
:10E1300012D9681C00F05EFBB86240B32A46514613
:10E1400000F020FCB96A01F8058097F8480040F01B
:10E15000400087F848000BE097F848002A4620F076
:10E16000400087F84800514607F1280000F00AFCFB
:10E1700000202E213318626A401C0328D154F9D3A1
:10E18000616AF61C09F1030001F80680E06220468E
:10E1900003F066FD17B0BDE8F08F000001AA020889
:10E1A00009AA020860C10120580000205CC10120BA
:10E1B00050000020540000202DE9F041044605469F
:10E1C00090F8480000F00700012823D1E96A481CB4
:10E1D00020D0114A686AC91E12689047024694F816
:10E1E00048100020490601D5A16A06E004F1280183
:10E1F00003E00F5C401CF754C0B26E6A1318F75C62
:10E20000002FF6D1095C104431542046FFF7D7F9AE
:10E21000781EE862BDE8F0815800002070B50D4618
:10E2200004461A49F7F7E8F919492046F7F7E4F9DF
:10E230000020A4F84400A4F84600022D0FD0032DBE
:10E240000DD0042D0BD094F8480020F0200100BF21
:10E2500001F0070084F84810012805D00AE094F87E
:10E26000480040F02001F3E7E06A401C02D020465D
:10E27000FFF7A2FF94F8480065F3020084F8480015
:10E280002046BDE87040FFF733BD000001AA020838
:10E2900009AA020870B50D46044603F0E1FC05B971
:10E2A000656A606AA8420CD194F84810090708D43E
:10E2B000E2F765F8411C606A00F04CFB6062D0B97F
:10E2C000FEE738B194F84810090703D400F01EFBAC
:10E2D000002161622846E2F752F8401C00F08AFAF9
:10E2E000606268B12946E2F75FF894F8480020F0D0
:10E2F000080184F848102046BDE87040FFF7F8BCDC
:10E30000FEE70FB470B504460598F8B1204603F057
:10E31000A7FC0598D8B1606A002530B194F8481080
:10E32000090702D400F0F2FA656206A90598E7F73A
:10E33000E4FE606294F8480020F00801204684F86A
:10E340004810FFF7D5FC70BC5DF814FBFEE72046D3
:10E35000F7E7016403F084BCC16303F081BC70B5CE
:10E36000044690F848000D46000705D4606A18B1CD
:10E3700000F0CCFA0021616235B194F8480040F019
:10E38000080184F8481065622046BDE87040FFF738
:10E39000AFBC00002DE9F0410A4C07460A4D606809
:10E3A0000E46401CC1006060286800F0D3FA286067
:10E3B00038B1616800EBC10040E902760846BDE86B
:10E3C000F081FEE79400002020C1012038B5084606
:10E3D0000C4607F0CDFA0090BDF80000A084FF20A5
:10E3E00084F8260038BD000070B5A2B00D4608467E
:10E3F000FDF7C2F90646152807D0162E05D0294686
:10E40000874801F0C9FE01287ED12846FDF7F2F9C0
:10E410000446152E78D16846FBF752FC6A46002167
:10E42000204603F0C1FA0198F9F765FB0646F9F7B3
:10E430004FFB0146324654F8240FF9F717FD2090A0
:10E44000BDF88000ADF80400BDF80600ADF880000E
:10E450002098F9F750FB0646F9F73AFB0146324699
:10E460002068F9F703FD2090BDF88000ADF80600A4
:10E47000BDF80A00ADF880002098F9F73CFB06468D
:10E48000F9F726FB014632462068F9F7EFFC2090A9
:10E49000BDF88000ADF80A000B98F9F72CFB064692
:10E4A000F9F716FB014632462068F9F7DFFC2090A9
:10E4B000BDF88000ADF82C00BDF81E00ADF880005E
:10E4C0002098F9F718FB0646F9F702FB0146324699
:10E4D0002068F9F7CBFC2090BDF88000ADF81E0055
:10E4E0000998F9F708FB0646F9F7F2FA01463246B1
:10E4F0002068F9F7BBFC2090BDF88000ADF824003F
:10E50000F9F7E6FAA27800E088E001460198F9F709
:10E51000ADFC2090BDF88000ADF80400F9F7D8FA02
:10E52000A278BDF80610ADF8801001462098F9F7E2
:10E530009DFC2090BDF88000ADF80600F9F7C8FA00
:10E540000146A278BDF80A00ADF880002098F9F7DE
:10E550008DFC2090BDF88000ADF80A00F9F7B8FAFC
:10E560000146A278BDF81E00ADF880002098F9F7AA
:10E570007DFC2090BDF88000ADF81E00F9F7A8FAE8
:10E580000146A2780B98F9F771FC2090BDF8800045
:10E59000ADF82C00F9F79CFA0146A2780998F9F732
:10E5A00065FC2090BDF88000ADF8240014F8020F3F
:10E5B000BDF82E10503810FB01F1AF2091FBF0F1A7
:10E5C000ADF82E1014F82619BDF83420503911FB7F
:10E5D00002F191FBF0F0ADF834002846FDF7D2F8D7
:10E5E000054601460EA801F02BFC0D480F9004F1E2
:10E5F00014060020CDE910061B90CDF848D00EAAD5
:10E600001A212046FDF7FAF8324669462846FBF7FC
:10E6100043FB0EAA1B212046FDF7F0F822B070BD87
:10E6200038B30408084600210185416280F82A10A9
:10E63000022101F0ADB900002DE9F04F87B00D4681
:10E640005C4801F0A9FD012849D12846FDF794F85E
:10E6500006462846FDF7CEF80446132E33D04FF079
:10E6600002082C2E3ED0152E39D107462846FDF73C
:10E6700089F88346388D3C46002830D0786A0028D7
:10E680002DD005A9384601F035FE204602F005F8E8
:10E69000BDF81410081A06B2204602F005F8BDF8BD
:10E6A0001610081A05B2204601F05DFE8246684643
:10E6B000FAF7CBFD6A460021204603F017F9002443
:10E6C0004FF0060967E0002102F00AFC04462846E4
:10E6D000FDF78EF8B0F90010A14200DA048007B00F
:10E6E000BDE8F08F208D0028F9D0606A0028F6D0B0
:10E6F0002846FDF77DF8002507462E462846228D40
:10E70000C4460DE0636A33F92010A94200DD0D46CE
:10E710000CEB8001595EB14200DD0E46401C80B218
:10E720008242EFD80021204602F0DAFB291830445B
:10E7300039807880D3E7786A30F824103144ADF816
:10E740000C10042101EB8401415A3144ADF8101042
:10E7500097F82A10C90708EB840121D0415AAAEB87
:10E7600001002844ADF80E00796A09EB8400095ACB
:10E77000AAEB01002844ADF8120004AB03AA6946D5
:10E780005846FAF755FD9DF80900641C20F0040076
:10E790008DF80900A4B2388D401EA042CBDC9EE764
:10E7A000405A2844ADF80E00796A09EB8400085AF3
:10E7B000E0E7000054AE040810B58A42029C01DB79
:10E7C000904207DA8A4201DB884209DD8A4203DC93
:10E7D000904201DC204610BD8A4203DC884201DB06
:10E7E000184610BD521AE41A401A604390FBF2F02A
:10E7F000184410BD70B5040010D0094D014668687A
:10E8000007F09CFA010007D0A8682044A860EA68D5
:10E81000904200D81046E860084670BD004870BDC0
:10E8200038C1012070B50024084E254656F8340042
:10E8300038B100F06BF806EBC40046F8345085712F
:10E840008580641CE4B2102CF0D370BD2803002036
:10E850002DE9F04105000BD00022224C4FF0FF3093
:10E86000012600BF04EBC2018B79DB0703D014E063
:10E870000020BDE8F0818988A9420ED305D104EBC0
:10E88000C200867154F83200F3E7002804DB04EB81
:10E89000C0039B88994200D250B2521CD2B2102AB7
:10E8A000E0D3002805DB04EBC0018E7154F8300082
:10E8B000DFE7002704EBC7008079C00704D07F1C86
:10E8C000FFB2102FF6D3FEE754F83700294600F0C8
:10E8D00041F830B104EBC7018E718D8044F83700E8
:10E8E000C7E7FEE728030020074A002152F831302D
:10E8F000834204D102EBC101002088717047491C9A
:10E90000C9B21029F2D3704728030020094910B575
:10E9100088420DD000280BD0064C0146606807F0F5
:10E92000E1F9A168814201D9081A00E00020A06045
:10E9300010BD000038C1012010B54FF480310348EC
:10E9400007F0C2F90249486010BD00009804002099
:10E9500038C1012010B539B1094A904208D1BDE84B
:10E9600010400846FFF746BFFFF7D0FF044810BD30
:10E970000A46014602484068BDE8104007F0F1B978
:10E9800038C1012030B500F0030401F0030503464F
:10E99000A54243D14EE00C781C704C785C708C78AA
:10E9A0009C70CC78DC700C791C714C795C718C7922
:10E9B0009C71CC79DC710C7A1C724C7A5C728C7A0A
:10E9C0009C72CC7ADC720C7B1C734C7B5C738C7BF2
:10E9D0009C73CC7BDC730C7C1C744C7C5C748C7CDA
:10E9E0009C74CC7CDC740C7D1C754C7D5C758C7DC2
:10E9F0009C75CC7DDC750C7E1C764C7E5C768C7EAA
:10EA00009C76CC7EDC760C7F1C774C7F5C778C7F91
:10EA10009C77CC7FDC772031203A2033202ABAD86B
:10EA200005E000BF11F8014B03F8014B521E002A0C
:10EA3000F8D130BD4CB3C4F1040405E011F8015B1A
:10EA4000521E03F8015B641EFCB1002AF6D11CE0E3
:10EA500010C9203A10C310C910C351F8084B43F82D
:10EA6000084B51F8044C43F8044C51F8104B43F850
:10EA7000104B51F80C4C43F80C4C51F8084C43F82F
:10EA8000084C51F8044C43F8044C202AE0D802E02A
:10EA900010C9121F10C3042AFAD804E011F8014B60
:10EAA00003F8014B521E002AF8D130BD10B50346C1
:10EAB00005E000BF11F8014B03F8014B521E002A7C
:10EAC000F8D110BD10F0030309D0C3F1040303E033
:10EAD000521E00F8011B5B1E0BB1002AF8D101EB9E
:10EAE000012303EB014303EB01630EE008C0203A6E
:10EAF00008C040F8083B40F8043C40F8103B40F8A0
:10EB00000C3C40F8083C40F8043C202AEED801E0D8
:10EB100008C0121F042AFBD803E000BF00F8011B45
:10EB2000521E002AFAD1704710F003034FF0000282
:10EB300019D0C3F1040303E0491E00F8012B5B1E4A
:10EB40008BB10029F8D1704704C0203904C040F8C7
:10EB5000082B40F8042C40F8102B40F80C2C40F8FF
:10EB6000082C40F8042C2029EED801E004C0091F2D
:10EB70000429FBD803E000BF00F8012B491E00293F
:10EB8000FAD1704710F003024FF0FF030AD0C2F130
:10EB9000040203E0491E00F8013B521E12B1002995
:10EBA000F8D170474FF0FF320EE004C0203904C0A6
:10EBB00040F8082B40F8042C40F8102B40F80C2C9F
:10EBC00040F8082C40F8042C2029EED801E004C0BD
:10EBD000091F0429FBD802E000F8013B491E002967
:10EBE000FAD17047826C8A4206D0426B8A4205D1C4
:10EBF00090F86100012801D801207047002070477B
:10EC00002DE9F0410446FCF7B7FD07283FD1204627
:10EC1000FCF7F0FD05462046FCF7EEFD0446406B90
:10EC2000A84202D0A06CA84231D194F8600084F8C8
:10EC3000610029462046FFF7D5FF002827D104F1BF
:10EC400054063046E6F75BFE074601463046E6F7D7
:10EC500068FE05001BD039463046E6F7EBFE384625
:10EC6000FFF754FE14F8600F2946401E207030460E
:10EC7000E6F7E0FE2078401E04F860092046296887
:10EC800000F030F92846BDE8F041FFF73FBEBDE88F
:10EC9000F08110B504465430E6F71BFE002084F8DE
:10ECA000600010BD2DE9F04149480C46018820461E
:10ECB00003F0F4FF0021204603F0BEFF94F8620049
:10ECC000002520F00E0084F86050C0B284F8615036
:10ECD00020F0010084F86200042104F15400E6F7FA
:10ECE0002BFE204600F0E4FE0121606200F066FA8F
:10ECF000E5636564A564E56421463648256400F053
:10ED000099FD064600F00AFE42F264073946304695
:10ED100003F0AEFF0121304603F09EFF0121304693
:10ED200003F08AFF4FF480484146304600F046FA2F
:10ED30000221304600F02CFE264831461C30A662E7
:10ED400000F078FD064600F0E9FD42F2D172394646
:10ED5000304604F06FF80021304603F06DFF0223C7
:10ED60001A460021304603F04BFF0221304600F0E6
:10ED70000FFE4146304600F021FA30462663F7F791
:10ED8000AFFC064623460722134900F0CBF9414663
:10ED9000304600F013FA0021304603F04DFF3046B4
:10EDA0006663FDF7BBFA0DA1FDF7CEFF206BFEF702
:10EDB000EBFB0646012100F001FAE5622346A6635B
:10EDC0002565BDE8F0411C220549184600F0AAB9A6
:10EDD00094C1012050B4040801EC0108EF819300B4
:10EDE000BFEF010810B50C460021204603F024FFB8
:10EDF00002231A460021204603F002FF2046BDE808
:10EE00001040022100F0C4BD01F15400E6F761BDDD
:10EE100010B50C46084601F0E7FA416A204603F0B7
:10EE20005CFF0121204603F007FF02231A46002160
:10EE3000204603F0E5FE2046BDE810404FF4804137
:10EE400000F0BCB910B5486A0C46002803D0FFF7A3
:10EE50005DFD0020606210BD10B50446006B002807
:10EE600033D0E16A002930D094F86210C1F3410137
:10EE700011B3012902D0022908D11CE0002103F0BE
:10EE800055F80021D4F82C0003F0E6FE206B03F0C7
:10EE900029FAE06A03F026FA206B04F0A7F9206B48
:10EEA00001F0F4F90028206B4FF0010109D0BDE812
:10EEB000104000F06DBD012103F038F80121E06A37
:10EEC000E2E7BDE8104000F079B910BD10B50C467E
:10EED0000121204603F0B0FE2046BDE8104002218B
:10EEE00000F056BD70B50446C06A0D46A84265D014
:10EEF00010B1616A03F0F1FE85B104F15400E6F748
:10EF000023FD50B1056094F86000401C84F8600057
:10EF10002846A16A03F0E1FE03E0FEE72046FFF782
:10EF2000B8FEE562206D48B1216C00294FF0010167
:10EF300002D000F087F901E000F064FD206CD0B150
:10EF400094F86200C10711D00007A06C4FF00101D6
:10EF500006D500F01DFD0221A06C00F02FF905E0A0
:10EF600000F02CF90221A06C00F012FD94F8600072
:10EF7000022808D210E094F86000022803D294F826
:10EF80006200000708D50121606B00F001FD02213D
:10EF9000606B00F013F907E00121606B00F00EF9DF
:10EFA0000221606B00F0F4FC00221C212046FCF7DB
:10EFB00025FC2046BDE87040FFF74EBF70BD10B580
:10EFC000FCF71AFC0446C06A78B1A26B6AB1416AC8
:10EFD00039B11046FFF75EF90121A06B00F0D8FCB3
:10EFE00003E00121104600F0E9F8206C002813D05E
:10EFF000E26C002A10D0416A41B11046FFF74AF98D
:10F00000E06CBDE81040012100F0C2BCBDE810403A
:10F010000121104600F0D2B810BD10B50C462421D5
:10F0200004F12400E6F788FC04F13000BDE810404C
:10F030001C21E6F781BC10B50C4601F13000E6F763
:10F0400048FC04F12400BDE81040E6F742BC000093
:10F050002DE9F04397B00D46314801F09DF80128A5
:10F060005BD12846FCF788FB06462846FCF7C2FB26
:10F070000446152E51D12846FCF784FB814669468B
:10F08000204601F0D5F86A4649462046EAF728FDB1
:10F090006A4649462046F0F719FD6A464946204629
:10F0A000EEF772FCBDF80400BDF80010401A401CD9
:10F0B00000B200EBD07040100E18BDF802100D1811
:10F0C00004A8FAF7FDFD4FF4003804AA4146204693
:10F0D00002F06AFC20460122414602F0B7F800B275
:10F0E00000EBD070471020460422414602F0AEF8F3
:10F0F00000B200EBD070F11B4010ADF85410291A8B
:10F10000ADF85610F119ADF858102844ADF85A0072
:10F1100015AA04A94846FAF7BFFD17B0BDE8F08369
:10F12000A4B404082DE9F0411D4616460F460446D6
:10F1300000F060FAA0684FF08062817E02EBB111AE
:10F140004FEAB1618176A06801F03F0101EB410116
:10F150008900C068FFF7FEFBA168C860A16860B3C2
:10F16000897E6FF0030301F03F0101EB41026FF074
:10F170000B0101EB82028750A068C268807E00F01C
:10F180003F0000EB400003EB80000B1D1654A0680D
:10F19000C268807E00F03F0000EB400003EB80007F
:10F1A0001550A068C268807E00F03F0000EB400070
:10F1B00001EB80001044BDE8F081FEE72DE9FF413E
:10F1C0000C46074602F0A4FD0646E00702D038468A
:10F1D00002F046FDF8692043F861E00711D00221F2
:10F1E000384602F05BFA60B1384601F0B7F8050026
:10F1F00007D0FCF715FF2846FCF792FF08B102F094
:10F200002FFD384602F084FDB04202D114F0C07FD9
:10F2100007D0384601F0E8F802F0B3FD384602F0B6
:10F22000B0FDE0060CD502AA6946384601F043FA63
:10F230006946384602F037FD02A9384602F033FD30
:10F24000BDE8FF81028C11438A4201D003F0FEBD6C
:10F25000704700002DE9F047174688464FF6FF79C2
:10F26000044600234A4639460EF06CF9618C0025AD
:10F270000426C1F30512E06809E000BF06EBC503F0
:10F28000C3585FEA831C01D4DB0102D56D1CAA427E
:10F29000F4D84FF0806202EBB1214FEAB1516184A2
:10F2A000C1F30511C900FFF755FBE060608C6FF0FA
:10F2B0000702C0F3051009E0E16802EBC00C01EBA6
:10F2C000C0036144D1E900C1C3E900C1401EA842A6
:10F2D000F2D8E068082100EBC500FFF725FCE168E3
:10F2E00041F83580E06806EBC501425867F3170224
:10F2F00042504A4639462046BDE8F04703F08CB9F3
:10F3000070B516461D460446002203F077FE2A46D5
:10F3100031462046BDE8704003F04ABD2DE9FF4F5D
:10F3200081B093468846019803F060FFB8F1000F62
:10F3300003D1019801F058F8804600242546019831
:10F3400001F052F88146002101F070FD06460021CF
:10F35000484601F085FE30440FFA80FA0021484605
:10F3600001F026FF304400B200900021404601F039
:10F370005DFD06460021404601F072FE304407B2B2
:10F380000021404601F014FF304406B2BBF1000FEB
:10F390000FD0BBF1160F34D2DFE80BF0D5112334B8
:10F3A0003F4454676913828797A1A6B5BFC5CBD1E7
:10F3B000FDFC0021404601F0EEFC012822D03C4635
:10F3C0001EE0404600F07CFF0246019802F011F971
:10F3D000014602EBD270401001EBD171A0EB61004D
:10F3E0004DE0404600F06CFF0246019802F001F942
:10F3F00002EBD271491000EBD070A1EB600009E084
:10F400003546A0E0404600F05BFF0246019802F05E
:10F41000F0F8101A384404B2F2E73C461CE03044DD
:10F4200005B290E0404600F04BFF0246019802F022
:10F43000E0F8014602EBD270401001EBD171A0EB75
:10F44000610007E0404600F03BFF0246019802F0F1
:10F45000D0F8101A384404B2404600F017FF0246B4
:10F46000019800F080FF101AD9E73C4609E04046B9
:10F4700000F026FF0246019802F0BBF8101A38444B
:10F4800004B2404600F002FF0246019800F06BFF14
:10F4900002EBD271491000EBD070A1EB6000BEE727
:10F4A000019800F060FF4042BAE7404602F0A1F840
:10F4B0000246019802F09DF8014602EBD27040101E
:10F4C00001EBD171A0EB610007E0404602F091F83A
:10F4D0000246019802F08DF8101A04B2E0E74046A7
:10F4E00000F041FF05462EE0404602F082F8024659
:10F4F000019802F07EF802EBD271491000EBD07057
:10F50000A1EB600007E0404602F073F80246019864
:10F5100002F06FF8101A04B2E1E7019802F069F8FE
:10F52000404204B20FE0019802F063F8404204B296
:10F5300041E0019802F05DF8404204B24EE04046DE
:10F5400002F057F804460021484601F024FC012847
:10F5500048464CD000F0CEFFB8F8142004990A4475
:10F56000B9F81410511A0144A1EB0A00204404B266
:10F57000484601F08BF8B8F816200E990A44B9F8FD
:10F580001610511A014400980022081A284405B2A6
:10F59000012101E01EE00AE0019803F02FFD01982F
:10F5A00005B02A462146BDE8F04F03F001BC4046B5
:10F5B00002F01FF80446404600F0D5FE02460198CE
:10F5C00000F0D1FE02EBD271491000EBD070A1EB3C
:10F5D000600025E7404602F00CF80446404600F083
:10F5E000C2FE0246019800F0BEFE101A18E700F0B5
:10F5F000E1FFB1E710B504468068002813D10B483D
:10F600004168491C41601C20FFF7F4F8A06058B124
:10F610001C21FFF789FAA1680F204876A068017EB7
:10F6200041F00301017610BDFEE7000080C101201A
:10F630002DE9FC410E460546012102F023F8E0BB0E
:10F64000284600F0D5FE044600F05AFE0746F9F7BA
:10F650003BF8A0420ED03846F9F73EF8A04209D058
:10F660003846F9F71FF8A04204D03846F9F712F8E7
:10F67000A04237D14FF400242146284602F009F871
:10F6800028BB2846E6F718FA074605F11401684634
:10F69000F6F7A2FDBDF80000C01BADF80000BDF8F4
:10F6A0000200C01BADF80200BDF804003844ADF8FC
:10F6B0000400BDF80600384400E013E0ADF8060091
:10F6C00031466A460846E5F766FB00280BD0002362
:10F6D00001223146284601F0D9FE1CE0012101F04B
:10F6E000D1FF10B10020BDE8FC812146284601F081
:10F6F000D0FF80B9D5E90501CDE900010023012241
:10F700006946284601F0C2FE31466A460846E5F7DA
:10F7100042FB0028E7D0284600F066FE051EDDD13A
:10F720000120E0E72DE9F0410E460746002501F0F3
:10F7300001FE040035D03146384601F0EFFD0228C5
:10F740002FD904EBD470012101EB60043146384617
:10F7500001F0EAFD20440FFA80F83146384601F006
:10F76000C5FD04463146384601F0CCFD002C01DDD4
:10F77000214600E06142002801DD024600E04242ED
:10F78000914205DD002C01DD204604E0604202E0EC
:10F79000002800DC4042404400B2002800DA28463D
:10F7A00005463146384601F0E9FB04000ED03146EB
:10F7B000384601F0D7FB022808D93146384601F017
:10F7C000D7FB2044A84200DB05462DB2384631461F
:10F7D000692201F03BFD04B2384631466A2201F04D
:10F7E00035FD00B2844200DC0446002C01DD2819FE
:10F7F00005B22846BDE8F08170B50D4606465B228D
:10F8000001F024FDC4B230462946162201F01EFD47
:10F8100004B90124204670BD00231A460921FFF7D0
:10F820006FBD002803D00068884201D101207047D5
:10F83000002070472DE9F0410D4607460026364965
:10F8400000E00068B8B182690A42FAD08069C0F36A
:10F850000F108046FEF7CEFF041E31D04146FFF761
:10F8600063F9C4E900754FF001086FF0030725B193
:10F87000A86878B332E03046EBE7F8F7DDFE050024
:10F880001AD0EA68F2B1686A401C810068621046CA
:10F89000FFF760F8E860696A07EB81014450A682CF
:10F8A000E6820020F8F7E0FE401E20830020F8F7F3
:10F8B00021FF401E608323E02046FFF727F8002049
:10F8C000BDE8F0810420FEF795FFE8600460C5F80C
:10F8D0002480E4E7FFE72846FFF78CFEA86801686C
:10F8E00081B14168491C4160A86889000068FFF740
:10F8F00031F8A9680860A968496807EB810144509C
:10F900002046DDE70420FEF775FFA9680860046063
:10F91000A968C1F80480F3E7F0FF0F0070B5054651
:10F9200002F02FFA002000F093FA284605F0A8FF15
:10F93000284600F06FF8012000F08AFA4FF6FF72B7
:10F940004FF47021284602F067FE284602F04CFE74
:10F95000FCF7DAFB030007D0284602F0CBF918B118
:10F9600029461846FCF722FB284600F03DFD04001E
:10F970000DD02A462221FBF741FF2A4623212046AB
:10F98000FBF73CFF2846BDE8704002F069B970BD46
:10F990007FB50C46064602F0BBF90546E0060CD5DD
:10F9A00002AA6946304600F086FE6946304602F0FB
:10F9B0007AF902A9304602F076F9F069A043F061C5
:10F9C000E0070ED0304602F04BF9304602F0A0F9C5
:10F9D00038B1304600F008FD02F0D3F9304602F0AD
:10F9E000D0F9304602F094F9A84202D114F0C07F59
:10F9F00007D0304600F0F8FC04B0BDE8704002F0DB
:10FA0000C0B97FBD028C22EA01018A4201D003F015
:10FA10001DBA704770B504680546206818B12860A3
:10FA20002846FFF7F7FF2C6062682046002A03D0C3
:10FA30002946BDE87040104770BD00002DE9F04137
:10FA40004D680C46EDB1284600F054FD06462846A8
:10FA500000F01CFE074628460021102201F0F6FBAC
:10FA6000E98A12220844C01BE082401E60832846B7
:10FA7000002101F0EBFBA98A0844801BA082401EF4
:10FA8000208341F20200E061002D06D043F2020023
:10FA9000C4F81C0043F20230E06140F0740040F40E
:10FAA0000060E06102D040F40040E061BDE8F08118
:10FAB00010B501460348FFF7BDFE0446FFF72EFFD1
:10FAC000204610BD34AD040870B5054602F0C8F8F4
:10FAD000284600F089FC0400284610D008F0D4F92C
:10FAE000204603F063F8002222212046FBF786FE21
:10FAF0002046BDE8704000222421FBF77FBE00F0C5
:10FB0000FFFB040007D02069A842284604D108F072
:10FB1000BBF90020206170BDBDE8704008F0B4B9A9
:10FB200070B50C460846E5F761FB002000F090F93F
:10FB30002046144A002102F046FE012000F088F918
:10FB400000212046F5F758FD204600F007FC10B1D3
:10FB50002046FCF703FBA068002811D000680025B0
:10FB600018B1FEF7D3FEA0680560A068C06818B1A0
:10FB7000FEF7CCFEA068C560A068FEF7C7FEA560D2
:10FB800070BD0000FFFF0F002DE9F047A2B08046D6
:10FB9000FBF7F2FD06464046FBF72CFE012700244A
:10FBA0000546122E72D0DFF89492152E6CD0182EC6
:10FBB0007AD14046FBF7E6FD824601462846EEF73D
:10FBC00047FC0021284601F055F950B105F5907029
:10FBD000FAF73AF8060004D0F9F71AFD3046FEF7B6
:10FBE00083FE0021284601F019F900285CD002A804
:10FBF000FAF766F88DF80B408DF822408DF8324008
:10FC00008DF83E4002AA0021284601F0CDFE0021D9
:10FC1000284601F0FFFB80460021284601F0EEFB5C
:10FC2000064605F114016846F6F7CDFABDF8001056
:10FC3000A1EB0800BDF80410ADF8000001EB0800CE
:10FC4000ADF80400BDF802005146801BADF802007B
:10FC5000BDF806003044ADF8060010A800F0F0F83A
:10FC600002A8149068461D94CDE91270CDF8449016
:10FC700010AA1A212846FBF7C1FD6A4602A9504680
:10FC8000FAF70AF8D4E001E055E00DE04046FBF752
:10FC9000AFFD06460078022806D00021284601F074
:10FCA000E9F820B10220307022B0BDE8F0870021D1
:10FCB000284601F015FB82460021284601F0AAFBE8
:10FCC00081460021284601F099FB804605F1140188
:10FCD0006846F6F778FABDF800105246A1EB090025
:10FCE000BDF80410ADF8000001EB0900BDF80210EA
:10FCF000ADF80400A1EB0800BDF80610ADF8020055
:10FD000001EB0800ADF8060069467068E5F76BF88E
:10FD100068B10021284601F075F8FD2807D3284670
:10FD20000021602201F092FAC0B2FD2801D23770A2
:10FD3000BAE73470B8E74046FBF724FD804602A8D6
:10FD4000F9F7BEFF0021284601F068F828B19DF8B8
:10FD50002B0040F001008DF82B0002AA002128465C
:10FD600001F022FE0021284601F054FB0646002146
:10FD7000284601F043FB074605F114018A46684610
:10FD8000F6F721FABDF800004146801BADF80000EF
:10FD9000BDF804003044ADF80400BDF80200C01BFB
:10FDA000ADF80200BDF806003844ADF8060010A812
:10FDB00000F046F802A814906846CDE91240CDF84C
:10FDC000449010AA1A2128461D94FBF717FD002124
:10FDD000284601F04FF830B1BDF8080018B1069E72
:10FDE0000127069401E0069E00276A4602A94046C4
:10FDF000F9F752FFE7B11820FEF72AFD0746BDF9D3
:10FE0000082000235146F9F78BFE05F5907138461E
:10FE1000F9F73AFA66B18DF80B408DF82A408DF863
:10FE200032408DF83E406A4602A94046069627E7D2
:10FE300010AA1B212846FBF7E1FC35E734AD040886
:10FE400070B50D4604464821FEF76EFE256070BD74
:10FE500001490870704700009C0000202DE9FF4117
:10FE600088460846FBF788FC04464046FBF788FCBA
:10FE70000546012C23D0082C23D0032C3ED02A2C5D
:10FE80003ED00D2C4CD00E2C7DD0092C7CD00A2CD1
:10FE90007BD00F2C7AD0292C79D0222C78D0242C0E
:10FEA00077D0132C76D0152C03D0182C01D0122C1F
:10FEB00034D104B04046BDE8F041FFF765BE2021D3
:10FEC000FAE02021FFF79EFD4046FBF76CFCFDF7B2
:10FED00062F8002822D10821284601F0D3FB00282F
:10FEE0001CD095F820004FF00101C007284602D031
:10FEF000FFF788FD30E0FFF7A5F92DE02021F8E0BD
:10FF000000F072F90646002406E0A868006850F880
:10FF1000240001F036FF641CB442F6D3BDE8FF8133
:10FF2000082101F0AFFBF8B14046FBF761FC047813
:10FF3000132C06D0112C04D0142C07D0122C05D071
:10FF400008E001212846FFF77DF903E0012128465A
:10FF5000FFF758FD0A2CE1D004B02846BDE8F04177
:10FF600000221C21FBF74ABC4FF40161284601F036
:10FF700089FB0028D2D0284601F0AFFE0028CDD161
:10FF80000027284607E06DE095E09AE0B0E0B5E094
:10FF9000D1E0F2E0F6E000F0ADFA0646284600F0C7
:10FFA00009FB04464046FBF723FC007812281BD0CF
:10FFB00011280CD013282BD01428AFD1284600F0DC
:10FFC00071FA800703D0002E38DC002C36DC28467E
:10FFD00000F0C9F90446284600F066FBE11704EB7F
:10FFE0009171A0EBA1000BE0284600F0BCF904469B
:10FFF000284600F059FBE11704EB917100EBA100DA
:020000040802F0
:1000000001B204B03A462846BDE8F04102F0B8BD5E
:10001000284600F047FA8007E6D0002E01DC002CCD
:10002000E2DD284601F0E5FA0446284600F035FBFB
:10003000E11704EB917100EBA1000BE0284601F001
:10004000D8FA0446284600F028FBE11704EB91712A
:10005000A0EBA10001B204B03A462846BDE8F04149
:1000600002F078BD4FF4806101F00CFB18B1012162
:10007000284602F052FD284600F070F9FCF74AF8D5
:1000800006460224FCF752FF10B94046FBF78BFBF3
:10009000FCF78DFF022801D0042800D106241EB1F0
:1000A00044F00801284607E021462846FFF7CAF831
:1000B000082128461DE0402104B0BDE8F041FFF7CB
:1000C000C1B84021FFF79EFC284600F01AFE022826
:1000D0007FF424AF02AA6946284600F0ECFA69468C
:1000E000284601F0E0FD02A9284601F0DCFD15E7F5
:1000F0000E2104B0BDE8F041FFF784BC002100F000
:1001000027FE04460021284600F0DEFE204302D0F0
:10011000284601F036FE284600F066F80646002420
:1001200006E0A868006850F8240001F02AFE641C6C
:10013000B442F6D3F2E60021012201F087F806B2BC
:1001400028460021042201F081F804B2002128464B
:1001500000F0FEFD07460021284600F0B5FE3843BA
:1001600005D142F2D170864201D08442BFD104B0A1
:100170002846BDE8F04101F004BE688C40F0020062
:100180006884F4E70021FFF7CDFA014604B0404649
:10019000BDE8F041FBF752BB10B50C4600B96068F2
:1001A000006868B101690029FAD00021E1600269A4
:1001B00021469047217E0120C90700D0002010BDB4
:1001C000012010BD8068002809D0002902DA4268A9
:1001D000511803D443680A468B4201D80020704767
:1001E000006850F8220070478068002800D04068FE
:1001F000704770B50C46054600F114012046F5F72E
:10020000EBFFA868002812D02188808A081A208075
:10021000A968A088898A0844A080A9686088898A1A
:10022000401A6080A968E088898A0844E08070BD2F
:1002300070B50C460546002100F0F8FD0646214643
:10024000284600F057F8704202B211462046F6F7F1
:1002500040F80021284600F003FF21880844208050
:100260000021284600F04AFFA188081AA08000213A
:10027000284600F09DFF61880844608000212846E0
:1002800000F088FEE188081AE08070BD70B5044671
:10029000002100F08DFF05460021204600F07AFE87
:1002A00006460021204600F0C1FD0246204600F02F
:1002B0005AF8401B801B514200EB410000B270BD58
:1002C00070B50446002100F0CBFE05460021204613
:1002D00000F014FF06460021204600F0A7FD02466C
:1002E000204601F086F9401B801B514200EB410083
:1002F00000B270BD0A4600F114011046F5F76CBF5C
:1003000010B5416809B100F073F804460A48E5F7F2
:10031000F6FA0EE00021426A05E0C36853F8213086
:10032000A34208D0491C8A42F7D801460248E5F7A3
:10033000F8FA0028EED110BDA8020020806800283D
:1003400005D0827E02F03F028A4201D80020704729
:10035000C06801EB410100EB810070478068002814
:1003600000D080687047418BC08A081A401C00B2D8
:10037000704770B5064600F037F8050001D000243C
:100380000AE0002070BD21462846FFF71BFFB0425F
:1003900001D1204670BD641C2846FFF725FFA0420E
:1003A000F1D84FF0FF3070BDF0B4468C0024042526
:1003B000C6F3051613E000BFC76805EBC40C57F879
:1003C0000C705FEAC71C09D527F07F479F4205D113
:1003D000C06850F83400F0BC03F096BF641CA6421D
:1003E000EAD8F0BC00207047002800D04068704771
:1003F00000B50146FFF7F8FF0028FAD1084600BD16
:100400002DE9F047DFF8948006464446FFF7ECFEFE
:1004100007460025DFF888A00EE0B0685146006866
:1004200050F82500814601F034F920B9B9F91A00D5
:10043000A04200DB04466D1CBD42EED300213046D5
:1004400000F0BCFE81460021304600F0A9FD0746C1
:100450000021304600F0F0FC0546444504D0708B86
:10046000C01B401B201A04B2304600F053FC8046EB
:100470003046FFF778FFA0EB0900C01B694200EB94
:100480004101A8EB0101304600F00EF9081A00B254
:10049000844200DD2046BDE8F087000001E0FFFF58
:1004A00001000400806818B1407E00F00F00704722
:1004B0000F20704770B50C4605460C49F5F7CCF88F
:1004C00010B1806A404202E0284600F0E6F8208041
:1004D00007492846F5F7C0F810B1806A404202E0AB
:1004E000284600F0E1F8608070BD0000BFA8020857
:1004F000D7A802082DE9F84F0646002100F051FC6C
:10050000012807D0B068002802D0008A404200B21B
:10051000BDE8F88F0021304600F0F6FD0090002184
:10052000304600F0A3FD81460021304600F084FCF7
:10053000804641F6FF7A54463046FFF755FE07469F
:1005400000250EE0B0681949006850F82500834680
:1005500001F09FF820B9BBF91400A04200DC04466A
:100560006D1CBD42EED3544506D0B28A09EB08009B
:100570001044001B04B200E00D4C304600F0D8FBE4
:100580000546304601F035F80099411AA1EB090102
:10059000C8F1000001EB4000291A304600F07DF858
:1005A000084400B28442B3DD2046B1E701000400F4
:1005B00001E0FFFF2DE9F0470646002100F0F1FBC6
:1005C00001280AD0DFF8A08030464446FFF70CFE31
:1005D00007460025DFF894A015E0B068002801D098
:1005E000B0F91000BDE8F087B0685146006850F8D7
:1005F0002500814601F04DF820B9B9F91800A04254
:1006000000DB04466D1CBD42EED30021304600F0F5
:100610007BFD07460021304600F028FD8146002181
:10062000304600F009FC0546444504D0308BC01B21
:10063000401B201A04B2304600F07AFB8046304658
:1006400000F0D7FFC11BA1EB0900694200EB41019B
:10065000A8EB0101304600F020F8081A00B28442ED
:10066000C0DD2046BEE7000001E0FFFF01000400FE
:100670008068002802D0007EC0F381007047806847
:10068000002802D0007EC0F3011070478068002867
:1006900002D0408A404200B270478068002802D0F1
:1006A000008A404200B270478068002802D0408A29
:1006B000404200B270472DE9F04F91B016460C460B
:1006C0004FF0FF37054600223B4611462046009773
:1006D000F5F719FE00223B46114630460097F5F724
:1006E00012FE1021284600F0CDFF002816D0284623
:1006F00000F007FB070011D00020FCF71DFC80462E
:10070000022F08D010E0FCF746FCA84209D0404672
:10071000FCF712FC8046B8F1000FF4D111B0BDE82F
:10072000F08FB8F1000FF9D02846FFF7AFFF059022
:100730002846FFF765FE0C902846FFF7DBFE0A907F
:100740002846FFF737FF08902846FFF7ABFE8146A3
:10075000002019F00C0F009014D0012F10D0032F9F
:1007600002D0022F07D00DE00598002808DC0C9875
:10077000002805DC06E04046FCF7FEFB0C2801D112
:1007800001200090002009905FEA897014D0012FA9
:1007900010D0032F02D0022F07D00DE00A980028B6
:1007A00008DC0898002805DC06E04046FCF7E4FB7E
:1007B000032801D101200990009909980843ADD080
:1007C0004FF480373946284600F0EBFA012800D074
:1007D00000200E903946284600F0F0FC069039467D
:1007E000284600F0DDFB0F903946284600F03EFC1D
:1007F00080463946284600F087FC8146284601227B
:10080000394600F023FD0FFA80FB2846FFF7ABFDC9
:100810000490284600F0EDFE0390009800B1584681
:100820008246099800B15846109028463946212240
:1008300000F00CFDC0B2022808D228463946312209
:1008400000F004FDC0B20228FFF468AFDDE9040146
:1008500001440C98A027084400B20B90009800288F
:1008600070D00B980028FBD0E88A7080688BF080ED
:100870000E9840B1A98A01EB08003080ABF101016C
:100880000844B08007E0298BA1EB0900B080A0EB01
:100890000B00401C308006990498411A0F98091AE1
:1008A0001098081A0499009048430B9990FBF1F0B6
:1008B00000B205900020F7F7C5FE00EB8001502044
:1008C00000EB4100B0F5A07F0ADB0020F7F7BAFE8D
:1008D00000EB8001502000EB410090FBF7F000E0BE
:1008E00001200599884201DA084616E00020F7F752
:1008F000A9FE00EB8001502000EB4100B0F5A07F85
:100900000ADB0020F7F79EFE00EB8001502000EB91
:10091000410090FBF7F000E00120009900B2091AB5
:100920000AB2049B0B99C91A09B200290BDCE98AA7
:10093000069808447080698B0F98091A1098081A55
:10094000401EF08090E00C9B12FB03F393FBF1F14F
:10095000511A069AEB8A1144194409B2401E71805B
:100960000844F080B5F9162006981044814238DA20
:1009700070800020F7F766FE00EB8001502000EB4E
:100980004100B0F5A07F0ADB0020F7F75BFE00EB2B
:100990008001502000EB410090FBF7F000E00120C7
:1009A000B6F902100844B6F90610884219DD002095
:1009B000F7F748FE00EB8001502000EB4100B0F556
:1009C000A07F0ADB0020F7F73DFE00EB80015020FE
:1009D00000EB410090FBF7F000E001207188084433
:1009E000F080B5F91A201098B6F90610121A0F986F
:1009F000101A814238DDF0800020F7F723FE00EB6B
:100A00008001502000EB4100B0F5A07F0ADB002000
:100A1000F7F718FE00EB8001502000EB410090FB3F
:100A2000F7F000E00120B6F90610081AB6F9021036
:100A3000884219DA0020F7F705FE00EB800150200C
:100A400000EB4100B0F5A07F0ADB0020F7F7FAFDCC
:100A500000EB8001502000EB410090FBF7F000E03C
:100A60000120F188081A70800A99039801440898B7
:100A7000084400B20490099800283FF44FAE04984F
:100A80000028FAD0698B0F98081AE080A0EB0B00C1
:100A9000401C6080A88A2080288BA0800399A1EB4D
:100AA0000801A1EB0901A1EB0A000399009048435A
:100AB000049990FBF1F000B202900020F7F7C2FD1C
:100AC00000EB8000502606EB40004FF4A07B584519
:100AD00009DB0020F7F7B6FD00EB800006EB4000D5
:100AE00090FBF7F000E001200299884201DA084605
:100AF00013E00020F7F7A6FD00EB800006EB4000B6
:100B0000584509DB0020F7F79DFD00EB800006EB60
:100B1000400090FBF7F000E00120009900B2091AB4
:100B20000AB2DDE90331C91A09B2002916DCA98A23
:100B30000E9840B14144AAF1010008442080298B5D
:100B4000A1EB090008E001EB08002080298BA1EB54
:100B50000901A1EB0A00401EA080DFE5089B12FB03
:100B600003F393FBF1F1511A0E9A09B2EAB3AA8A80
:100B7000401E531808EB0A02991809B22180084454
:100B8000A080B5F914001044884233DD2080002095
:100B9000F7F758FD00EB800006EB4000584509DBF5
:100BA0000020F7F74FFD00EB800006EB400090FBC4
:100BB000F7F000E00120B4F900100844B4F9041083
:100BC000884217DD0020F7F73DFD00EB800006EBC3
:100BD000400058450ADB0020F7F734FD00EB8000A9
:100BE00006EB400090FBF7F001E039E0012021889E
:100BF0000844A080B4F90410B5F9182077E0A0806B
:100C00000020F7F71FFD00EB800006EB40005D467B
:100C1000A84272DB0020F7F715FD00EB800006EB21
:100C2000400090FBF7F0B4F90410081AB4F9001072
:100C3000884292DA0020F7F705FD00EB800006EB12
:100C40004000A8425BDB0020F7F7FCFC00EB8000D3
:100C500006EB400090FBF7F0A188081A20805DE5C4
:100C6000AB8A4144194409B2401E21800844A08047
:100C7000B5F9142002EB0800814232DA208000200E
:100C8000F7F7E0FC00EB800006EB4000584509DB7D
:100C90000020F7F7D7FC00EB800006EB400090FB4C
:100CA000F7F000E00120B4F900100844B4F9041092
:100CB000884216DD0020F7F7C5FC00EB800006EB4C
:100CC0004000584509DB0020F7F7BCFC00EB800032
:100CD00006EB400090FBF7F000E00120218808447B
:100CE000A080B5F91820B4F90410A2EB0A02A2EB17
:100CF0000900814283DC11E5FFE7012093E7012031
:100D0000AAE7806818B1007E00F003007047032056
:100D10007047000008B505496A46496800912C21D2
:100D2000FAF76CFDBDF9020008BD000050AD0408E3
:100D300008B505496A46096800912C21FAF75EFD5D
:100D4000BDF9000008BD000050AD0408008C7047DC
:100D500010B5092200F07AFAC0B210BD10B5092210
:100D600000F074FAC0B210BD662200F06FBA10B580
:100D7000512200F06BFA002800D0012010BD10B500
:100D8000502200F063FA00B210BD10B5502200F0FE
:100D90005DFA00B210BD10B5162200F057FAC0B2CD
:100DA00010BD10B5162200F051FAC0B210BD10B53A
:100DB000162200F04BFAC0B210BD10B5162200F09A
:100DC00045FAC0B210BD10B5162200F03FFAC0B20D
:100DD00010BD10B5162200F039FAC0B210BD10B522
:100DE000162200F033FAC0B210BD70B50C460546AD
:100DF000202200F02BFA024621462846BDE870402A
:100E0000E4F78ABE10B5212200F020FAC0B210BD6E
:100E100010B5682200F01AFAC0B210BD10B5342225
:100E200000F014FA002800D0012010BD10B53222C5
:100E300000F00CFA00B210BD10B5322200F006FA34
:100E400000B210BD10B5322200F000FA00B210BDA1
:100E500010B5322200F0FAF900B210BD10B53222FE
:100E600000F0F4F900B210BD10B5322200F0EEF936
:100E700000B210BD10B5172200F0E8F9002800D02C
:100E8000012010BD034A10B5528900F0DFF9C0B24D
:100E900010BD000094C1012010B5042200F0D6F965
:100EA00000B210BD10B5042200F0D0F900B210BDA0
:100EB00010B5042200F0CAF900B210BD10B504222A
:100EC00000F0C4F900B210BD10B50A2200F0BEF95E
:100ED00080B210BD10B50A2200F0B8F980B210BD82
:100EE00010B5492200F0B2F900B210BD10B50622CB
:100EF00000F0ACF900B210BD10B5052200F0A6F963
:100F000000B210BD10B5602200F0A0F9C0B210BD53
:100F100070B50E460546FFF7F5FF02281AD9FF24E3
:100F2000FD2802D2C0EB0020040A0EB1002603E027
:100F30002846FFF759FA054655B131462846FFF7CE
:100F4000E1FF022806D9FD28F2D24443240AEFE744
:100F5000022C01D8002070BDFD2C01D3FF2070BDF4
:100F6000204670BD10B5372200F070F9C0B210BD38
:100F700010B5382200F06AF900B210BD10B5352264
:100F800000F064F900B210BD10B5112200F05EF956
:100F900000B210BD10B5112200F058F900B210BD1A
:100FA00010B5112200F052F900B210BD10B5112297
:100FB00000F04CF900B210BD10B5112200F046F956
:100FC00000B210BD10B5112200F040F900B210BD02
:100FD00010B5112200F03AF900B210BD10B511227F
:100FE00000F034F900B210BD10B5112200F02EF956
:100FF00000B210BD10B5112200F028F900B210BDEA
:1010000010B5112200F022F900B210BD10B5112266
:1010100000F01CF900B210BD10B5152200F016F951
:1010200000B210BD10B5152200F010F900B210BDCD
:1010300010B5152200F00AF900B210BD10B5152246
:1010400000F004F900B210BD10B5152200F0FEF852
:1010500000B210BD10B5122200F0F8F800B210BDB9
:1010600010B5122200F0F2F800B210BD10B5122235
:1010700000F0ECF800B210BD10B5122200F0E6F856
:1010800000B210BD10B5122200F0E0F800B210BDA1
:1010900010B5122200F0DAF800B210BD10B512221D
:1010A00000F0D4F800B210BD10B5122200F0CEF856
:1010B00000B210BD10B5122200F0C8F800B210BD89
:1010C00010B5122200F0C2F800B210BD10B5122205
:1010D00000F0BCF800B210BD10B5122200F0B6F856
:1010E00000B210BD10B5122200F0B0F800B210BD71
:1010F00010B5132200F0AAF800B210BD10B51322EB
:1011000000F0A4F800B210BD10B5132200F09EF854
:1011100000B210BD10B5132200F098F800B210BD57
:1011200010B5132200F092F800B210BD10B51322D2
:1011300000F08CF800B210BD10B5132200F086F854
:1011400000B210BD10B5132200F080F800B210BD3F
:1011500010B5132200F07AF800B210BD10B51322BA
:1011600000F074F800B210BD10B5132200F06EF854
:1011700000B210BD10B5132200F068F800B210BD27
:1011800010B5142200F062F800B210BD10B51422A0
:1011900000F05CF800B210BD10B5142200F056F853
:1011A00000B210BD10B5102200F050F800B210BD12
:1011B00010B5102200F04AF800B210BD10B5102290
:1011C00000F044F800B210BD10B5102200F03EF857
:1011D00000B210BD10B5102200F038F800B210BDFA
:1011E00010B5102200F032F800B210BD10B5102278
:1011F00000F02CF800B210BD10B5102200F026F857
:1012000000B210BD10B5102200F020F800B210BDE1
:1012100010B5102200F01AF800B210BD10B510225F
:1012200000F014F800B210BD10B5102200F00EF856
:1012300000B210BD10B5102200F008F800B210BDC9
:1012400010B5102200F002F800B210BD2DE9F843ED
:101250008846064614460121104603F06BF90746FE
:10126000002515E06B46224641463046F1F767F906
:101270000546012827D07FB1022D05D0B8F1000F17
:1012800002D04FF0000803E03046FFF7ADF8064605
:10129000002EE7D1012D16D0B8F1000F03D1012C9B
:1012A00005D0042C03D0204603F0DCF80AE03168B6
:1012B0000FE0012C0AD0C88A50B161B1012C0CD0CA
:1012C000B1F9160000900098BDE8F883888AF3E72A
:1012D00009680029EDD10020F4E7B1F91400F1E725
:1012E00010B50B22FFF7B2FF00B210BD10B54122BE
:1012F000FFF7ACFF00B210BD10B54122FFF7A6FF0B
:1013000000B210BD10B54222FFF7A0FF00B210BD21
:1013100010B54222FFF79AFF00B210BD10B545226A
:10132000FFF794FFC0B210BD10B54322FFF78EFF48
:1013300000B210BD10B54022FFF788FF00B210BD0B
:1013400070B50C4605465522FFF780FF0246214640
:101350002846BDE87040E4F7DFBB5722FFF776BFB1
:101360005722FFF773BF5722FFF770BF5722FFF7CF
:101370006DBF5722FFF76ABF5722FFF767BF57229B
:10138000FFF764BF10B55822FFF760FF00B210BD31
:1013900010B55822FFF75AFF00B210BD10B5582201
:1013A000FFF754FF00B210BD10B55922FFF74EFFF2
:1013B00000B210BD10B55922FFF748FF00B210BDB2
:1013C00010B55922FFF742FF00B210BD10B55922E7
:1013D000FFF73CFF00B210BD10B55922FFF736FFF2
:1013E00000B210BD10B55922FFF730FF00B210BD9A
:1013F00010B56E22FFF72AFF00B210BD10B56A22A9
:10140000FFF724FF00B210BD10B56A22FFF71EFFE0
:1014100000B210BD10B56922FFF718FF00B210BD71
:1014200010B56922FFF712FF00B210BD10B56D2292
:10143000FFF70CFF00B210BD10B50122FFF706FF49
:1014400000B210BD10B50122FFF700FF00B210BDC1
:1014500010B50122FFF7FAFE00B210BD10B501224F
:10146000FFF7F4FE00B210BD10B50122FFF7EEFE4B
:1014700000B210BD10B50722FFF7E8FE00B210BDA4
:1014800010B50822FFF7E2FE00B210BD2DE9FF41C2
:1014900007460888ADF800004888ADF802000888C3
:1014A000ADF80400C888ADF806008888ADF80800DB
:1014B00048880C46ADF80A00A088ADF80C00E0881A
:1014C000ADF80E001D4616466946384601F05EFE30
:1014D0002B463246384601A901F058FE2B463246CB
:1014E000384602A901F052FE2B463246384603A97F
:1014F00001F04CFEBDF90030BDF90400834201DA71
:101500001D4600E00546BDF90810BDF90C209142CA
:1015100001DA0E4600E01646B54205DA834201DAEA
:101520001A4604E0024602E0914200DA0A462280AE
:10153000BDF90030BDF904108B4201DD1D4600E00D
:101540000D46BDF90800BDF90C20904201DD0646AC
:1015500000E01646B54205DD8B4201DD1A4604E087
:101560000A4602E0904200DD0246A280BDF9023048
:10157000BDF90620934201DA1D4600E01546BDF98B
:101580000A10BDF90E00814201DA0E4600E006465F
:10159000B54205DA934201DA184604E0104602E04B
:1015A000814200DA08466080BDF90230BDF90610BC
:1015B0008B4201DD1D4600E00D46BDF90A00BDF974
:1015C0000E20904201DD064600E01646B54205DDDC
:1015D0008B4201DD184604E0084602E0904200DC40
:1015E0001046E080052211462046F4F772FEBDE861
:1015F000FF81018B808A081A401C00B2704770B5C9
:101600000546FEF7F1FE040012D0A88AA18A451A09
:101610002046FFF742F8054400212046FFF720FD51
:101620002D1A00212046FFF701FC281A00B270BDD8
:10163000B5F9140070BD70B50546FEF7D5FE04007F
:1016400012D0E88AE18A451A2046FFF72DF80544B2
:1016500000212046FFF7ACFD2D1A00212046FFF7A0
:10166000E5FB281A00B270BDB5F9160070BD10B5C3
:101670000446FFF7E0FF02462046FEF774FE1044E2
:1016800000B210BDC069814301D000207047012025
:101690007047C069084000D001207047008C0840A6
:1016A00000D0012070477FB50D4606460221FFF7A6
:1016B000E9FF002820D080213046FFF7EFFFE8B98E
:1016C00002A93046FEF795FD0022294602A8E3F75D
:1016D0004AFC040012D04FF480313046FFF7D2FFAD
:1016E00070B101208DF8040000956A461121304642
:1016F000FAF784F89DF8040004B070BD0020FBE701
:101700002046F9E7F8B514460D4606465022FFF785
:101710009DFD00B26080002810D03046294653223B
:10172000FFF794FDC0B22073022807D9294630463E
:10173000FFF7EEFB022802D800202073F8BDFD2839
:1017400004D2217B11FB00F0000A2073207B0228C9
:10175000F4D9522229463046FFF778FD0246294641
:101760003046E4F7D9F90090BDF8000020803046FB
:1017700029465422FFF76AFDA060304629465122CF
:10178000FFF764FD00B10120617B002D60F3820151
:101790006173D3D029463046FFF73AFB617B60F393
:1017A00001016173F8BDF8B514460E4605464622A0
:1017B000FFF74CFDC0B2E072022807D93146284637
:1017C000FFF7A6FB0021022801D8E172F8BDFD2831
:1017D00004D2E27A12FB00F0000AE072E07A0228FA
:1017E000F4D921804FF480706080288BA98A482228
:1017F000401A401C00B200EBD0704010A080688BF3
:10180000E98A401A401C00B200EBD0704010E08022
:1018100028463146FFF71AFD10F0FF00A0720DD0E8
:10182000472231462846FFF711FD02463146284639
:10183000E4F772F90090BDF800002081002EC5D0B9
:1018400031462846FFF7E4FA2073F8BDF8B5144690
:101850000D4606465622FFF7F9FCC0B2A0760228D4
:1018600007D929463046FFF753FB022802D800204B
:10187000A076F8BDFD2804D2A17E11FB00F0000A7D
:10188000A076A07E0228F4D929463046FFF758FDFD
:101890000090BDF80000A081304629465822FFF78D
:1018A000D5FCA082304629465922FFF7CFFC608242
:1018B000304629465A22FFF7C9FCA17F60F3020196
:1018C000A1773DB129463046FFF7A2FAA17F60F328
:1018D000C501A17729463046FFF73FFD206030461D
:1018E00029465B22FFF7B2FC2077F8BDF8B5144615
:1018F0000D4606464E22FFF7A9FCC0B22072022810
:1019000007D929463046FFF703FB022802D80020FA
:101910002072F8BDFD2804D2217A11FB00F0000AE4
:101920002072207A0228F4D9304629464922FFF74E
:101930008DFC00B260800028EBD04D222946304655
:10194000FFF784FC024629463046E4F7E5F80090AC
:10195000BDF800002080304629464A22FFF776FC79
:1019600000B2A08028B1304629464B22FFF76EFC1A
:10197000E080304629464C22FFF768FC08B101217F
:1019800000E00021607A61F38200810861F3C30006
:101990006072002DBDD029463046FFF739FA617AD2
:1019A00060F301016172F8BDF8B514460D460646B4
:1019B000FFF7AEFA074685B1022F09D80020E07084
:1019C000A07684F8220084F82A0084F83600F8BD56
:1019D00029463046FFF71CFAA070304629460B22F4
:1019E000FFF734FC2080E078002855D030462946A7
:1019F0002122FFF72BFCC0B2E07002284CD9294607
:101A00003046FFF7F2F90090BDF80000A0803046A4
:101A100029462622FFF71AFC010007D0487A400722
:101A200004D00A22A01DFCF7ADFF35E03046294660
:101A30002322FFF70BFCE17B60F30201E17348070F
:101A400021D029463046FFF7D0F90090BDF80000BC
:101A5000E080222229463046FFF7F8FB024629465D
:101A60003046E4F759F80090BDF800006081304638
:101A700029462422FFF7EAFB207230462946252218
:101A8000FFF7E4FB2073304629462722FFF7DEFBF1
:101A9000E17B60F3C501E173304629463222FFF74E
:101AA000D5FB00B2208428B394F8220010B330464E
:101AB00029463122FFF7CAFBC0B284F8220002286F
:101AC00018D9304629463322FFF7C0FB94F823107B
:101AD000302260F3450184F8231029463046FFF791
:101AE000B5FB024629463046E4F716F80090BDF8EB
:101AF0000000E08329463046FFF740FAE084E8B171
:101B000094F82A00D0B129463046FFF72BFA84F822
:101B10002A00022812D929463046FFF729FA2085E3
:101B2000362229463046FFF791FB024629463046C9
:101B3000E3F7F2FF0090BDF80000A084A07E80B320
:101B4000304629462822FFF781FB206148B3304602
:101B500029462922FFF77AFBC0B2A076022820D9B5
:101B60002069FBF799F902286CD02A2229463046D1
:101B7000FFF76CFB024629463046E3F7CDFF0090A5
:101B8000BDF800002083304629462B22FFF75EFB7C
:101B9000E076304629462C22FFF758FB00B10120A1
:101BA000207794F8360070B329463046FFF7C2FB21
:101BB000E08540B394F83600022824D929463046FF
:101BC000FFF7ACFB84F8360002281CD929463046C2
:101BD000FFF78CFB208629463046FFF793FB608693
:101BE00029463046FFF7A0FBA0864422294630460E
:101BF000FFF72CFB024629463046E3F78DFF0090A5
:101C0000BDF80000A085FD2FBFF4E1AE14F8030F6E
:101C100010FB07F0000A04F8140BE07810FB07F043
:101C2000000AE070E07A10FB07F0000AE072E07C46
:101C300010FB07F0000AE074E07F10FB07F0000AD9
:101C4000E077F8BD29463046FFF787FB60612946FB
:101C50003046FFF775FB0090BDF800002083A0E739
:101C60007CB50546E3F728FF044605F114016846F4
:101C7000F4F7B2FABDF800006946001BADF80000A9
:101C8000BDF80200001BADF80200BDF804002044BE
:101C9000ADF80400BDF806002044ADF80600284663
:101CA00000F001F87CBD7CB50C460546FEF728FB2C
:101CB000F6F736FD00280FD021466846F4F78CFA77
:101CC00069462846FDF7B4FC002805D02846FEF7F3
:101CD00017FB6946E3F798FD7CBD0068002808D033
:101CE000017E8907F9D0007E00F00300012800D0B2
:101CF000002070470068002809D0017E11F00C0F09
:101D0000F8D0007EC0F38100012800D00020704789
:101D100010B504460849FFF7BCFC08B1002010BD0F
:101D20002046FEF761FB0028F9D00021FFF7D2F82A
:101D30000028F4D0012010BD010006007CB5054646
:101D4000E3F7BAFE044605F114016846F4F744FAD5
:101D5000BDF800006946001BADF80000BDF80200A8
:101D6000001BADF80200BDF804002044ADF80400EB
:101D7000BDF806002044ADF806002846FDF758FCE3
:101D80007CBD10B5418C41F001014184FEF730FB70
:101D9000418C41F004014184FEF7B2FA406800280A
:101DA00003D0BDE8104003F03FBF10BD2DE9F04760
:101DB0009946174688468246FEF716FA06460025DB
:101DC00023E000BFDAF80800B9F1000F006850F80E
:101DD000254005D04FF480212046FFF753FC98B9E9
:101DE000A18A002301EB0800A082E08A3A46384429
:101DF000E082218B01EB08002083608B4146384450
:101E000060832046FFF7D2FF6D1CB542DAD3BDE8F0
:101E1000F0872DE9FF47456816460F4604469DB3F7
:101E200000212846FFF71CF9804600212846FFF7CD
:101E3000BFF981464FF480212046FFF723FC48B1CB
:101E4000A98A07EB0800084407B2E98A06EB0900F3
:101E5000084410E02846FEF720FCAA8A02EB08019D
:101E6000081A384407B22846FEF71EFCEA8A02EB3D
:101E70000901081A304406B200212846FEF7D6FFB1
:101E8000391830440FB206B2A08A381A07B2E08A75
:101E9000301A06B20FB9002E40D02046FFF7E0FE00
:101EA00002A92046FEF726FA4FF0000875B16946F0
:101EB0002846FEF7BDF90022694602A8E2F793FF23
:101EC0005FEA000802D1284600F070FEA08A324680
:101ED0003844A082E08A39463044E082208B0023D7
:101EE00038442083608B304460832046FFF75EFFD8
:101EF0008DB1224622212846F9F780FC2046FFF7C3
:101F0000AFFE0022694604F11400E2F76CFFB8F15D
:101F1000000F07D104E02046FFF7A2FEBDE8FF87CF
:101F20000028FBD0284600F041FEF7E770B50C0012
:101F3000064604D5FEF758FAFEF756F90444304633
:101F4000FEF717FA02463046FEF74EFA0546002C19
:101F50002DDBFEF749F9A04229DD944227D015DA9E
:101F60006FF00301A24214DDA86801EB8203006850
:101F7000C35840F82230521EF4E7A86801EB8203F0
:101F80000068C35840F82230521C00E00421A242ED
:101F9000F3DBA86800222221006840F8246028466C
:101FA000F9F72CFC2846BDE87040FFF759BE70BD1C
:101FB0002DE9F0410D460646FEF761FBA0B930461B
:101FC000FEF764FB04463046FEF71AFA00280BDAE7
:101FD000002C09DD4042844200DB044622B22B463D
:101FE0000021304600F08AFC3046FEF741FB002815
:101FF00025D13046FEF77EFA04463046FEF7DAFA7F
:10200000074600213046FEF7CCFE01280BD0002FFA
:1020100015DA002C13DD7842844200DB044621B23D
:102020002B46002206E0002C09DA002F07DD2B46A4
:10203000002221463046BDE8F04100F05FBCBDE81B
:10204000F0812DE9F047894686B00446866802A9EA
:102050004846FEF74FF94846E3F72EFD0146024693
:1020600002A8F4F736F902AA314604A8E2F793FE73
:102070004FF400250DF1100A20B929464846FFF714
:1020800001FB98B14FF00108224614214846C4F8DC
:1020900008A0F9F7B3FB224615214846F9F7AEFB35
:1020A000224616214846F9F7A9FB01E04FF0000847
:1020B00029464846FFF7E6FA20B13068009070687C
:1020C000019006E009F1140231466846E2F763FE2A
:1020D00090B1C4F808D04846FEF786F807460025B8
:1020E00008E0D9F80800006850F82510204607F0ED
:1020F0000FFE6D1CBD42F4D3B8F1000F10D0224684
:1021000017214846C4F808A0F9F778FB22461821A1
:102110004846F9F773FB224619214846F9F76EFB4A
:10212000A66006B0BDE8F0872DE9F14F82B00298B5
:10213000FFF7EEFD00287CD10298FEF755F90090DC
:1021400000210298FFF796F9824600210298FFF7D6
:1021500097F90746009868B1FEF7B2F881460098F3
:10216000FEF794F80546CAF341304FF0640B01289E
:1021700003D012E03A46514692E02AF4C040B0F54E
:10218000FA6F0ADCB0F57A7F01DDC0F57A7000FBEA
:1021900009F090FBFBF00FFA80FAC7F341300128F9
:1021A0000DD127F4C040B0F5FA6F08DCB0F57A7FA6
:1021B00001DDC0F57A70684390FBFBF007B20021A7
:1021C0006B220298FFF742F806B200216C220298B7
:1021D000FFF73CF802B20298FFF70BFA804602982C
:1021E000FEF7C1F80446C6F3413001280ED126F4AB
:1021F000C040B0F5FA6F09DCB0F57A7F01DDC0F5BB
:102200007A7000FB08F090FBFBF006B2C2F341309D
:1022100001280DD122F4C040B0F5FA6F08DCB0F50A
:102220007A7F01DDC0F57A70604390FBFBF002B26B
:1022300000E055E00AEB060006B2B81807B200212C
:102240000298FEF78BFD50B1012827D0801E082888
:1022500024D2DFE800F00B13202B3318383B002189
:102260000098FEF798FD012808D017E009EBD97116
:10227000491008EBD870A1EB600001E0A9EB080061
:10228000304406B20AE005EBD570401004EBD4717F
:10229000A0EB610000E0281B384407B23A46314603
:1022A000029803B0BDE8F04FFFF7B3BD09EBD97159
:1022B000491008EBD870A1EB600001E0A9EB080021
:1022C000304406B2E7E7A9EB080006E009EBD97154
:1022D000491008EBD870A1EB6000304406B2D2E799
:1022E000BDE8FE8F2DE9F04F0446408C87B0010514
:1022F00001D540057ED42046FEF776F85FEA000857
:1023000078D02046FEF7F6F80190608C0026000594
:102310004FF4FA6B42F2D17A03D52046FFF769F900
:102320005DE000212046FFF787F80546504501D1C2
:10233000012600E00026C5F34130012805D125F42F
:10234000C040584501DC012000E0002081464046A5
:10235000FDF7B6FF074626B12046E5F70FFE054616
:102360002BE0B9F1000F28D0B8F82200000518D4EE
:1023700000214046FFF760F8504512D10021204669
:10238000FEF754FD054600212046FEF769FE00EBEE
:10239000050900212046FEF7B1FE411901EB0900B5
:1023A0000AE025F4C040B0F57A7F01DDC0F57A700F
:1023B0007843642190FBF1F005B22046002102220F
:1023C000FEF744FF0FFA80F9204600210322FEF7B2
:1023D0003DFF02B23B4649462846F5F726FB074635
:1023E0002046FEF753F90090608C4FF0000940053D
:1023F00005D500E06BE02046FDF7B5FF53E0002176
:102400002046FEF749FDA0F51C510546D13906D0FE
:1024100000208146C5F34130012802D007E00120A9
:10242000F7E725F4C040584501DC012000E000201A
:1024300083464046FDF72AFF8246B9F1000F04D0DB
:102440002046E5F729FD05461BE0BBF1000F18D03B
:10245000B8F82200400507D400214046FEF71CFDD5
:10246000A0F51C51D13936D025F4C040B0F57A7FA3
:1024700001DDC0F57A7000FB0AF0642190FBF1F0F9
:1024800005B2204600210522FEF7E0FE0FFA80FB90
:10249000204600210622FEF7D9FE02B253465946D5
:1024A0002846F5F78DFA054656EA090605D0DDE916
:1024B00000210023204600F022FB2046FFF799F878
:1024C000B8421BD12046FDF74EFFA84216D100208E
:1024D00007B0BDE8F08F00212046FEF7A7FC0546B7
:1024E00000212046FEF764FE00EB050B002120468C
:1024F000FEF750FD411901EB0B00C1E72046FFF745
:10250000AFFB02A92046FDF7F5FE04A94046FDF702
:102510008FFE002204A902A8E2F765FC060002D1A2
:10252000404600F043FBE08A6D1E28446083002192
:102530002046FEF730FC01281CD0A08A7F1E3844BC
:10254000208302AA29212046F9F758F922462221A0
:102550004046F9F753F92046FFF782FB608C0022D2
:1025600040F00200608404A904F11400E2F73BFC8F
:1025700036B904E0208BC01B401CA082E1E710B1FB
:10258000404600F013FB204600F002F801209FE7D0
:1025900038B50446E3F790FA05460020ADF8000090
:1025A0006A4613212046F9F729F9BDF90000A8422F
:1025B00002D02046FFF754FBA06818B1BDF8001008
:1025C000C18209E0BDF8000030B12046FDF712F8E5
:1025D000A168BDF80000C882BDF90000A84202D081
:1025E0002046FFF73DFB38BD70B505460021FEF7DC
:1025F00023FF044600212846FEF74EFC42F2D1712B
:102600008C4203D0884201D0002070BD2846FFF7DD
:10261000B8FB012070BD00002DE9F84F0446514879
:1026200090460D460078002870D02046FFF718FB32
:1026300005F47F050421404601F07CFF0646022197
:10264000404601F077FF81460121404601F072FFCC
:1026500000901021404601F06DFF07464FF6FF7BCA
:10266000EEB1B5F5702F12D08DB1204600210422B5
:10267000FEF7ECFD00B242F2D17A504507D0204679
:1026800000210122FEF7E2FD00B250454DD10022AB
:102690002A212046F9F7B2F82046FFF772FB4FF4E3
:1026A000702A554500D085BBD84500D02EB12046B4
:1026B000FDF79AFE08B1FFF764FB554500D025BB36
:1026C0001FB3204600216E22FEF7C0FD00B240B9C4
:1026D000204600216D22FEF7B9FD00B2B0F5807FE3
:1026E00001D0022714E0204600216122FEF7AEFD52
:1026F000C0B2FF2807D1204600216822FEF7A6FDC0
:1027000010F0FF0F03D0012702E00EE028E00027C1
:10271000A06820B1817E67F38711817605E027B13B
:102720002046FCF767FFA068F4E75F46B84502D093
:10273000B9F1000F02D02046FFF72AFF2046FFF72D
:102740008FFAB84504D0009949EA0600084207D03C
:10275000B5F5803F04D02046BDE8F84F07F0A0BD96
:10276000BDE8F88F9C0000202DE9F04104460E469C
:10277000408C002115460423C0F305100BE000BF78
:10278000E26803EBC107D259D70103D522F07F429B
:10279000AA4202D0491C8842F2D8884202D10020C5
:1027A000BDE8F081E06850F83100314601F0FCFEF0
:1027B00028B1324629462046FFF72EFF01E00028C7
:1027C000EED00120ECE72DE9F05F4FF6FF7A0F0025
:1027D00005461FFA82F802F47F09564602D0F879BE
:1027E00000B900260024214659E0EA68042000EBE5
:1027F000C40B964652F80B00C0F307424FEA024C56
:10280000524683B2904501D0434509D1B9F5702FA6
:1028100001D0CC4504D12FB15EF83430BB4201D099
:10282000641C3CE0800104D50023494628460AF098
:1028300089FEE86850F80B10CA0101D489010CD553
:1028400050F8340001F00FFFE86850F83400FCF74E
:102850005DF8E968002041F83400204608220AE0CB
:10286000E96802EBC00C01EBC0036144401CD1E9F4
:1028700000C1C3E900C1698CC1F30511491E814241
:10288000EED8688C0109491E61F309106884C0F311
:102890000510C100E868FCF75DF80121E860688C6C
:1028A000C0F30510A042A0D8002908D0002E06D001
:1028B000324649462846BDE8F05FFFF7ADBEBDE8A9
:1028C000F09F000070B506460B480078002812D033
:1028D00000200CE0002506E0E06850F825103046A6
:1028E00007F0BBFD6D1C606AA842F5D82046F5F7DD
:1028F000E1FE0400EED170BD9C0000202DE9F04106
:102900001646074692B00D4651EA06007AD0012BD2
:102910001DD03E493846F2F76FFE3D493846F2F782
:102920006BFE002209213846F8F768FF012869D1BB
:10293000324629463846E3F7CBF8012862D112B077
:102940003846BDE8F04100220A21F8F757BF384663
:10295000FDF7D6FC80466846F2F796FE2D484FF408
:10296000C874009703902DB34046F5F77DFE4010E4
:102970002A460021F2F7EFFEC82801D2C82002E063
:10298000A04200D920460B903846FDF786FE414212
:10299000281A0891CDE909101D4801901E4807909A
:1029A0006A4609213846F8F729FF01282AD16846E6
:1029B000F2F7DEFE002E25D04046F5F79BFE4010D4
:1029C00032460021F2F7C7FEC82801D2C82002E033
:1029D000A04200D920460B903846FDF765FE4142E3
:1029E000301A0891CDE90910084801900A4807906B
:1029F0006A4609213846F8F701FF012802D16846E6
:102A0000F2F7B6FE12B0BDE8F0810000D7A80208C8
:102A1000BFA8020845A50208EF5601082DE9F047B6
:102A20001546824699460C4651EA050065D0504647
:102A300000F0DCFB5046FDF730FE40420FFA80F814
:102A400008EB040004B200215046FEF7AAF9012861
:102A500013D0002C13DC25DA5046FDF74BFD06465B
:102A60005046FDF7A7FD304400B2002800DA0020F0
:102A70004042844216DA04B214E0002C02DA4FF02D
:102A800000040FE00EDD5046FDF734FD06465046CB
:102A9000FDF790FD304400B2002800DA00208442A7
:102AA00000DD04465046FDF7FFFD404206B27019B6
:102AB00005B2002D02DD4FF0000510E00FDA5046A0
:102AC000FDF7E4FD07465046FDF79AFC384400B296
:102AD000002800DA00204042854200DA05B2A4EB6B
:102AE000080001B2A81B02B251EA020005D04B4611
:102AF0005046BDE8F047FFF701BFBDE8F08770B56D
:102B000016461D4604461A4600F024F82A46314669
:102B10002046BDE8704000F033B8F8B50E460446D4
:102B200000F064FB002000902046FDF75DFC0546A8
:102B300004F114070AE033466A462146384607F096
:102B40000FFD2C462046FDF74FFC0546002DF2D127
:102B5000F8BD000070B50D46144606460749F2F769
:102B60004BFD3046FDF799FD401B01B22346304630
:102B7000BDE870400022FFF751BF0000BFA8020867
:102B800070B50D46144606460749F2F735FD304646
:102B9000FDF78AFD401B02B223463046BDE8704077
:102BA0000021FFF73BBF0000D7A802081FB504466D
:102BB00002AA6946FDF77FFD6846F3F75EFB20B980
:102BC00002A8F3F75AFB002810D06846F3F755FB2C
:102BD00018B169462046FFF766F802A8F3F74DFBE7
:102BE000002803D002A92046FFF75DF81FBD70B58D
:102BF0000D460446FCF7FEFCA068858270BD00000F
:102C000070B516461D460446002200F02FFA002239
:102C10003146204600F012FA00222946204600F0F4
:102C20002DFA0448002201882046BDE8704000F0DB
:102C300032BA000094C1012010B50446002200F011
:102C400005FA0448002201882046BDE8104000F043
:102C500022BA000094C1012010B50446002200F001
:102C6000FDF92046FDF7C0FBBDE81040FFF789B82D
:102C700038B50C46054600236A460421FDF794FB4F
:102C8000012807D0002804D100222146284600F060
:102C9000FDF938BD0098A042F6D138BD10B5044604
:102CA00089B2002200F0F7F92046BDE81040FFF796
:102CB00068B82DE9F0410C4615461F4606461946F0
:102CC000EFF7EEFA2A46214601F0BCFD22463946CE
:102CD0003046BDE8F041FFF79FBC70B5064640683E
:102CE0000C46002863D0002C61D03046FEF7B8FFB8
:102CF0002046FCF77FFC30467568FDF73AFB01463D
:102D0000042207E0A86802EB81030068C35840F87A
:102D10002130491C2846FDF767FA801E8842F1DA07
:102D2000A9684868401E4860A96805D08200086804
:102D30001146FBF70FFE03E00868FBF7E7FD0020F4
:102D4000A9680860A1684868401C4860A2688100C2
:102D50001068FBF7FFFDA16808602046FDF744FA04
:102D60006FF0030101EB8000A16809680E5028464E
:102D70007460FFF71BFF324622212846F8F73EFD1C
:102D8000002224212846F8F739FD32462221204628
:102D9000F8F734FD002223212046F8F72FFD3046B6
:102DA000FEF7EFFF3046BDE87040FEF759BF70BD3B
:102DB00070B51546044600F0B8F929462046BDE82E
:102DC000704000F0C8B970B50C460546FCF712FC1F
:102DD000A868417E01F00F01A14200D0447670BD89
:102DE00070B50C460546FCF705FCA868017E64F347
:102DF0008301017670BD70B50C460546FCF7FAFB01
:102E0000A868017E64F30511017670BD70B50C46AB
:102E10000546FCF7EFFBA868017E01F00302A24221
:102E200007D064F3010101762846BDE87040FEF743
:102E300017BF70BD70B51546044600F060F929460D
:102E40002046BDE87040FFF713BF00002DE9F34FA7
:102E50008FB08146008C109988427DD00490A9F8EB
:102E600020104846109A0499E2F716FF5FEA00081E
:102E700072D04FF420742046FBF7EAFC2146039001
:102E8000FBF752FE0024204672E000BFD9F80C0088
:102E9000042200EBCA0102EBCA050A91405920F056
:102EA0007F4000F071F90590D9F80C00405920F0EE
:102EB0007F4000F066F9069010990598884355D137
:102EC0000A984068800151D40A980BAA67210068CB
:102ED00001F06EFA012849D100270B9D40E0002641
:102EE0001EE000BF039806EB860100EB81010E9106
:102EF000D1F804B0584600F047F90890584600F061
:102F000040F9296831F817200E9909898A4206D1BB
:102F10000699884203D105990898884202D2761C06
:102F2000A642DFD3A6421AD1039A04EB8400A989F2
:102F300022F82010039A298A02EB80004180A968B8
:102F4000C160296831F817100181696801610A9927
:102F5000496821F07F4100E04DE0641C41607F1C26
:102F6000286830F8170008B1202CB8D30AF1010006
:102F70008246B9F82200C0F30511514501D9202C31
:102F800084D3002510E000BF039805EB850100EB1A
:102F90008106706800F0F5F8014600964846109BDF
:102FA000049AE2F7D9FD6D1CA542EDD30398FBF717
:102FB0009BFCB8F1010F0ED0B8F1030F11D0B8F19E
:102FC000020F18D14846FEF74BFE11B04846BDE847
:102FD000F04FFFF7DDBA11B04846BDE8F04FFEF7FD
:102FE0003FBE11B04846BDE8F04F4FF6FF724FF4B8
:102FF0007021FFF711BB11B0BDE8F08F13460A46F0
:103000000921FFF756BE13460A461621FFF751BEA7
:1030100007B481B01346BDF80810ADF80010009A4F
:10302000202104B0FFF745BE13460A462821FFF7CA
:1030300040BE13460A463221FFF73BBE13460A46FE
:103040000149C988FFF735BE94C1012013460A46DD
:1030500001494988FFF72DBE94C1012013460A4655
:1030600001494989FFF725BE94C1012013460A464C
:1030700001498988FFF71DBE94C1012013460A4605
:1030800001490989FFF715BE94C1012013460A467C
:103090000421FFF70EBE13460A460A21FFF709BEB8
:1030A00013460A460221FFF704BE13460A460B21C7
:1030B000FFF7FFBD13460A465B21FFF7FABD07B4D1
:1030C00081B01346BDF80810ADF80010009A5521E4
:1030D00004B0FFF7EEBD13460A465721FFF7E9BDDE
:1030E00013460A460121FFF7E4BD13460A460721AD
:1030F000FFF7DFBD13460A460821FFF7DABD38B5F2
:103100000C46054600236A460121FDF74DF90128CA
:1031100007D0002804D1002221462846FFF7E0FF0F
:1031200038BD0098A042F6D138BD38B50C460546EA
:1031300000236A460721FDF737F9012807D0002848
:1031400004D1002221462846FFF7CFFF38BD009862
:10315000A042F6D138BD38B50C46054600236A4674
:103160000821FDF721F9012807D0002804D1002209
:1031700021462846FFF7BEFF38BD0098A042F6D191
:1031800038BD00F47F00704780B270472DE9F041F0
:103190001E4615468846070025D0E2F793FC022814
:1031A00013D000249EB13DB13846FDF71DF93346DA
:1031B0002A464146FFF7EAFF002C14D0324641462A
:1031C0003846BDE8F0410AF011BA0124EAE724B11B
:1031D0003246414638460AF009FA002D03D03846F7
:1031E000FDF702F9D7E7BDE8F081000070B50B4D9F
:1031F0002978002911D101212970FDF7F9F8044639
:1032000006E000BF20F0040060842046F1F798FE3D
:10321000608C4107F6D40020287070BD9400002017
:1032200008B5132802D209B1042905D9F4F732FCF4
:103230000090BDF8000008BD044A491EC9B202EB67
:10324000C00000EB4100008808BD0000EC740408D9
:1032500008B5132802D209B1052905D9F4F71AFCDB
:103260000090BDF8000008BD054A491E00EB800033
:10327000C9B202EB400000EB4100008808BD00002D
:103280002E74040808B5132805D3F4F703FC009046
:10329000BDF8000008BD024901EB4000008808BDF0
:1032A00008740408002801DAC0F57A7040F4005070
:1032B00000B270472DE9FE4F17460C0005461E462A
:1032C00002D1B7F5807F73D028883188401A01B2C7
:1032D000298068887288801A00B26880002C69D0C2
:1032E000DFF80CB1DBF80000A04244D02046B4F572
:1032F000616F01DDA4F56160002801DA00F561600D
:103300000A2190FBF1F8C8F1000101EB810100EB0B
:10331000410908F1010A0FFA88F002F09DFD0290C0
:103320000FFA8AF002F098FD08F15A01019008B2F4
:1033300002F092FD0AF15A01009008B202F08CFDF1
:1033400003460298C9F10A0808FB00F10198009AA7
:1033500000FB09110A2091FBF0FC08FB02F103FBC2
:1033600009120A2192FBF1F14FEA6C124911CBE9E3
:103370000121CBF80040B5F90010B5F90200B7F50E
:10338000807F21D0DBF80820DBF8043002FB01F459
:1033900003FB1044B6F800C07C434B430CEBA44441
:1033A0002C8002FB00307188784301EBA0406880DC
:1033B000BDE8FE8F3288794302EB212129805988AC
:1033C000784301EB2020F2E7DBF80830DBF804203B
:1033D00003FB01F402FB104437884A4307EBA424A3
:1033E0002C8003FB0020718801EBA020DFE70000A8
:1033F00014C1012010B5B0F90420B0F900304088A4
:10340000D21A02EBD27252100C881344498810442D
:10341000E31A081A12FB02F113FB03F210FB00205F
:10342000884201D8012010BD002010BD10B5DFF783
:1034300097FF0D494FF496530022A1F11C00F5F7B8
:103440000FF80A48F5F71CF808484FF4F0710180AE
:103450004FF4A07141800649416103491C39C160A4
:10346000BDE81040F5F736B8F4D4012074FA012015
:103470002D99000810B5E0F719FF0648F9F71DFD72
:1034800004480121017004494160F9F72BFD03490B
:10349000886010BDC4FA0120B9D2020808C1012019
:1034A00070B50C460123002110E0D50706D01D465B
:1034B000A5FB003601FB006105FB0411A0FB0056D3
:1034C00004FB006600FB046452102846002AECD17D
:1034D000184670BD2DE9FC410E46002507462A46D8
:1034E0001431E1F780FC002826D001213046FEF798
:1034F000C9F800BB3046E2F7E5FAE0B900208DF8E4
:1035000000006A46122130460197F8F777F99DF8D6
:10351000000002280FD03046FCF766FE401E040073
:103520000ED4B068006850F824103846FFF7D2FF78
:10353000050009D102E00020BDE8FC81641EF0D541
:103540009DF8000000B935462846F5E72DE9FC4115
:103550000025DFF8B4804FE0294491F83011E9BB31
:10356000002441E0011991F83011C1BBA5423AD0C5
:1035700000EBC40100EBC50030303031E1F787FCCF
:1035800068B37068B04600EBC40200EBC501684642
:1035900030313032E1F77AFD6846F2F76EFE0646CA
:1035A000D8F8040000EBC5003030F2F766FE07469D
:1035B000D8F8040000EBC4003030F2F75EFE384467
:1035C000864210D2D8F80400464600EBC500694692
:1035D0003030F2F70AFE0120716801E00BE002E0F2
:1035E000214481F83001641CD8F804004646B0F844
:1035F0005011A142B6D86D1CD8F80410B1F8502172
:10360000AA42A9D8BDE8FC8188C1012010B591F873
:103610002A000C4620F0010081F82A00002088844E
:10362000C884088510212046FCF7B2F94FF40071D8
:103630002046FCF7ADF921460548FCF7FBF8FCF7FE
:103640006DF92046BDE81040002202A100F00AB941
:103650008CAE04084F7074696F6E20310A4F70741D
:10366000696F6E20320A4F7074696F6E20330A4F93
:103670007074696F6E20340A4F7074696F6E2035F4
:1036800000000000F8B50E465648FCF785FD0128FD
:103690002ED13046F8F770F805463046F8F7AAF80C
:1036A00004462C2D1CD02A2D23D0292D2DD0012DC0
:1036B0002DD0022D37D0082D50D0032D4ED00E2DF9
:1036C00050D00F2D5DD00D2D66D0132D7CD0152D33
:1036D00001D0182D0CD13046BDE8F840E9F78DBD7A
:1036E0003046F8F785F805462046EFF7A7F828801A
:1036F000F8BDEEF7D2FD18B100222A21F8F77EF8C6
:103700002046FEF771FF002141E0002140E0A06A61
:1037100020F400312046A162EEF7BFFDBDE8F8407D
:103720003149F1F769BFF9F701FC6946F9F744FC43
:10373000BDF802000028DBD02046EEF7AEFD0546BE
:10374000FDF779FFBDF80210084401B22846FFF7E3
:1037500002FDA06A40F40030A062F8BDBDE8F84068
:1037600006F0BEBDFCF7FAFDF8F7D4FC0546F9F704
:10377000DDFBF9F71CFC042800D115B1E08C208595
:10378000F8BDE18C208D8142FAD0E08401212046F1
:10379000BDE8F84006F00ABC3046F8F729F8007892
:1037A000132812D0122810D0142801D01128E7D1E4
:1037B000E08C0028E4D0258D401E81B201222046F5
:1037C00000F0BBF82585F8BD06E0E08CA18C401C1C
:1037D0008842F8D2258DF0E7EEF75FFDBDE8F840AE
:1037E000FEF7D6BE70AE040811AA020870B50E46E8
:1037F0000846F7F7C1FF0446152805D0314618489A
:10380000FCF7CAFC012823D13046F7F7F3FF054641
:10381000132C08D0292C1CD0152C19D13046BDE80A
:103820007040E8F791BB3046F7F7E2FF04462846C0
:10383000FCF7DAFDEFF702F806462846FDF7D9FE59
:103840000246B4F90000B11A884200DC0846208024
:1038500070BDFCF7C9FDBDE87040002106F0A6BBB5
:103860008CAE04082DE9F84F15465FEA01090446BD
:103870000DD02046EEF711FD4FF0000B0090A4F89C
:1038800026B0A4F828B0A4F824B0584606E0FEE715
:103890000A2902D1A18C491CA184401C19F80010EE
:1038A0000029F5D1A08C401CA08494F82A00DDB337
:1038B00040F0010184F82A104846DCF760FD471CFF
:1038C000C7EBC7008246FAF7C3FF06460025A0F102
:1038D000010800BF07FB05604946DCF765FD6D1C6C
:1038E00007FB05F10A20EDB201F80800072DF1D31E
:1038F0000AEB060101F801BC31460098FAF7CAFC50
:103900003046FAF7F1FFA08C00EB4001E184C0EBF8
:10391000C000A0842046EFF7E7FFE08C20850098E8
:10392000BDE8F84FFEF734BE20F0010084F82A000D
:1039300049460098FAF7AEFCEFE7F0B490F82A3069
:10394000DC07838C1ED00724B3FBF4F4C58CA142A2
:10395000B5FBF4F716D207FB1455AEB20FFA86FC8E
:10396000ACEB0105002D01DCA1EB0C05B5EB540F10
:1039700005D90D468E4201D9291900E0291B04FB07
:10398000071189B28B4200D8591EC1840185F0BC51
:10399000114606F00BBB70B50020086791F8740063
:1039A0000C4620F0030081F874004FF4407120466B
:1039B000FBF7EEFF10212046FBF7EAFF0020F4F7AB
:1039C00041FE502505EBC000B0F5A07F08DB0020CC
:1039D000F4F738FE05EBC000A02190FBF1F000E009
:1039E000012001B22046BDE87040FFF700B9000099
:1039F0002DE9F34F83B0FE480499FCF7CDFB012875
:103A000052D10498F7F7B8FE05460498F7F7F2FE8E
:103A1000044600F065FA0646112D17D0012D46D058
:103A2000022D78D0082D77D0032DFCD00E2D74D028
:103A3000292D73D0132D72D00D2D71D0152D33D1AA
:103A4000049805B0BDE8F04FE8F7BCB90498F7F763
:103A5000CFFE0546A06810B1B0F9147000E0002751
:103A600004F168016846F2F7E4FB3A4611466846FD
:103A7000F2F72FFC002268462968E1F774FA2871F2
:103A8000002811D1022E0FD104F160016846F2F72F
:103A9000D0FB3A4611466846F2F71BFC0022684606
:103AA0002968E1F760FA287105B0BDE8F08F20467B
:103AB000FEF7D6F894F8740040F0010184F8741011
:103AC0009EB1012E11D0022EEED1F9F72FFA6946E0
:103AD000F9F742FA2046FDF78CFD05462046FCF733
:103AE00042FC854204DB012503E004F1240042E0AE
:103AF000002500212046FDF75AF9DDB30128BDF964
:103B000000000ED0B4F96C108842EEDCB4F96010FD
:103B100088423EDB0DE069E0F2E024E131E136E18C
:103B2000A6E1B4F968108842DFDBB4F9641088427A
:103B30002FDCB4F96400B4F96010401A00EBD070C7
:103B400001EB6002BDF90010501A002800DC881A51
:103B500002B2B4F96C30B4F968001B1A03EBD373EA
:103B600000EB6303581A002800DCC81A00B2904228
:103B70002CDB33E003E0206796E7207194E7BDF982
:103B80000200B4F96A309842AFDBB4F96620904283
:103B900002DD04F13000EEE7B4F96210521A02EBD4
:103BA000D27201EB6202111A002900DC811A0DB2F7
:103BB000B4F96E10C91A01EBD17103EB6102111A4D
:103BC000002900DC811A08B2A84207DA04F12400B7
:103BD00044F8700F207920F00200CEE704F13000A5
:103BE00044F8700F207940F00200C6E7206F0028EB
:103BF000C2D0F9F79BF90546F9F7D9F90128BBD1ED
:103C000069462846F9F7A8F9D4E90A010F1A2046AF
:103C1000F0F705F900284FF00001204634D0FDF7F9
:103C200043FA804600212046FDF78CFA06462046DE
:103C3000FDF7DFFCA0EB0800801B05B20021204649
:103C4000FDF7B5F8012818D0B4F91420BDF900101B
:103C500002EB0800081A784305EBD57100EB610010
:103C600090FBF5F0A16A256F0844D4E90A2104F11C
:103C700030039D4224D1616A23E0B4F91800BDF9F4
:103C80000010801B401AE6E7FDF7BCFA064600214B
:103C90002046FDF7A3F905462046FCF764FB401BD0
:103CA000B4F91A10801BBDF902202944511A00B240
:103CB000794300EBD072C1EB620191FBF0F0D1E7E8
:103CC000226B884201DA064600E00E46964201DA8F
:103CD000114602E0884200DA01462868884287D00F
:103CE0009D424FF00102204602D1F2F73FFC01E075
:103CF000F2F761FC00221C212046F7F77FFDD3E696
:103D000094F8740020F0010184F87410002120461A
:103D10002167FDF7A5FF2046FCF720FB0646F8F7D4
:103D2000F9F90546F9F702F9F9F741F90428E6D15E
:103D3000002DE4D0204600F0D3F802280CD194F8EE
:103D40007400810704D440F0020084F87400ABE6EC
:103D500020F0020084F8740005B03046BDE8F04F52
:103D60000021F8F758BAF9F7E1F8F9F720F9042833
:103D700001D00228C3D114F8740F20F00200207083
:103D800092E605B02046BDE8F04FFEF701BC4FF4C7
:103D9000403739462046FDF787F9814639462046A7
:103DA000FDF7D0F9804639462046FDF72BFA064646
:103DB00039462046FDF712F905466D223946204660
:103DC000FDF744FA00B2009039462046FDF728FB83
:103DD000834639462046FDF717FB82462046FDF70D
:103DE00008FC00EB4B072046FCF7BDFA02E00000A0
:103DF000A8AE040800EB4A008742204604DAFDF72B
:103E0000F8FB00EB4B0003E0FCF7ADFA00EB4A00D7
:103E10000099401010FB01F040F30F204946424644
:103E2000C14500DC1146B54201DD2A4600E03246BC
:103E3000914207DD49464246C14501DD0D4604E099
:103E4000154602E0B54200DC354605444FF44031EA
:103E50002046AD1CFBF766FC284404B20498F7F733
:103E6000C7FCB0F90010A14200DD0C4604801BE63F
:103E70000498F7F7BDFC0078132813D0112811D04F
:103E8000142801D01228F2D194F87400800720463B
:103E900017D4F2F75DFB0122401E01462046F2F7DF
:103EA0008AFB15E094F874008007204604D4F2F7EA
:103EB0004FFB0122401CF0E7F2F73BFB0122411CC3
:103EC00003E0F2F736FB411E01222046F2F74EFBDB
:103ED00005B02046BDE8F04F00221C21F7F78EBC4C
:103EE00010B5F2F721FB012802D0022800D00020F3
:103EF00010BD00000FB40A4608B505A9009101469F
:103F00000348049BE2F7E4FD01B05DF814FB0000F8
:103F1000A963000810B500204866B1F874000C468B
:103F200020F0FF00401DA1F87400012008670C4834
:103F300088664042C866B1F87400012120F4E06050
:103F400000F58060A4F87400204601F0FBFB01211D
:103F5000204601F07EFB2046BDE8104000F00AB983
:103F60009F860100026F416E8B1AC26E934209DB7D
:103F7000002B03D5002901DD4A424266426E016FE3
:103F8000521A06E0B0F87430DB0502D5914200D138
:103F9000826E426600F0EEB870B50E465548FCF7EA
:103FA000FBF801287ED13046F7F7E6FB05463046A0
:103FB000F7F720FC0446082D17D00D2D72D1F8F725
:103FC000B5FFF8F7F4FF05463046F7F711FC006837
:103FD000132868D0142867D011287ED0122879D1F0
:103FE0002046BDE87040FFF7BDBFF8F79FFFF8F728
:103FF000DEFF042820460CD001F022FB0546DCF74A
:10400000BEF9616C6A5C2E2A31D0814233D1411EE7
:1040100036E0FCF7A3F9F8F77DF800285AD0B4F899
:10402000740000F00F02012A54D9C0F34120022885
:104030000DD00A200021521EFFF732FA226FD3174B
:10404000101A8B4151DB0A212046216703E0206FC3
:10405000012804DD2046BDE8704000F067B80A2062
:104060000021921EFFF71CFA206720463EE0204602
:1040700001F09FF907E031B9E06E002803DA012171
:10408000204601F0EDFAB4F87410626C01F00F03F1
:10409000C1F303155B1E90B2AA4209D911F0F00FCB
:1040A00006D003E016E016E01CE016E0401E80B2E9
:1040B000191AE06E002800DA491C01202067002050
:1040C00006E0226F02EB82025200401C80B222679F
:1040D0008842F6D370BD042DBCD12046BDE87040A7
:1040E00000F00AB8042D3FF47BAF2046BDE87040D5
:1040F00000F028B814B50408026F416E8B18826E68
:10410000934209DC002B03DD002901DA4A424266B2
:10411000426E016F0A4406E0B0F87430DB0502D548
:10412000914200D1C26E426600F024B8016F0A22AB
:1041300091FBF2F1002901DD016701E00122026734
:1041400000F018B8D0E91A21002901DA4B4200E04A
:104150000B469A4201DD114602E0002900DA49428D
:10416000026F02EB820252008A4200DC026700F01A
:1041700001B800002DE9F0418EB00546122108A8D3
:10418000FAF7D2FCE86E002708AC002809DA686E5E
:10419000002801DB2B2000E02D208DF82000641C7E
:1041A00000E001276B6E002B00DC5B4236A20E2183
:1041B00002A8FFF79FFE02A8DCF7E1F895F874105B
:1041C0000DF1080801F00F010E1A002E12DD404615
:1041D000DCF7D5F881B2424601EB060C535C02F8DD
:1041E0000C30491EF8D50020302101E01154401C4C
:1041F000B042FBDBB5F8740010F0F00F04D0C0F350
:1042000003160020414606E000F00F06F9E700BF64
:1042100004F8012B401CB04202DA0A5C002AF7D1F4
:1042200095F8742012F0F00F10D02E2204F8012B14
:1042300003E000BF04F8012B401C95F8742002F045
:104240000F02824202DD0A5C002AF3D108A9284647
:1042500001F0B2FA95F874000A2200F00F00296FFD
:1042600004E000BF91FBF2F1401EC0B20A29F9DA66
:10427000B04201DD401CC0B2C01BC1B2284601F0F3
:10428000EFF90EB0BDE8F0812564000030B50C46B2
:1042900091B002212046FBF77BFB6846F1F7F4F969
:1042A0001548CDE900404FF6FF70ADF840001348C7
:1042B00001680B914268089202F5B470CDE90920BB
:1042C0006846F1F755FA0E48079000204FF4B47590
:1042D0000890CDE909050B4801906846F1F748FAC6
:1042E0002A4600212046F1F749FE4FF48771204607
:1042F000F1F7F5FE11B030BD9573000854010020B0
:10430000BD5601089B730008AFF3008070B51446DA
:104310008288C379A2F57F45FF3D07D07BB3012B8F
:1043200035D90668002206EB83052DE0002213E054
:10433000056805EBC2052E8826F440468E420AD158
:104340002888010429D4400401D5304614E0686867
:104350002060012070BD521C9342E9D825E000BFC7
:1043600035F8120020F4404088420CD135F8121084
:104370000B0412D4490403D500F074F8E8E714E004
:1043800006EB82000FE0521C9342E9D80DE022F4C4
:1043900040438B4209D1110401D5022070BD510464
:1043A00001D51846E8E70068D2E7002070BD00009C
:1043B00070B514468288C379A2F57F45FF3D07D0CA
:1043C0007BB3012B35D90668002206EB83052DE06F
:1043D000002213E0056805EBC2052E8826F440464E
:1043E0008E420AD12888010429D4400401D53046E0
:1043F00014E068682060012070BD521C9342E9D827
:1044000025E000BF35F8120020F4404088420CD16E
:1044100035F812100B0412D4490403D500F022F829
:10442000E8E714E006EB82000FE0521C9342E9D863
:104430000DE022F440438B4209D1110401D5022042
:1044400070BD510401D51846E8E70068D2E70020A6
:1044500070BD0821FAF768BBC07908B10020704729
:10446000012070471CB50022FF21452855D01EDCD5
:10447000302844D00EDC222841D006DC032853D05B
:10448000062851D0202830D135E0252845D02928CC
:104490002BD142E0362832D004DC31283DD03328FD
:1044A00023D13CE0372838D044281ED127E05528B6
:1044B00025D00EDC4E2830D006DC46282DD04728EB
:1044C0001DD04D2811D11AE0522818D053280CD1F4
:1044D00023E0602821D004DC56281ED0572804D1C0
:1044E00020E0612819D06D2802D0009200981CBDF0
:1044F0004FF4807014E0FF221146104602E00022C3
:1045000011461046F3F7EBFB0190BDF80400019053
:10451000BDF80400ADF80000E8E70091E6E70F20E1
:104520000090E3E70248FBE741F6FF70F8E7000080
:1045300018AD040810B50C46E1F7B4FC204000D0DB
:10454000012010BD2DE9F041154D0646154C286897
:1045500018B9002161607021218021884A1C12F461
:10456000404F02D00020BDE8F08162686F398A4276
:104570000AD21F3131F01F0710D03946FAF7EAF995
:104580000028F0D0286067602088401C80B220801E
:10459000296821B1014401F8716CE4E7FEE7FEE708
:1045A00034C10120480000202DE9F0410F468188E8
:1045B0000446A1F57F40FF3853D0E07900284BD066
:1045C000012804D02668002106EB800547E021F48D
:1045D0004040B84245D10020A080E0713BE000BFE0
:1045E00035F8112022F44042BA4237D1022811D0C6
:1045F000401E00EB40004000FAF7FCF8010030D00C
:104600002160E079401EC0B2E07101EB8003002020
:10461000024619E00120E07121B12888A0803068AD
:10462000206015E06888A0807068F9E735F810C050
:10463000BC4508D056F820E041F822E035F810C01B
:1046400023F812C0521C401C94F807C08445EDD2D8
:104650003046FAF75BF90120BDE8F081491C884239
:10466000BED80020F8E710B504468088A0F57F4149
:10467000FF390BD0E079012802D92068FAF746F912
:104680002046BDE810400821FAF74EBA10BD0A4690
:10469000652100F0D7B803B482B0BDF80C10ADF8B6
:1046A0000010009A522104B000F0CCB80A46512103
:1046B00000F0C8B80A46502100F0C4B803B482B074
:1046C000BDF80C10ADF80010009A202104B000F0E5
:1046D000B9B803B482B0BDF80C10ADF80010009A60
:1046E000222104B000F0AEB80A46282100F0AAB892
:1046F0000A46212100F0A6B803B482B0BDF80C1020
:10470000ADF80010009A302104B000F09BB80A46C2
:10471000312100F097B80A46342100F093B80A46D8
:10472000332100F08FB80A46322100F08BB80A46D8
:10473000172100F087B80A46622100F083B80A46C4
:10474000632100F07FB80A46042100F07BB803B46F
:1047500082B0BDF80C10ADF80010009A4D2104B0E5
:1047600000F070B80A46492100F06CB80A460621EC
:1047700000F068B80A46032100F064B803B482B0C0
:10478000BDF80C10ADF80010009A362104B000F00E
:1047900059B80A46372100F055B80A46382100F0CA
:1047A00051B80A46352100F04DB870B50C460546A3
:1047B00000F02CF82146284600F02CF82146284627
:1047C00000F030F821462846BDE87040AFF3008085
:1047D0000A46112100F036B80A46152100F032B819
:1047E00070B50C46054600F019F821462846BDE88C
:1047F0007040FFF7F1BF70B50C46054600F006F8B3
:1048000021462846BDE8704000F004B80A4612214F
:1048100000F018B80A46132100F014B80A46142113
:1048200000F010B80A46102100F00CB870B50C4624
:104830000546FFF7F7FF21462846BDE87040FFF721
:10484000C7BF0000014B00F007B800005148020844
:1048500010801960704700002DE9F04704468088F9
:104860008946A0F57F411D46FF3969D0E17929F4D9
:10487000404617464FF00108012937D922680846FB
:1048800002EB81030CE000BF33F810C02CF4404C65
:10489000B44505D102EB800103EB40020B462CE04E
:1048A000401EF1D5491C01EB410041001046FAF7CA
:1048B00051F8010044D02160E07901EB800205E06D
:1048C00002EB400C32F81030ACF80430401EF7D543
:1048D000E079401CC0B201EB800303EB4002191FDA
:1048E000E0710B4639464846921E20E02AD120F45A
:1048F0004040B04207D12346221D39464846AC46C7
:10490000BDE8F04760470C20F9F774FF002817D086
:1049100021682060E279521CD2B2E27100EB82027F
:10492000A38822F8023B031D016039464846A84788
:104930003046E1F7B0FAA17908FA00F21143A1710B
:10494000BDE8F08784F807802346221DEDE70A467C
:104950000B21FFF777BF03B482B0BDF80C10ADF8A0
:104960000010009A442104B0FFF76CBF0A464221B0
:10497000FFF768BF0A464521FFF764BF0A46432197
:10498000FFF760BF0A464021FFF75CBF70B50C46D9
:10499000054600F029F821462846BDE87040FFF79B
:1049A000D2BE0A465B21FFF74DBF03B482B0BDF80B
:1049B0000C10ADF80010009A552104B0FFF742BF6B
:1049C0000A465721FFF73EBF0A465921FFF73ABF73
:1049D0000A466A21FFF736BF0A466921FFF732BF50
:1049E0000A466721FFF72EBF0A460121FFF72ABFBB
:1049F0002DE9F0470F46DDE908891E4615460446B5
:104A00001421FAF791F8276005B9044DC4F8049011
:104A1000083484E86001BDE8F087000023570108EE
:104A20004162FDF71DB900684FF0FF314162FDF7AB
:104A300017B910B54FF0FF300C46486210212046E0
:104A4000FAF7A6FF08212046FAF7B8FB2046BDE892
:104A500010404FF48061FAF7B1BB08460021F0F72F
:104A6000CBBD00002DE9F04789463548FBF794FBA4
:104A700001285CD14846F6F77FFE04464846F6F723
:104A8000B9FE8046132C08D01C2C52D0152C4ED1C8
:104A90004846BDE8F047E8F779BC4FF44035294671
:104AA000FCF708FB074629464046FCF751FB064643
:104AB00029464046FCF7ACFB044629464046FCF735
:104AC00093FAB74201DD394600E03146A04201DDEC
:104AD000024600E02246914205DDB74201DD38463C
:104AE00004E0304602E0A04200DC2046841C294657
:104AF0004046FAF717FE204405B24846F6F778FE1E
:104B00000446B0F90000A84200DD054625804FF4B8
:104B1000003529464046FAF705FE0146B4F9000083
:104B2000814203DB29464046FAF7FCFD2080BDE8C0
:104B3000F08700F007F84046BDE8F047FDF790B871
:104B4000C4AE0408F0B591B0064600216522FCF71A
:104B50007DFB07002DD03046FCF7F8F8746A00F0B2
:104B60000100611C4FF4807501D038B905E008B12F
:104B7000002403E02C46002503E00025601B0028EC
:104B800001DD601B00E0281B7843070A0021304646
:104B9000F0F732FD6846F0F777FD07480894CDE955
:104BA00000600648039009A9684681E8B000F0F764
:104BB000DFFD11B0F0BD0000214A0208274A0208BB
:104BC00010B501208884C8840C460220F9F712FE33
:104BD0002063E08C4000F9F70DFEE062216B82203B
:104BE0000880E16A0880E08CA18C48438100A06ABB
:104BF000F9F7B0FE0021A062016010BD70B500257C
:104C00000C462E4615E000BF50F8250078B14068EC
:104C100028B1F9F77BFEA06A50F825004660A06A2B
:104C200050F82500F9F772FEA06A40F825606D1C67
:104C3000ADB2A08CE18C4843A842A06AE4DC08B184
:104C4000F9F764FEE06A08B1F9F760FE206B00280E
:104C500003D0BDE87040F9F759BE70BD2DE9FC41A5
:104C60000F466E48FBF798FA012843D13846F6F70D
:104C700083FD05463846F6F7BDFD04462A2D14D0BF
:104C80002C2D17D0012D37D0022D35D04FF6FF76C1
:104C9000082D49D00E2D66D00D2D68D0152D29D1A7
:104CA0003846BDE8FC41E8F721BCBDE8FC410021E5
:104CB00005F006BA3846F6F79BFD0346002001468C
:104CC000A28C05E0256B35F81150491C284400B230
:104CD0008A42F7D800210A46E58C05E0E66A36F8F4
:104CE0001260521C314409B29542F7D8401E188018
:104CF000491E5980BDE8FC8101AA6946EDF7AFFB6A
:104D00000128F7D1A18EBDF80400814204D1E18EC3
:104D1000BDF800209142EDD0A086BDF800102046DD
:104D2000E186FCF79DFFE5E7FCF79AFFF8F7FEF850
:104D3000F8F731F9A18EB1420AD0E18EB14207D025
:104D400030B900221C212046F6F758FD0128D1D1A8
:104D5000F8F7ECF8F8F72BF9012801D00328C9D1AE
:104D6000A686E686C6E7BDE8FC41FCF779BF384673
:104D7000F6F73EFDA18E0568E08E0F468446B142EF
:104D800001D0B04207D10020A086E086204605F081
:104D90005CFD2046E7E7A38C8B4200DC0021E28C1F
:104DA000824200DC0020142D0ED0132D0ED0112DC8
:104DB0000ED0122D9ED1401C8B420DDC511E814223
:104DC00008DD0021401C0EE0491EF5E7491CF3E711
:104DD000401EF1E7591E06E0002904DA10B1591E01
:104DE000401E00E00021824201DC501E02E000284B
:104DF00000DA00208F4201D1844594D0A186E0865C
:104E00002046FCF72DFF204605F01FFD02B020468E
:104E1000BDE8F04100221C21F6F7F0BCE0AE04082A
:104E20002DE9F0414A4E0C46307881F82C000128DB
:104E300049D0022849D0042802D0082806D101E030
:104E4000012100E009212046FDF7F6FE42F264054B
:104E500029462A462046FDF7EDFF2046F1F792FC51
:104E600007462046FAF724FE804601213846F2F72D
:104E7000A1F80420F9F7BEFC36A160620160384653
:104E8000616AF1F7C5FF00231C2233493846FAF75F
:104E900049F94FF480413846FAF790F900231A4651
:104EA0002E494046FAF73EF900214046FDF7AEFF95
:104EB00094F82C00012815D0022813D0042806D01D
:104EC00008281DD103E00021BDE70821BBE7B6F9A2
:104ED000022029463846FDF7ADFF29464046FEF739
:104EE0000EF909E02A46B6F902103846FDF7A2FF8E
:104EF00029464046FDF7BCFE01214046FDF7ACFEC9
:104F0000F7F702F910B13946F7F750F894F82C008A
:104F100010F00C0F08D000214046FDF78DFE032154
:104F20004046FDF75DFF07E001214046FDF784FEA6
:104F300003214046FDF75FFF80214046FAF73EF926
:104F40004046BDE8F0414FF48061FAF721BD000012
:104F50005C010020000000000F7C0008B98A0008F6
:104F600070B591F82C000C4610F00C0F4FF00006B5
:104F70000DD0002508E0606A50F82500F9F7C6FC5E
:104F8000606A40F825606D1C208DA842F3D894F823
:104F90002C0080070DD0002508E0606A50F835002D
:104FA000F9F7B4FC606A40F835606D1C208DA842AA
:104FB000F3D8606AF9F7AAFC666270BD70B50C465A
:104FC0000A48FBF7E9F801280ED12046F6F7D4FB92
:104FD00005462046F6F70EFC292D05D1418DBDE88A
:104FE0007040002200F00AB870BD00004CB5040803
:104FF0000121FBF7E7B80021FBF7E4B82DE9F04702
:105000000646408C91460C46C00447D4308DA042E1
:1050100000D8441E3046FEF7E9F83046FFF7E8FFB7
:1050200005003BD096F82C004FF0000110F00C0F5B
:1050300028461CD01522FCF709F907B22846FBF7D1
:105040003FF9804600213046FBF7C9FE012804D015
:1050500007EB0800604301B204E0604207EB08017F
:10506000414309B24A462846FDF774FD0DE014227B
:10507000FCF7ECF807462846FBF708F9384460438C
:1050800001B24A462846FDF77BFD3046FFF7B3FFE5
:10509000A1B24FF48072F1F761FE7485BDE8F0872C
:1050A0002DE9F343044690F8600083B001070498AB
:1050B00003D50A2830D00D282ED00027CDE90007CF
:1050C000E94649462046EEF7F7FC012824D1DFF8EF
:1050D000CC80002104A8D8F8002090470646A16B98
:1050E0002046254639B100F0ABFA2D4909688847BA
:1050F000A96B884210D2686B88B1007878B10297AA
:10510000474604E03A6802A99047B04207D0686B6E
:105110000299415C0029F5D105B0BDE8F08394F80F
:105120006000400702D5204604F088FAA06A38B132
:10513000606AF8F7C4FC007810B92046FCF790FDCF
:105140004A46616C606AF8F7C1FC204600F098F8A6
:1051500094F86000400714D5E06ADBF710F90546C3
:105160004846DBF70CF92918491CE06AF9F7F2FB0D
:10517000E06288B14A46616CE0F77AFF2046E2F7C8
:1051800087FA616C2046491C00F06AFA00221C2153
:105190002046F6F733FBBFE7FEE70000540000208F
:1051A00060C10120F8B50D00044609D094F86000F4
:1051B000400702D5204604F041FA606B18B900E0C0
:1051C000FEE7A06B98B100202A4E2B4F009009E01B
:1051D0003268694628469047396888470146204624
:1051E000FFF75EFF0098285C0028F1D1F8BD294642
:1051F0002046EEF761FC0128F8D1A06A38B1606A58
:10520000F8F75DFC007810B92046FCF729FD2A4626
:10521000616C606AF8F75AFC204600F031F894F8A7
:105220006000400714D5E06ADBF7A9F80646284677
:10523000DBF7A5F83118491CE06AF9F78BFBE0624F
:10524000B0B12A46616CE0F713FF2046E2F720FA7E
:105250000A492846666C096888473118204600F0DC
:10526000FFF92046BDE8F84000221C21F6F7C6BA37
:10527000FEE70000540000205C00002060C1012017
:1052800070B50446406AF8F71EFC4FF6FF75A84259
:1052900004D1606AF8F715FCA84209D02946606A73
:1052A000F9F75AF82946606ABDE87040F9F751B835
:1052B00070BD000010B591F860000C4620F00400AD
:1052C00081F860000020C862086340F2DC51A187C9
:1052D0006063A06394F8541041F0010184F8541005
:1052E0000121616494F8541041F0020184F85410D3
:1052F000A4F8400094F8601021F00A0184F86010CE
:105300006062A0622046F8F73FF960626420FDF712
:10531000C9FF0146606AFDF7F2FE0CA1606AF8F76A
:10532000B9FF00231A460A49606AF9F7FBFE4FF4F9
:1053300080612046F9F742FF0021204600F090F9F5
:105340002046BDE8104005F00DBD00000000000043
:10535000014E010838B50446416C406A6A46F8F7C8
:10536000C3FA00212046FCF73DF8054600212046FF
:10537000FCF705F80089BDF802106D1C08442844AC
:10538000ADF80200B4F84000ADF80000606AFAF72A
:10539000EAFFBDF9021088420ADD6946606AF8F743
:1053A000A5F90146204634F8405F00F059F9258000
:1053B00038BD416C002902D0491E00F051B9704738
:1053C000416C491C00F04CB938B50446416C406A48
:1053D0006A46F8F789FA00212046FCF703F80546EB
:1053E00000212046FBF7CBFF0189BDF802002944CC
:1053F000401A401CADF80200B4F84000ADF80000BF
:105400006946606AF8F772F90146B4F840502046E0
:1054100000F026F9A4F8405038BD000038B5044625
:10542000406C00283FD021A06946006800902046CB
:10543000EEF742FB012836D1606AF8F740FB616C59
:1054400005460122491EE0F75BFD2946606AF8F730
:1054500021FF2046FFF714FFA06A38B1606AF8F711
:105460002EFB007810B92046FCF7FAFB94F8600098
:1054700040070ED5616C0122491EE06AE0F740FD4D
:10548000E06ADAF77CFF411CE06AF9F763FAE06250
:1054900050B1616C2046491E00F0E2F800221C2148
:1054A0002046F6F7ABF938BDFEE700007F000000AC
:1054B00070B5456C0446691C00F0D2F8606CA842D7
:1054C00004D02046BDE87040FFF7A8BF70BD70B59E
:1054D000C86A0C46002510B1F9F718FAE562206B8E
:1054E00010B1F9F713FA2563A06A002802D0F9F782
:1054F0000DFAA56270BD000070B50E463F48FAF780
:105500004BFE012878D13046F6F736F9044630468E
:10551000F6F770F905460E2C12D00D2C14D0012C84
:1055200060D0022C5ED0032C5CD0082C5AD0152CF5
:105530005DD0182C60D13046BDE87040E5F71EBC48
:10554000BDE8704005F00EBC3046F6F751F9016831
:10555000132910D0142913D0112916D0122919D0CB
:1055600008291CD07F291FD0022922D0032922D04C
:105570000A2927D031E02846BDE87040FFF720BF58
:105580002846BDE87040FFF714BF2846BDE87040CC
:10559000FFF71ABF2846BDE87040FFF7DBBE28467C
:1055A000BDE87040FFF73ABF2846BDE87040FFF7FE
:1055B0007FBF002101E047F6FF712846BDE870403B
:1055C00000F04EB8284600F01DF830B12846BDE87E
:1055D000704000221F21F6F711B92846BDE870403F
:1055E000FFF75EBD3046BDE8704008F05BB930465D
:1055F000BDE87040E8F78ABB70BD0000FCAE04084F
:10560000406C704790F86000C0F3C0007047000025
:105610001FB5016B11B1084604B010BD0021FBF7A6
:10562000AEFE002342F222026946F6F754F908B1B1
:1056300001A0F1E701A0EFE7E280A2002A0000004C
:1056400090F86010490702D4406AF8F738BAC06A87
:10565000704710F8542F61F3410202707047000048
:10566000F8B50546406C0C46A04267D0686AF8F76A
:1056700026FA334909688847002C00DA044484423A
:1056800003DCA4F5FE41FF3900D1044628466C64D2
:10569000FDF7ACFD00212846FBF771FE06466A4681
:1056A0002146686AF8F720F9B6F908402846FAF763
:1056B000EDFFBDF90210884203DD01222846FDF707
:1056C0005FFA2846FAF7E2FD06462846FAF7DEFFBB
:1056D000BDF902100A19101AB04206DD881B2044D9
:1056E00001B201222846FDF74BFA2846FAF702FFDD
:1056F000BDF90010884203DD01222846FDF72AFA91
:105700002846FAF7DDFD06462846FAF7F3FEBDF90E
:1057100000100A19101AB04206DD881B204401B29D
:1057200001222846FDF716FABDF800102846A5F814
:10573000401005F017FB284604F04AF9F8BD0000B8
:1057400060C101202DE9F041044690F860000D464B
:10575000C0F3C001A9422DD065F3C30084F86000F6
:1057600042F2D1782DB147466420FDF79BFD0646F5
:1057700004E06420FDF796FD074600263946606A7E
:10578000FDF7BDFC00223146606AFDF789FC25B1BA
:1057900041462046FDF76CFA04E000220421204631
:1057A000FCF7E2FF2046BDE8F04100231A46194607
:1057B000FDF7A5B9BDE8F081F8B50D00044606D0A7
:1057C000FFF75EFD606B47F6FF7618B900E0FEE775
:1057D000A06B10B327A1606AF8F75CFD3146204644
:1057E000FFF73EFF94F8600041074FF0000001D53D
:1057F000E16A0870204E214F009009E03268694646
:10580000284690473968884701462046FFF748FCFC
:105810000098285C0028F1D107E02946606AF8F773
:1058200039FD31462046FFF71BFFA06A38B1606A98
:10583000F8F745F9007810B92046FCF711FA94F80A
:10584000600040070ED52846DAF799FD411CE06A52
:10585000F9F780F8E06260B12946DAF7A5FD204645
:10586000E1F716FF2046BDE8F84000221C21F5F7BD
:10587000C5BFFEE700000000540000205C000020CF
:1058800070B5044600F081F805000AD02046054AAC
:105890000021FCF798FF21462846BDE87040E1F75B
:1058A00069BD70BDFFFF0F0000B500F059F800287A
:1058B00000D0014800BD0000C00501202DE9FF47D0
:1058C000994607460C9E00F04BF8214D40B9002048
:1058D00028704FF41270F8F78DFF1E490860E860D9
:1058E000F2F7AAFEF2F7C0FE4FF00108B0F5A07F74
:1058F00001DC032007E0F2F79FFEF2F7B5FEB0F5FA
:10590000347F02DA0220687001E085F80180124CD1
:10591000A4F12800E760BDF804100187BDF8081065
:10592000418766610D48A6612060C4E9076905F0FA
:1059300049FA27B13846F2F7D7FEA04202D100203B
:10594000FCF7C0FF85F8008004B00348BDE8F0878D
:10595000C8C1012028C10120C005012061C302087F
:1059600002480068002800D00120704728C10120AB
:1059700008B500F00AF808B1006902E01120FDF74F
:1059800081FC0090BDF8000008BD10B510B1FAF719
:10599000B7FC01E0F2F750FEBDE81040F2F7A4BEFC
:1059A00010B5044600F002F8001B10BD03490122A7
:1059B00048680A700B78002BFBD0704778C1012033
:1059C000034900220A704A6810444860704700008A
:1059D00078C1012010B50C4642F264010A46204607
:1059E000FDF728FA00231A4608492046F9F79AFBE2
:1059F00080212046F9F7E2FB03212046FDF7F0F96C
:105A00002046BDE810400321FDF7F5B9F1D00208AA
:105A10002DE9F0410D460846FAF7E6FC064642F24B
:105A200064010A462846FDF705FA2846FDF7DEFB25
:105A30003046FAF72BFC0E4C2189484307B230461A
:105A4000FAF73EFCA1883A46484301B22846FDF7E2
:105A5000AFF9217885F82410D4E90102104304D16C
:105A60003046BDE8F041FDF7AEB9BDE8F081000079
:105A7000600100202DE9F041074615460E460B480F
:105A8000DFF762FF040010D0A7604FF0FF30266000
:105A9000206100206061FFF789FFE56004496060D4
:105AA000012008712046BDE8F081FEE79C0200203D
:105AB00048C1012010B5044601460548DFF7BAFF8A
:105AC00004490120C8702046BDE81040F8F71EBF09
:105AD0009C02002048C101202DE9F047494CA078E4
:105AE00010B10120BDE8F0870120A07020780026C9
:105AF00028B1FFF75BFF5FEA000902D007E0A6705C
:105B0000EFE72069401C2061642800D926613E4DE2
:105B10004FEA060884F8038084F804803B48DFF7E6
:105B2000EEFE286037E03948DFF7FBFE2E680746B7
:105B3000307DC0072ED18246304600F078F888B913
:105B40003069B0F1000A01DD401E3061FFF72EFF21
:105B50007060B16821B1BAF1000F01D030468847BA
:105B60004FF0010AE07820B9306910B93046FFF7EC
:105B7000A1FFBAF1000F0DD02079E178084309D0D8
:105B800028680028C6D100BF4FF0FF351F48DFF757
:105B9000B6FE11E02F6029680029C4D1F4E7307DFA
:105BA000C00705D1304600F042F8A84200D20546B1
:105BB00031461648DFF7B5FE0600F0D14846FFF73C
:105BC000EFFEE1680844E060A068FFF7E9FEB0F589
:105BD000FA7F13D3E16864225143B1FBF0F0C0B205
:105BE0006070642801D9002001E0C0F16400607099
:105BF0002646C4F80C80FFF7D9FEB06084F8028016
:105C000028466FE748C1012024C101209C020020E2
:105C100001214161704710B50446FFF7C7FE2168B6
:105C2000401A401E606010BD00214161704710B5F0
:105C300004464068FFF7B4FE2168814201D8002085
:105C400010BD081A10BD70B50346083A0C4602F0A4
:105C50000300111AA00705D1A1F10C004FF6F5724F
:105C6000904201D3002070BD2078251F00F0030072
:105C7000084320F0020040F0010121602946184647
:105C8000E1F745FE2846E1F777FE01790221416000
:105C9000204670BD70B5810701D0002070BD002383
:105CA0008060C0E90303194600EB810200EBC114D8
:105CB0005361002204EB8206521CF063202AF9DBB8
:105CC000491C0A29F0DB70BD70B50C460546FFF78C
:105CD000E1FF0646A4F23C5205F23C51FFF7B3FF48
:105CE000304670BD2DE9F041002611B30839054654
:105CF0004E680C46F00700D0FEE70846E1F792FE3A
:105D00002179284689070CD52768AFB13979C907A9
:105D100013D03946E1F7EEFE21463846E1F7DCFDC7
:105D2000044621462846E1F797FE01462846E1F75A
:105D3000EEFD3046BDE8F081FEE7FEE770B50A46AD
:105D4000054604211046E1F7EDF8044601462846D1
:105D5000E1F718FE014622462846BDE87040E1F70B
:105D6000A1BE2DE9F05F90460C0081464FF0000582
:105D700022D0B8F1000F1BD0A4F108052846E1F7A6
:105D800086FE82466868042120F00307DAF80400E2
:105D900020F00300384400F1040B4046E1F7C2F85C
:105DA0000646B84500D966B12879C0070CD0FEE791
:105DB0004846FFF797FF44E01146FFF7BFFF05464F
:105DC0003FE00020BDE8F09FBE4216D99AF80400DB
:105DD000C00701D05E4510D941464846FFF7AEFFE7
:105DE00005002ED04046474500D307463A46214697
:105DF0002846F8F7C7FD2146DAE7BE4206D929460C
:105E00004846E1F729FE2846E1F719FE28794F4672
:105E1000C00700D0FEE731462846E1F76EFD78B1B5
:105E200031462846E1F777FE0146406820F002003F
:105E300048603846E1F710FE01463846E1F767FD55
:105E400025462846BEE75A3000B200F005B85A3061
:105E500000B200F001B800004FF4B47190FBF1F211
:105E600001FB1200002802DA00F5B47000B20E49FE
:105E70005A2802DA31F910007047A0F15A025A2A62
:105E800003D2C0F1B40000B2F4E7A0F1B4025A2A80
:105E900001D210B202E0C0F5B47000B231F81000C7
:105EA000404200B270470000847504082DE9FF4F9E
:105EB00083B05FEA0009119F7BD099F800000028A9
:105EC00077D00498002871D01098800702D541F649
:105ED000FF70069000243F4A009401945268A34644
:105EE000254626464FF0FF38694648469047824689
:105EF0000098019050E0374A01A9484652689047FF
:105F000083461098761CC00704D051461298E0F7DB
:105F1000D9F898BB5A4651460498F5F783FD00B26C
:105F200029180DB2002802DD0598284405B2B8F101
:105F3000FF3F05D10598291A0698814200DDA04649
:105F40005046BAF10A0F1AD0BAF10D0F17D0014618
:105F5000A0F59C4045F2A512904210D9002005E022
:105F60001DA2125C8A420AD0401CC0B21AA2125C66
:105F7000002AF5D117B1B8F1FF3F08D008E024B9E5
:105F8000B8F1FF3F01D107B13D60761E08E03D60EA
:105F9000DDE90040DA46009019F804000028AAD193
:105FA000B8F1FF3F06D0139870B1404607B0BDE886
:105FB000F08F0CE02EB1BAF10D0F03D1BBF10A0F37
:105FC00000D1009C2046F1E70FB10020386000208E
:105FD000ECE7000050000020202C2E3B3A2D5F0003
:105FE0002DE9FF4F83B004464FF00000DDF848A0D4
:105FF000DDF84090208093460F00608049D0BBF1CF
:10600000000F46D05FEA8A7002D541F6FF7011900A
:106010000025A846BBF8086025E00020CDE9000A6D
:10602000781902905946119B069ADFF7A1FF804428
:10603000B4F9020006EB09010144B1F5004F28D282
:10604000304448446080A8EB0501CDF800A05A46D2
:10605000069B029800F022F8B4F90010814200DBA0
:10606000084620804546785D0028D6D15DB1781974
:1060700010F8010C0A2801D00D2804D1618806EB24
:10608000090008446080B4F9020028B1A0EB0900BF
:10609000608007B0BDE8F08F6680FAE72DE9FF4722
:1060A0001E46DDF8309090460D4607000CD0B8F142
:1060B000000F09D03878002807D00020044602904D
:1060C0008DF80C00EDB923E0002004B0BDE8F087A6
:1060D00002AB01AA69463846DFF732FF5FEAC970B2
:1060E00004D003A80099DFF7EDFF50B9DDE90012F5
:1060F0004046F5F797FC00B2002802DD204430440A
:1061000004B20298A842E3D3002C01DDA01B04B224
:106110002046DAE710B50146802825D3002301F098
:106120003F0242F08002B1F5006F0AD2C0F3841141
:1061300041F0C00161F3070062F30F2063F31740E1
:1061400010E0C1F3851444F08004B1F5803F0CD217
:10615000C0F3033141F0E00161F3070064F30F2065
:1061600062F3174063F31F6010BDB1F5881F10D2B2
:10617000C1F3824343F0F003C1F3053163F3070039
:1061800041F0800161F30F2064F3174062F31F6058
:1061900010BD002010BD00002DE9F04100240F4685
:1061A00006462546DFF8248007E0D8F800103019AD
:1061B000884700B9012004446D1CBD4202D2305D05
:1061C0000028F2D12046BDE8F081000050000020F8
:1061D000F8B5074600200D460446064E009004E040
:1061E0007268694638469047641C0098A842F7D305
:1061F0002046F8BD50000020F8B500240546074EA3
:10620000009404E07268694628469047641C009830
:10621000285C0028F6D12046F8BD00005000002080
:1062200078B500250446009501B969460A68A05C66
:10623000030601D4054634E006260223B6EB501FC0
:1062400006D1C006400D24E004F03F031D1828E0ED
:106250000E26B6EB101F02D10007000C0FE01E2621
:10626000B6EBD00F1DD1521C0A604007A55CC00AD6
:10627000B3EB951F13D105F03F0500EB0530521C21
:106280000A60A55CB3EB951F09D105F03F0500EB53
:106290008510521C0A60A45CB3EB941FD4D000207C
:1062A00078BD521C28460A6078BD0000F8B5074644
:1062B00008680025401E0C460D4E086001E0042DC4
:1062C00013D2206831683844884718B9216861B111
:1062D000491E21606D1CEDB20028F0D020680090AE
:1062E0007268694638469047F8BD0020F8BD000046
:1062F000500000200078010601D4012070470621DB
:10630000B1EB501F01D1022070470E21B1EB101FDD
:1063100001D1032070471E21B1EBD00F01D1042021
:10632000704700207047000008B5009313460A46E6
:1063300001460248E0F7CCFB08BD0000A963000855
:1063400070B50D460846FAF74FF80646FAF70BF80F
:1063500004463046FBF74DF9014622462846FCF735
:1063600069FD01212846FCF767FC2846F9F7A0FBE8
:106370000446104842F264063146B0F90020204637
:10638000FCF758FD00212046FCF756FC02231A4674
:1063900000212046FCF734FC2846F9F789FB044627
:1063A0000121FCF759FC31462046BDE87040FCF75E
:1063B000A6BE0000C4C10120F6F714FFFDF736F8B1
:1063C000FDF758F8DDF784F904F0A4FCC8244FF475
:1063D0007A7500BFFFF780FB58B11E2800D91E2038
:1063E000A0FB04012A460023D9F74CFF07F0B8FCB4
:1063F000F0E70120F4E700000EB5DBF7A3FADDF7C4
:10640000FBFAE3F7A9F8DDF7B7F94FF4E1342046DA
:1064100007F0AEF9204607F017FADDF733FA4948DE
:10642000DCF72EF848A0DEF783FA51A0DEF780FAF9
:1064300045A0DEF77DFA4FF49660E3F7A5F8E1F7A3
:1064400079F9EDF793FFEFF779F801F059FEEEF7E0
:10645000E5FDE1F7D7F902F0A7F908F049F8EEF702
:10646000B5F908B14DA018E002AA01A96846EEF7F7
:10647000F1FA00282ED04FA0DEF75AFA57A158A003
:10648000EEF704FC002837D05AA0DEF751FA60A1DD
:1064900061A0EEF7FBFB10B164A0DEF749FA00F053
:1064A00077FE00244FF47A75611C68A0DEF740FA8D
:1064B0006D4A6E496E4800F0CBFC04F1010100B357
:1064C0006CA0DEF735FA2846E3F75EF8641C052C6D
:1064D000EADB22E09DF808209DF804109DF80000FA
:1064E00001F09AFB9DF808309DF804209DF80010FB
:1064F00069A0DEF71DFAC1E7ECF7DCF9EEF780FBE7
:10650000C5E76DA0DEF714FA0122002173A001F0A7
:1065100051F84FF49670E3F737F8E2F7E7FE4FF4DF
:106520001650E1F735FB07F07FFF77A0DEF700FAA2
:1065300002F09EF8EEF7BAFDEBF7E6F907F00CFE75
:10654000FEE70000F8C101203D3D3D3D3D3D3D3DA4
:106550003D3D3D3D3D3D3D3D3D3D3D3D3D3D3D3D6B
:106560003D3D3D3D3D3D3D3D3D3D3D3D3D0D0A00FB
:106570002020202020202053544D33324634303701
:106580005A47543620E7B3BBE7BB9FE590AFE58A97
:10659000A820202020202020200D0A004C36313059
:1065A0003A206D6F64656D20696E6974206661695B
:1065B0006C0D0A004C3631303A2043434C4B3F209F
:1065C0007061727365206661696C20286B65657007
:1065D00020303A303A30290D0A00000038300000EF
:1065E0006170692E73656E6976657273652E636F6F
:1065F0006D0000004C3631303A2077656174686573
:10660000722054435020736B69700D0A0000000023
:1066100031383833000000006D717474732E686572
:10662000636C6F7564732E636F6D00004C36313090
:106630003A204F6E654E455420544350206F70658C
:106640006E206661696C0D0A000000004D515454C3
:1066500020E7ACAC20256420E6ACA1E8BF9EE68E26
:10666000A52E2E2E0D0A000064CC012000CC0120A6
:106670009CCB01204D51545420E7ACAC2025642024
:10668000E6ACA1E8BF9EE68EA5E5A4B1E8B4A52ED0
:106690002E2E0D0A000000004C3631303A204343C4
:1066A0004C4B20686D7320253032753A2530327599
:1066B0003A253032750D0A004D51545420E7ACACE8
:1066C00020256420E6ACA1E8BF9EE68EA5E6889072
:1066D000E58A9FEFBC810D0A0000000024737973E6
:1066E0002F337A79687631794E524C2F6D79686FF5
:1066F0006D652F7468696E672F70726F7065727444
:10670000792F73657400000068656C6C6F20776F7B
:10671000726C64210D0A00002DE9F0414FF4807481
:106720000E4607462246F0F70DFB05462146384641
:10673000F0F706F8002D06D0224631463846BDE86F
:10674000F041F0F70BBBBDE8F08100002DE9FF4FF1
:106750001D468A880B888BB0D21A521C17B2CA8881
:1067600049880446511A491C1C98DDF868A00FFAA4
:1067700081F9012805D0022805D003284DD14F48C2
:1067800002E04F4800E04F4880465FEA0A00208858
:10679000ADF804002888ADF8080005D09AF800008C
:1067A000FD283DD319983EE0DDE901104346199AD2
:1067B0009847009000202DE0002621E0BDF8080059
:1067C00035F81610884205D1BDF8040034F81610CB
:1067D00088420FD004EB460043460088ADF8040021
:1067E00005EB4600199A0088ADF80800DDE90110B4
:1067F0009847009004EB4600BDF800100180761C1D
:10680000BE42DBDB0D9804EB4004189805EB400515
:106810000AF1010082464845CEDB0FB0BDE8F08F9B
:1068200019994843000A02460090DDE901104346E9
:106830009847099000203DE000262FE01AF8060056
:1068400058B3FD2801D3199802E019994843000A6A
:10685000BDF8081035F81620914208D1BDF8041093
:1068600034F81620914202D10099814210D004EBF5
:10687000460102460988ADF8041005EB460143467F
:106880000988ADF808100090DDE9011098470990DB
:1068900004EB4600BDF824100180761CBE42CDDB1F
:1068A0000D9804EB4004189805EB40051B988244B2
:1068B0000BF1010083464845BEDBAEE7DF890008E7
:1068C0006B890008458A00082DE9FF4F06468A8833
:1068D00008888BB0101A401C07B2CA884888DDE9C6
:1068E00019BA101A401C0FFA80F85FEA0A001D4618
:1068F000584605D0FD287CD9A7F1040B002027E1DC
:10690000FD2813D300247F000BE03A462946304689
:10691000F8F738F80D98641C06EB4006189805EB5C
:1069200040054445F1DB0FB0BDE8F08F002021E0C9
:10693000002415E006EB440A5A46BAF80000ADF808
:10694000180005EB44000088ADF81400DDE90501EE
:10695000F1F758FA0590BDF81410AAF80010641C5D
:10696000BC42E7DB0D9806EB4006189805EB4005A6
:1069700009F1010081464045DADBD4E7D146002425
:106980001CE000BF99F80020AAB1FF2A06EB4400E2
:106990001AD009900088ADF8200005EB440000886B
:1069A000ADF81C00DDE90701F1F72CFA0690BDF8FF
:1069B00018100998018009F10109641CBC427CDAB5
:1069C0005FEA8970DED178E005EB44010988F1E7E0
:1069D000D9F80000F0B3401C74D099F80020BAB187
:1069E000FF2A06EB44007AD009900088ADF8200019
:1069F00000E0B6E005EB44000088ADF81C00DDE9DE
:106A00000701F1F7FFF90690BDF818100998018009
:106A100009F10100059099F80120AAB1FF2A06EBBF
:106A2000440060D009904088ADF8200005EB440098
:106A30004088ADF81C00DDE90701F1F7E3F90690A5
:106A4000BDF81810099841800598401C05900278FF
:106A5000BAB100E02EE0FF2A06EB440047D00990CF
:106A60008088ADF8200005EB44008088ADF81C005C
:106A7000DDE90701F1F7C6F90690BDF8181009988D
:106A8000818005984278AAB1FF2A06EB440032D0F3
:106A90000590C088ADF8200005EB4400C088ADF833
:106AA0001C00DDE90701F1F7ADF90690BDF81810FB
:106AB0000598C18009F10409241D5C4588DB3BE091
:106AC00000E00CE005EB440006EB440102880A807C
:106AD00042884A8082888A80C088C880EAE705EBBD
:106AE0004401098893E705EB44014988ABE705EBCE
:106AF00044018988C4E705EB4401C988D9E700BF90
:106B000099F80020AAB1FF2A06EB440025D009908D
:106B10000088ADF8200005EB44000088ADF81C00AB
:106B2000DDE90701F1F76EF90690BDF81810099834
:106B3000018009F10109641CBC42E1DB0D981B993D
:106B400006EB400618988A4405EB40050198401C66
:106B500001904045FFF612AFE5E605EB44010988D8
:106B6000E6E700202DE000241FE000BF1AF8040033
:106B7000D0B1FD2801D35A4602E000FB0BF0020A17
:106B800006EB440003900088ADF8180005EB4400C4
:106B90000088ADF81400DDE90501F1F733F905903F
:106BA0000398BDF814100180641CBC42DEDB0D9814
:106BB0001B9906EB400618988A4405EB400509F13D
:106BC000010081464045CEDBADE600002DE9FF4FD8
:106BD00085B09A460C46DDF850B0DFF755F90390C2
:106BE000A0882188401A401C06B2E0886188401ABB
:106BF000401C0FFA80F8BBF1000F01D000204BE0E1
:106C000000271DE0002515E0139802900AEB4500CF
:106C1000079A0088ADF804006088384400B20090FC
:106C200020880599284403B203980068D0F81CC056
:106C3000E0476D1CB542E7DB12997F1C0AEB410A65
:106C40004745DFDB09B0BDE8F08F00251BE000BF42
:106C50001BF80500B0B113994843000A02900AEBF3
:106C60004500079A0088ADF80400618801EB09002F
:106C700000B2009020880599284403B20398006868
:106C8000C769B8476D1CB542E2DB159909F10100EF
:106C90008B4412990AEB410A81464045D5DBD1E786
:106CA00070B515460E460446802805D2E11700202F
:106CB00004EB9171891006E006F0F6FA411FCC4012
:106CC00084F02001801F3060296070BDFD2902D250
:106CD000022901D80020704710FB01F000EBC01121
:106CE00001EBC030C0F3C7507047000008B50D4E2F
:106CF0004FF0FF350095002301220721706C07F04B
:106D00009DFD0446C00702D007A0DDF711FEA007D5
:106D100002D50DA0DDF70CFE6007EBD512A0DDF764
:106D200007FEE7E714C00120E79B91E68EA7EFBCC2
:106D30009AE5AF86E7A081E9AA8CE8AF81E6889062
:106D4000E58A9F5C720A0000E79B91E68EA7EFBC84
:106D50009AE5AF86E7A081E9AA8CE8AF81E5A4B106
:106D6000E8B4A55C720A0000E79B91E68EA7EFBC31
:106D70009AE5AF86E7A081E9AA8CE8AF81E68AA50B
:106D8000E8ADA65C720A00002DE9F041F4F732FD8F
:106D90000746F9F729FB0646F9F726FB0546F0F703
:106DA000A3F9046800213046F9F70CFAB84244F31D
:106DB000074008D1012801D0401E07E00C2060F3F5
:106DC0001744601E1FE00C2819D0401C60F31744C4
:106DD00044F30747A1B20C463A462846F0F786F935
:106DE00001213046F9F7EEF90849224601EB870107
:106DF00051F8043CBDE8F04105A1F7F782BA012043
:106E000060F31744601C60F30F04E1E7D400002036
:106E1000256420257300000070B50546F4F7EAFCF0
:106E200004462846F4F7E8FC05462046F4F772FAD3
:106E300004462846F0F758F90088641C62B262F3F1
:106E4000174081B22846BDE87040F0F74FB9000006
:106E50002DE9F05F91468B468246D9F790FA804C37
:106E60004FF00008074684F800805846D9F787FAA3
:106E700006464846D9F783FA0546B919A4F80680AC
:106E80004819E16810220A70E288521CE280103032
:106E9000C21700EB526323F07F02801AC2B2D811EE
:106EA000002801DD42F08002E388CA54E28802F142
:106EB0000102E280ECDCE06892B24FF0040C00F8D2
:106EC0000280E2884FF04D0302F1010292B2E280AB
:106ED00000F802C0E288414602F1010292B2E2806B
:106EE0008354E2884FF0510302F1010292B2E28032
:106EF0008354E2884FF0540302F1010292B2E2801F
:106F00008354E28802F1010292B2E2808354E28863
:106F10004FF0C20302F1010292B2E28000F802C017
:106F2000E28802F1010292B2E2808354E28802F127
:106F3000010292B2E2808154E1884FF0640201F1D3
:106F4000010189B2E1804254E1884FEA172201F140
:106F5000010189B2E1804254E1883A4601F1010120
:106F600089B2E1804754E18801F1010189B2E180F1
:106F700008445146D9F7B7F9E088002E384481B269
:106F8000E18013DDE068320A4254E1883246491C50
:106F900089B2E1804654E188491C89B2E180084405
:106FA0005946D9F7A0F9E0883044E080002D14DD7F
:106FB000E288E068290A8154E1882A46491C89B29E
:106FC000E1804554E188491C89B2E1800844494682
:106FD000D9F789F9E0882844E08006F051FCA188BF
:106FE000A068D9F799F9E188E06800F089FA0025EE
:106FF0004FF4C87701263846E2F7C6FAEDF776FE79
:1070000030BBA068EDF776FAA268014604281FD3CA
:10701000002008E0135C202B03D113185B78022BAF
:1070200005D0401C80B2031D8B42F3D910E011182B
:10703000C97819B10BA0DDF77BFC09E0811CF9D000
:10704000002805DB06F01CFC26700020BDE8F09F40
:107050006D1CEDB2142DCED384F800800120F5E72D
:107060006CC001204D51545420434F4E4E41434B70
:1070700020726566757365642028636F6465213DC1
:1070800030292C20636865636B20746F6B656E2FED
:1070900065742F7369676E0D0A0000002DE9F041D9
:1070A00006464FF000000D461F001446107026D013
:1070B000002E24D013A1304600F0A6F82078002836
:1070C0001DD13B46224611A1304600F09DF82078A4
:1070D000002814D1002D12D0B54210D03B462246D4
:1070E00008A1284600F090F82078002807D13B46F8
:1070F00022462846BDE8F04104A100F085B8BDE86D
:10710000F0810000726571756573745F69640000D9
:107110002DE9F0410D4616461AA1D9F708F90024C9
:10712000671E70B16EB13A21D9F71FF948B100BF9F
:1071300010F8011F2029FBD00929F9D0C9B2222952
:1071400002D03846BDE8F08122235C27401C06E0CF
:107150005C290CD0222907D02955401C641C0178D9
:1071600011B1621CB242F3D300202855EAE74278FD
:10717000222A04D05C2AEFD12F55801CEEE72B5534
:10718000FBE70000226D65737361676522000000F4
:1071900070B50EA215A117A000F076F8194A18488C
:1071A0004FF4007490609480A0F50075D560D48091
:1071B0002146D9F7B1F821462846D9F7ADF806F0AF
:1071C0005FFBBDE870403220E2F7DEB9465A445713
:1071D0006870764C4770384652304157747A48533D
:1071E00068476E3461376F25334400006D79686FEE
:1071F0006D650000337A79687631794E524C000023
:107200002CCF01206CC001202DE9F0418AB04FF055
:1072100000081E001746044682F800802DD00B4659
:1072200017A228216846DDF793FB69462046D9F767
:107230007EF8040021D06846D9F7A1F8044400E0A4
:10724000641C20782028FBD00928F9D03A28F7D0F0
:10725000C0B2222811D1641C22212046D9F785F81A
:1072600000280AD0051BB54200D3751E2A462146C8
:107270003846D9F738F807F805800AB0BDE8F0813C
:1072800022257322000000007CB5164605460C46F8
:107290000B460BA264210B48DDF75AFB09482B462D
:1072A00007A264216430DDF753FB0648CDE90046B0
:1072B0002B46054AC821C830DDF74AFB7CBD0000DB
:1072C000257300009CCB012000B804080348007817
:1072D00008B1002070470120704700006CC00120F9
:1072E000F8B504461DA1D9F722F84FF0FF3620B9B2
:1072F0001FA12046D9F71BF870B33A21D9F735F80A
:1073000050B3441C00E0641C20782028FBD00928DE
:10731000F9D0C0B200257B2815D119A12046D9F794
:1073200006F820B918A12046D9F701F8A0B13A21F2
:10733000D9F71BF880B1441C00E0641C2078202899
:10734000FBD00928F9D00A22694620460095D9F7D2
:10735000F7F80099A14200D13046F8BD226C65646F
:107360005F6272696768746E657373220000000063
:107370006C65645F6272696768746E657373000040
:107380002276616C7565220076616C75650000007F
:107390002DE9F047174689468046D8F7F0FF0546A5
:1073A0004846D8F7ECFF304C06460020E08005EB5D
:1073B00006000FB1001D00E0801CE16830220A7059
:1073C000E288521CE280C21700EB526323F07F0276
:1073D000801AC2B2D811002802DD00BF42F080023C
:1073E000E388CA54E28802F10102E280EBDCE06843
:1073F00092B24FEA15218154E1882A4601F1010138
:1074000089B2E1804554E18801F1010189B2E1804E
:1074100008444146D8F767FFE088284480B2E080FE
:1074200087B11149E268891C4B781354E088401CED
:1074300080B2E08009781154E088401CE0806088C8
:10744000401C6080E188E068324608444946D8F72D
:107450004AFFE088304481B2E180E06800F050F8F3
:10746000A079BDE8F08700006CC001202DE9F04153
:107470000D46002704460126B84640F2044128463E
:10748000D8F74AFF2078302808D0322804D0342892
:1074900002D00120BDE8F0814FF001084FF4001147
:1074A00014F1010414F8010B00F07F0202FB0677CF
:1074B000F6018E4201D90220ECE70006F2D414F85E
:1074C000010BA5F8000214F8011B01EB002082B2A9
:1074D000A5F8002221462846D8F705FFB5F8000296
:1074E0000119B8F1000F00D0891C381A801E82B231
:1074F000A5F8022405F20220D8F7F5FE0020C9E71E
:10750000EDF774BB02210148FFF7FABF42160308EA
:1075100000B5E3B000B90AA002B909A20091CDE913
:107520000120034607A24FF4C07103A8DDF710FA4B
:10753000002203A913A0FFF72BFF63B000BD0000DA
:10754000000000007B226964223A222573222C224B
:10755000636F6465223A25642C226D7367223A2298
:107560002573222C22726571756573745F696422BC
:107570003A222573222C2264617461223A6E756C62
:107580006C7D0000247379732F337A7968763179B2
:107590004E524C2F6D79686F6D652F7468696E67F8
:1075A0002F70726F70657274792F7365745F726576
:1075B000706C79002DE9F04116460F468046D8F7E9
:1075C000DEFE0021484C0546002E02D04FF001009F
:1075D00001E04FF000002844E18000F1040002D0F7
:1075E0004FF0820201E04FF0A202E3681A70E288D5
:1075F00002F10102E280E2684FEAE07300EB536CB3
:107600002CF07F03A0EB0300C3B24FEAEC1000287C
:1076100002DD00BF43F08003B4F806C002F80C306E
:10762000E38803F10103E380E6DCE0689AB2815469
:10763000E1884FF0010201F1010189B2E180425479
:10764000E1884FEA152201F1010189B2E18042543B
:10765000E1882A4601F1010189B2E1804554E188BF
:1076600001F1010189B2E18008444146D8F73BFEAF
:10767000E088284480B2E08026B1E1680F54E088B9
:10768000401CE080A188A068D8F746FEE188E06849
:10769000FFF736FF00255020E1F776FFEDF726FBD8
:1076A000D8B9A068ECF726FFA268022815D30021FC
:1076B00008E0535C902B03D153185B78032B05D063
:1076C000491C89B28B1C8342F3D906E0002904DBF4
:1076D00006F0D6F80020BDE8F0816D1CEDB20F2D4C
:1076E000D9D30120F7E700006CC00120ADF6180DDA
:1076F0005B4D0DF2E4564FF4007A40F2FF1B4FF061
:1077000000090DF2E23800BFEDF744FAEDF7EEFAAA
:1077100000287BD10DF2E450ECF7ECFE0746002484
:1077200087E0305D0321B1EB101F70D140F20441BE
:1077300078A8D8F7F1FD301978A9FFF797FE00284F
:1077400075D1BDF8E013514501D3ADF8E0B3BDF8F4
:10775000E215514501D3ADF8E2B5BDF8E01378AAC2
:1077600078A802F80190BDF8E2253EA102F8089041
:10777000CDF81408D8F7DBFD30B945A1DDF81408C1
:10778000D8F7D5FD002852D04FF4F0726946404634
:10779000FFF7BEFCB0B1002440F2DF12414668465C
:1077A000D8F7D7FD8DF8DF9130230DF2E4726946EA
:1077B0004046FFF773FC6846FFF792FD002808DAA1
:1077C00014B130E00124EFE74046FFF789FD0028BF
:1077D00029DB040004D0601E1D2803D801270EE019
:1077E00000270CE0A4F11F001D2801D8022706E0A5
:1077F000A4F13D00272801D9642C0CDD03270321C7
:107800003846EDF785FE3A46214601E016E00EE0E7
:1078100024A0DDF78DF830A25FF0C8010DF2E4700E
:10782000FFF776FE08E02EA242F6AA01F6E7641CF6
:10783000A4B2BC42FFF475AFECF76AFE07F0E8FCB7
:10784000A968401A42F6E061884204D9FFF75AFE5F
:1078500007F0DEFCA860022006F082FA54E7000080
:1078600014C00120247379732F337A7968763179C3
:107870004E524C2F6D79686F6D652F7468696E6715
:107880002F70726F70657274792F736574000000C9
:107890007468696E672F70726F70657274792F7378
:1078A00065740000E5AEA2E58E85E781AF284F6ED6
:1078B000654E4554293A206C65645F627269676859
:1078C000746E6573733D2564202D3E206C6576656E
:1078D0006C25750D0A000000737563636573730092
:1078E0006E6F206C65645F6272696768746E657341
:1078F0007320696E20706172616D730070B50D4602
:1079000000212846FAF712FB00212846FBF794F9DC
:107910000023022219462846FBF772F92846EEF7A3
:10792000DFFE0646002228A1FBF77EFB42F264013F
:107930003046FBF79DF93046FBF758FC3046F8F728
:1079400012FD044601463046FBF7D9FB002307220F
:107950001E493046F7F7E6FB04213046F8F718F8E1
:107960002846F5F711FE06460321F6F757FC0022DC
:1079700002213046FBF79EFB01213046FBF76CF9F4
:107980002846EEF7ADFE0646002211A1FBF74CFBA0
:10799000224611463046FBF74DFA002307220B49D9
:1079A0003046F7F7BFFB04213046F7F7F1FF00231D
:1079B0001C2208492846F7F7B5FB2846BDE8704069
:1079C00000221C21F3F71ABFEF819300896D020892
:1079D000EF819400ADE202082DE9F0410F46084620
:1079E000F8F702FD044600213846FAF79FFA002115
:1079F0003846FBF721F93846F3F7E2FB164D064609
:107A00006968F3F714FE23461C2214493046F7F741
:107A100089FB01213046FBF71FF93846F3F7D0FB0D
:107A200006462968F3F703FE23461C220C4930461C
:107A3000F7F778FB01213046FBF70EF900231C22F3
:107A400008493846F7F76EFB3846BDE8F04100229A
:107A50001C21F3F7D3BE00000401002049F90208FD
:107A6000196E0208F1E202082DE9FE430C460021DE
:107A70001D4690460291019138B1017829B102AAC0
:107A800020A1D8F79BFC012819D0002644B120780A
:107A900030B101AA1BA12046D8F790FC012810D0D4
:107AA0000024194F386910B36EB184B10198009069
:107AB00016A228211848029BFCF71CFA13E00126A5
:107AC000E4E70124EDE74CB114A2019B01E0029B25
:107AD00015A228211048FCF70DFA04E015A2282170
:107AE0000D48FCF707FA0C493869F6F7D3FB404616
:107AF00000F0B2F821462846019A00F021F8BDE8CE
:107B0000FE830000256400007CC001202564E2841F
:107B1000837E2564E284830066D401202D2DE284D7
:107B2000837E2564E28483002564E284837E2D2D98
:107B3000E28483002D2DE284837E2D2DE284830058
:107B4000F8B50E46144C00210091A16A1546002993
:107B50001ED068B1017859B16A4610A1D8F72EFC41
:107B6000012805D100980A38072801D80CA10CE09B
:107B70007EB1192D01DD11A107E00A2D01DA16A150
:107B800003E0143D052D04D81BA1A06AF6F782FB83
:107B9000F8BD20A1F9E700007CC0012025640000A9
:107BA000E99BA8E5A4A9E5B8A6E4BC9EEFBC8CE6D9
:107BB000B3A8E6848FE8B7AFE6BB9100E5A4AAE7D7
:107BC00083ADE4BA86EFBC8CE68DA2E4BBB6E79F3A
:107BD000ADE8A296E590A700E58F98E586B7E4BAF0
:107BE00086EFBC8CE8AEB0E5BE97E58AA0E4BBB6F4
:107BF000E8A1A3E69C8D0000E6B094E6B8A9E88869
:107C000092E98082EFBC8CE6ADA3E5B8B8E7A9BFE6
:107C1000E8A1A3000000000038B5172811D83B29BF
:107C20000FD83B2A0DD8074C05460B46A070E170D3
:107C300022716069002804D000922A4602A1F6F75A
:107C400060FB38BD7CC00120253032643A253032DB
:107C5000643A2530326400002DE9F0438DB04FF0D6
:107C60000001099105000891049105910691079181
:107C700066D02878002863D007AE0DF1180805AF4C
:107C800004ACCDE90286CDE9004709AB08AA2EA1D4
:107C90002846D8F793FBDFF8C49006281CD003963B
:107CA0008DE8900109AB08AA2DA12846D8F786FBDC
:107CB000062811D009AB08AA2EA128460094D8F7AF
:107CC0007DFB03283CD199F80210059199F8031027
:107CD000069199F804000790099B581E0C282FD292
:107CE000049800282CD01F282AD8059E172E27D8A4
:107CF000069D3B2D24D807993B2921D8089ADBB251
:107D000092B2A9F8062089F80030C7B289F801704C
:107D100089F8026089F8035089F80410D9F818002E
:107D20004C4618B116A10097F6F7EBFA60690028E7
:107D300006D021790091E378A27817A1F6F7E1FA4D
:107D40000DB0BDE8F083000025752D25752D257536
:107D50005425753A25753A25750000007CC0012030
:107D600025752D25752D25752025753A25753A25FE
:107D70007500000025752D25752D25750000000066
:107D800020256420E5B9B420256420E69C882025C0
:107D90006420E697A5200000253032643A25303271
:107DA000643A25303264000010B5084CA068002801
:107DB0000BD0E168002908D00549F4F7C5FFE06859
:107DC000BDE8104003A1F6F765BA10BD7CC00120E4
:107DD0007CAC0308E5A49AE4BA91000010B5084C05
:107DE000A06800280BD0E168002908D00549F4F705
:107DF000ABFFE068BDE8104003A1F6F74BBA10BD39
:107E00007CC0012088F70308E99BA80010B5084C46
:107E1000A06800280BD0E168002908D00549F4F7D4
:107E200093FFE068BDE8104003A1F6F733BA10BD38
:107E30007CC0012094420408E699B4E5A4A900009E
:107E400070B5094D04466868002808D044B1204642
:107E5000E9F76CFFA9682044884200D3002070BD78
:107E60000248006870BD000064C1012030C10120DB
:107E7000002902D00068091D42507047002901D036
:107E800000684250704700002DE9F041044600228E
:107E90002121F3F7B3FC00287ED0608C40F48050A1
:107EA000608401E0FFF7F0FF00212046F8F78AF92F
:107EB0000028F7D12046F8F751FA06460020F5F7DA
:107EC0003BF8054600271CE0A86AA04202D0E86AF9
:107ED000A04203D121462846F5F7D6F8686BA042A8
:107EE00000D16F63686DB04207D1F5F72FF8A0425B
:107EF00003D121462846F5F7C7F82846F5F71CF8C0
:107F00000546002DE0D12046DDF7C8FD6068042657
:107F10000028204602D0F8F72CFA2AE0F8F7F0F90A
:107F200005460020EA68696A05E000BF52F8203083
:107F3000A3420AD0401C8142F8D806E0E96806EB6B
:107F400080028A5841F82020401C696A491E8142FB
:107F5000F4D8686A401E81006862E868F6F7FAFCA7
:107F6000E8601DE0096806EB80028A5841F820208D
:107F7000401C616889684A68521E8242F2D8606873
:107F800080684068401E48606168820089680868AF
:107F90001146F6F7DFFC00E007E0616889680860D9
:107FA0002046BDE8F041F6F7B1BCBDE8F08170B500
:107FB000064600242146002000F0F2F80025304655
:107FC00000F0AFFA6D1CEDB2802DF8D3641CE4B262
:107FD000082CEFD370BD000030B5174887B001689A
:107FE00041F020010160016801F020010591016864
:107FF00041F0200101600068012400F0200005909C
:108000000220CDE900040320CDE902400B4D694672
:108010002846D9F70DF9694628460094D9F708F99A
:10802000012202212846D9F700FA012211462846EA
:10803000D9F7FBF907B030BD3038024000140240D8
:1080400010B5064C012202212046D9F7EEF9204650
:108050000022BDE810400221D9F7E7B90014024020
:1080600010B50B4C012202212046D9F7DEF901227E
:1080700011462046D9F7D9F9002201212046D9F727
:10808000D4F920460022BDE810400221D9F7CDB92D
:108090000014024010B5094C012202212046D9F7F4
:1080A000C4F9002201212046D9F7BFF92046012258
:1080B000BDE810401146D9F7B8B9000000140240DD
:1080C00070B50E4E05460024280601D5012200E0B9
:1080D000002201213046D9F7A8F96806050E0122D1
:1080E00002213046D9F7A1F9002202213046D9F702
:1080F0009CF9641CE4B2082CE6D370BD0014024065
:1081000010B5FFF769FF6420E1F73EFAAE2000F0FA
:10811000F1F9D52000F0EEF9802000F0EBF9A8206D
:1081200000F0E8F93F2000F0E5F9D32000F0E2F993
:10813000002000F0DFF9402000F0DCF9A12000F081
:10814000D9F9C82000F0D6F9DA2000F0D3F91220CE
:1081500000F0D0F9812000F0CDF9CF2000F0CAF96D
:10816000D92000F0C7F9F12000F0C4F9DB2000F0BD
:10817000C1F9302000F0BEF9A42000F0BBF9A62020
:1081800000F0B8F98D2000F0B5F9142000F0B2F934
:10819000AF2000F0AFF9BDE810400020FFF707BFA7
:1081A00010B50446B031C8B200F0A4F904F00F00D5
:1081B00000F0A0F9102040EA1410BDE8104000F0D3
:1081C00099B910B50020FFF7F2FE05230022012126
:1081D0000A2000F067F80122052311461E2000F056
:1081E00061F8052302220121322000F05BF805230B
:1081F00003220121462000F055F805230422012125
:108200005A2000F04FF805230121BDE810401A461E
:108210006E2000F047B800002DE9FF5F203ADF082C
:108220001E468B4602F0FF0A580700D07F1C002430
:108230004FEA56082BE000BF0BEB0400C1B20098D8
:10824000FFF7AEFF18FB04F0C5B204F1010918FBFB
:1082500009F418E00C2E04D0102E06D0182E08D0E9
:108260000FE00AEB4A000C4906E00C4901EB0A104A
:1082700004E00B490AEBCA0001EB8000405D00F00E
:1082800050F96D1CEDB2AC42E4D809F0FF04BC42D9
:10829000D2D3BDE8FF9F000080FE0208F40203086D
:1082A000E40803082DE9F05F9A4691460F4683469D
:1082B00000254FF6FF787819C1B25846FFF770FFD6
:1082C0002E0108EA0514103614E000BFBAF1070FBA
:1082D0000ED2DFE80AF0040617191C1E21000F4910
:1082E00001E00E49C03101EB4910005D00F019F9C1
:1082F000641CA4B2A642E9D86D1CADB2022DDAD33B
:10830000BDE8F09F0649EEE705498031EBE70549F6
:10831000E9E70449C031E6E70349E4E7E0F9020888
:1083200020FB020860FC0208E0FD020810B50020F6
:10833000FFF73DFE00231A4601210A20FFF7B2FF96
:108340000122002311461E20FFF7ACFF002302226A
:1083500001213220FFF7A6FF00230322012146203E
:10836000FFF7A0FF0023042201215A20FFF79AFF04
:1083700010233A220121BDE810406E20FFF74CBFC8
:1083800010B50020FFF713FE0423002201210A206C
:10839000FFF788FF0122042311461E20FFF782FF0A
:1083A0000423022201213220FFF77CFF0423032251
:1083B00001214620FFF776FF04231A4601215A20A7
:1083C000FFF770FF042305220121BDE810406E2055
:1083D000FFF768BF10B50020FFF7E9FD0323002277
:1083E00001210A20FFF75EFF0122032311461E2010
:1083F000FFF758FF0323022201213220FFF752FF2B
:1084000003231A4601214620FFF74CFF03230422D1
:1084100001215A20FFF746FF032305220121BDE871
:1084200010406E20FFF73EBF10B50020FFF7BFFDE4
:108430000123002219461420FFF734FF01231A46B6
:1084400019462D20FFF72EFF012302221946462050
:10845000FFF728FF01230322BDE8104019465F20E3
:10846000FFF720BF10B50020FFF7A1FD0623002273
:1084700001210A20FFF716FF0122062311461E20C4
:10848000FFF710FF0623022201213220FFF70AFF27
:108490000623032201214620FFF704FF06230422BE
:1084A00001215A20FFF7FEFE10233A220121BDE8E8
:1084B00010406E20FFF7B0BE10B50020FFF777FD2B
:1084C0000223002201211420FFF7ECFE01220223E7
:1084D00011462D20FFF7E6FE02231A460121462011
:1084E000FFF7E0FE022303220121BDE810405F20D8
:1084F000FFF7D8BE10B50446FFF7B2FD7820FFF7AE
:10850000DFFDFFF79DFD0020FFF7DAFDFFF798FD87
:108510002046FFF7D5FDFFF793FDBDE81040FFF7BC
:10852000B9BD10B50446FFF79BFD7820FFF7C8FDE5
:10853000FFF786FD4020FFF7C3FDFFF781FD2046D2
:10854000FFF7BEFDFFF77CFDBDE81040FFF7A2BDC1
:1085500010B528B101200221DFF7D4F805A104E00D
:1085600000200221DFF7CEF804A1BDE8104005A0ED
:10857000DCF7DEB920E5BC802000000020E585B3F3
:108580002000000020E58DA7E5AEA4E781AF28E834
:10859000A7A6E691B8293A2025730D0A000000002D
:1085A00010B518B1E0F7CAFE04A102E0E0F7BEFE84
:1085B00004A1BDE8104005A0DCF7BAB920E5BC80F5
:1085C0002000000020E585B32000000020E7AA97E6
:1085D000E5B89828E8A7A6E691B8293A2025730DB2
:1085E0000A00000010B528B103200221ECF790FF2B
:1085F00005A104E000200221ECF78AFF05A1BDE8F7
:10860000104007A0DCF794B920E9AB98E6A1A3E4F9
:10861000BAAE200020E5B7B2E585B3E997AD2000FA
:1086200020E5AEA2E58E85E781AF28E8A7A6E69112
:10863000B8293A2025730D0A0000000008B102A0F5
:1086400000E006A0DCF774B9E99FB3E5938DE5B7C8
:10865000B2E7BB8FE590AFE58AA80A00E99FB3E5D2
:10866000938DE5B7B2E7BB8FE585B3E997AD0A0017
:1086700010B50A220A49002005F03CFF084909A06C
:10868000DCF756F90648007808B1FF2807D1FFF754
:10869000E9FE00F035F8BDE8104000F093B810BDD9
:1086A000E6010020C7EBB3F6C3DCC2EBA3BA257327
:1086B0000D0A000070B500240A221049204605F07A
:1086C00019FF0E480A38D7F75AFE05460B48D7F768
:1086D00056FE854207D1094DA5F10A0607E0305D37
:1086E000295D884201D0002070BD641CE4B20348BB
:1086F000D7F745FEA042F2D8012070BDE601002068
:1087000070B500F053F8174C174D1426EBF7FCFD2D
:1087100060700220E0F738FF6178232917D02A29FA
:108720001BD00029F2D011A0DCF702F92078102329
:1087300000EB800006EB4000C0B262780421FFF736
:108740006BFD207861782954401C2070DEE70649D3
:108750000AA0DCF7EDF8232070BD0FA0DCF7E8F8E5
:108760002A2070BD18000020DC010020B0B4CFC268
:10877000C1CBA3BA25630D0A00000000B0B4CFC27C
:10878000C1CB23BAC5BCFCA3AC696E7075743A202A
:1087900025730D0A00000000B0B4CFC2C1CB2ABAC5
:1087A000C5BCFC0D0A00000005F0A2BE0349002074
:1087B000086048600881024908707047DC010020A9
:1087C0001800002010B5002005F074FE0A220449AC
:1087D000002005F027FFBDE81040FFF7F2BC0000C5
:1087E000DC010020054A11780A2905D2002803D0AF
:1087F000034B5854491C11707047000018000020AA
:10880000DC01002086B000256D4C029503956F1E9B
:1088100004952E463946206C06F09EFB01280ED1A9
:108820000A2202A9002005F065FE00231A46194617
:10883000206C06F017FA02A962A0DCF779F89DF81F
:10884000080020B1FF2802D00022114621E00022BA
:108850000721606B02F0C9F802253A4601A9206B96
:1088600006F0CCFA0128F8D19DF804000028F4D1D4
:108870009DF80500232810D02A287AD0A1780A294B
:10888000EBD2FFF7AFFFA078401CA0709DF8052049
:108890000521606B02F0A9F8DFE7022D08D04FF048
:1088A00000083946206C06F057FB012817D01FE05E
:1088B0003946206C06F050FB012868D1FFF782FF93
:1088C00000231A461946206C06F0CCF90022092133
:1088D000606B02F08AF800220321A06B54E0FFF7DE
:1088E000E9FE002380461A461946206C06F0BAF9C4
:1088F00015B1012D41D04AE0B8F1010F19D0022184
:10890000606C05F03DFFE078401CC0B2E0700328C9
:1089100030D30421606C05F033FF00220421A06BEA
:1089200002F063F800220A21606B02F05EF8E67044
:108930002DE00121606C05F023FFE670002201218B
:10894000606B02F052F800220321A06B02F04DF898
:1089500000220121E06B02F048F80120207106F0AE
:1089600057FC0246009600230121A06C06F09EFFF2
:108970000DE01BE0002208211EE0B8F1010F4FF0CE
:10898000000208D00821606B02F02FF80025FFF7E5
:108990000DFFA67061E70321606B02F026F800224C
:1089A0000321A06B02F021F80225F0E70AA0DBF713
:1089B000BFFF012500220421606B02F016F8E6E7F4
:1089C00014C00120E6A380E69FA5E5AF86E7A0815D
:1089D000EFBC9A25730D0A00E68C89E4B88B2AE96E
:1089E00094AEEFBC8CE8BF9BE585A5E4BFAEE694F2
:1089F000B9E5AF86E7A081E6A8A1E5BC8F0D0A0026
:108A0000F0B50027DDE905458E1A012B05DC0328AA
:108A10000CD004280AD0052808D0891A09B20628E3
:108A20002AD2DFE800F0290A0320140E2F802088C4
:108A300006EBD67100EB61001CE02F8020883044EB
:108A400018E05B1E18B291FBF0F02880F0BD91FB9E
:108A5000F3F02988084400B22880218800EBD07008
:108A600001EB600006E05B1C18B291FBF0F028807F
:108A7000218808442080F0BD2F80F0BD2DE9F05FF3
:108A800005460C46501E53B12188A1EB620121809E
:108A90000844A080E88A6080688BE08009E06188F3
:108AA000A1EB620161800844E080A88A2080288BC5
:108AB000A0804FF4403631462846F8F7F5FA814653
:108AC00031462846F8F73EFB824631462846F8F7FD
:108AD00099FB804631462846F8F780FA83463146AE
:108AE0002846F8F79DFC074631462846F8F78CFCE7
:108AF0000146208809EB0702801A2080A0880AEB33
:108B000007021044A080608808EB0102801A608090
:108B1000E08859440844E080BDE8F09F70B5044601
:108B2000E9F7B4FB05001DD0F7F71DFC064620460B
:108B3000F7F7ACFB864215DD00212846F8F713FC59
:108B4000068900212846F8F735FCE18E3044414380
:108B500009B20022606AFAF713F8606ABDE8704053
:108B6000F9F77EB870BD00002DE9F047224C0F46A2
:108B70000546E668D4F83490D4F83880216800209F
:108B800081F859002068001D04F04BFF38B92068B7
:108B900090F82C1001208840216981432161681CD4
:108BA00015D1A7B11549226848689060236882688A
:108BB000DA6022688368121D5A602268121D826082
:108BC000206841610868401C0860BDE8F0872068A3
:108BD0003544B5424560216805D24046BDE8F047BE
:108BE000091D04F051BF4846091D04F04DFFA06A5D
:108BF0008542EAD2A562E8E76C010020F4FD01207D
:108C00002DE9F041054604F057FF354CA068401CA3
:108C1000A0602068334F10B1606930B32BE025604D
:108C2000A068012827D1002606EB860007EB80000C
:108C300004F01CFF761C202EF6D32B4804F016FF00
:108C40002948143004F012FF2748283004F00EFFA2
:108C500025483C3004F00AFF2348503004F006FF5A
:108C6000214860631430A06305E02068E96AC06AA7
:108C7000884200D82560606A401C60626864E96AC6
:108C80000120226988401043206101EB810007EB3D
:108C900080004068A8608168E9608268291D516091
:108CA0008160E86A00EB800007EB8001696157F89A
:108CB0002010491C47F8201004F040FF606900288C
:108CC0000CD02068E96AC06A884207D207494FF091
:108CD00080500860BFF34F8FBFF36F8FBDE8F08106
:108CE0006C01002024FB0120A4FD012004ED00E024
:108CF00010B504F0E1FE0E4C2068A0B90D4804F058
:108D0000B5FE0C48143004F0B1FE0A48E06014309F
:108D1000206100221021052005F0ECFE206010B13A
:108D200005A104F0BBFFBDE8104004F007BF000040
:108D3000AC010020E4050120546D725100000000D8
:108D400070B50C4C0C4E11E004F0B6FEF068C5682E
:108D5000281D04F066FEA068401EA0606068401EEA
:108D6000606004F0EBFE284600F051F860680028CF
:108D7000EAD170BD6C010020E0FD012030B4026C2E
:108D80000B46002A0BD0C1681144C1608468A1421F
:108D900001D30168C16030BC1846D7F7A4BA30BC13
:108DA00070472DE9F041856B174604460026026C9A
:108DB00082B1C7B1E068D7F796FAE168206C091A6A
:108DC000E1602268914202D2A168081AE060022F95
:108DD00016D017E02068A8B9A06806F0D3FA0646B6
:108DE0000020A0600EE06068D7F77DFA216C606813
:108DF00008446060A168884204D32068606001E094
:108E000005B16D1E6D1CA5633046BDE8F08110B53F
:108E10000446006B04F0CAFE2046BDE8104004F092
:108E2000C5BE00000E484FF43441420706D0C01DB5
:108E30000B4920F00700411AC1F53441094A0023CB
:108E40000144C2E900030839143A21F00701116016
:108E50004B600B600B1AC0E90013936053607047BE
:108E60000C060120D4010020074C4FF08056074D1E
:108E7000FFF766FF20680128FAD92E60BFF34F8FF5
:108E8000BFF36F8FF4E7000024FB012004ED00E046
:108E90002DE9F047DDE909840E4617468246910028
:108EA0009946089DA522206BD7F72FFA6FF0030192
:108EB000206B01EB8701084420F00707780705D0F5
:108EC00040F22E721AA122A0DBF732FD66B100201B
:108ED0002218315C82F83410315C11B1401C10282A
:108EE000F6D3002084F84300202D06D340F26472AC
:108EF0000FA117A0DBF71CFD1F25E562201DE5640F
:108F000004F0BFFD04F1180004F0BBFD2461C5F1BD
:108F100020006462A0614A465146384600F0CEFB0C
:108F20002060B8F1000F01D0C8F80040BDE8F0871C
:108F30002E2E5C4D6964646C6577617265735C4666
:108F400072656552544F535C7461736B732E63008A
:108F50004572726F723A2025732C2025640D0A0029
:108F600070B50546194C00E004462068A842FBD3C2
:108F7000164884420BD01648844202D315488442D6
:108F800005D94FF4FD7214A120A0DBF7D1FC606875
:108F90000119A94203D169682546084460606968DF
:108FA00020684A19824209D1084A143A126890424C
:108FB00009D0406808446860206800682860AC42B6
:108FC00000D0256070BD2A60F9E70000D4010020C0
:108FD0000C0601200BBA01202E2E5C4D6964646CD6
:108FE0006577617265735C4672656552544F535C78
:108FF000706F727461626C655C4D656D4D616E671A
:109000005C686561705F342E630000004572726FAA
:10901000723A2025732C2025640D0A0070B50024B7
:1090200041600B4D0061914206D8D11A826991428C
:1090300006D2011D286907E09A4203D2994201D362
:10904000012403E0011DE86804F01EFD204670BD08
:10905000AC01002010B5044604F02EFDA06B28B131
:109060005FF0000404F06AFD204610BD0124F9E71A
:10907000F1B500980026846C2CB940F6F8421BA18B
:1090800022A0DBF755FCA06BE16B884205D340F6CC
:10909000F94216A11DA0DBF74BFCA06BE16B8842E7
:1090A00022D294F94550002269462046FFF779FE06
:1090B0000646681C06D004F0C7FC854214D27F2DFA
:1090C00009D00EE0606A78B104F1240006F022FABB
:1090D00050B1012608E040F6195204A10BA0DBF7BD
:1090E00027FC6D1C84F845503046F8BD2E2E5C4D93
:1090F0006964646C6577617265735C46726565521C
:10910000544F535C71756575652E63004572726FBF
:10911000723A2025732C2025640D0A0070B506468E
:109120000D480D46C068C068C468201D04F079FC75
:1091300094F82800410705D52A463146204600F01C
:10914000DDF803E000F0FE0084F828002046216AE4
:10915000BDE8704008470000AC01002070B586B043
:1091600000200090019002903B4E03906AE000982E
:10917000002806DADDE90201019A904700980028EC
:1091800060DB029C606910B1201D04F04AFC04A859
:1091900000F0D6F8054600980A2853D2DFE800F020
:1091A000520505292F460505292F94F828002A463F
:1091B00040F0010084F828000198A16903460144A9
:1091C0002046FFF72BFF00283CD094F828004107E9
:1091D00007D50198A1692A460144204600F08EF87F
:1091E00003E000F0FE0084F82800216A204688474A
:1091F00028E014F8280F00F0FE00207022E094F818
:10920000280040F0010084F828000198A06128B9E6
:109210004FF4826211A11AA0DBF78AFBA0692B46EA
:1092200041191A462046FFF7F9FE0BE094F8280092
:10923000810703D4204604F0B9FC03E000F0FE00EF
:1092400084F8280000226946306805F0D7FD002820
:109250008DD106B070BD0000AC0100202E2E5C4DFB
:109260006964646C6577617265735C4672656552AA
:10927000544F535C74696D6572732E630000000077
:109280004572726F723A2025732C2025640D0A00F6
:10929000F8B50D46064604F0B9FF684600F050F8F0
:1092A0000446009810B106F0BBF9F8BD1148ADB105
:1092B00001690968D9B10025311B2A46006804F00C
:1092C0002DFD06F0ADF90028EFD10B494FF080508D
:1092D0000860BFF34F8FBFF36F8FF8BDA642EBD886
:1092E00006F09EF921463046FFF718FFF8BD01252C
:1092F000E2E70000AC01002004ED00E070B5164686
:109300000C46054604E0A869296A044428468847B3
:10931000A8692346011932462846FFF77FFE002838
:10932000F1D170BD0548416B096821B1416BC96835
:109330000968816270474FF0FF31FAE76C01002045
:109340002DE9F041064605F063FF0E4C0546A06886
:10935000854214D24FF0FF3704E0C06839460068F8
:10936000FFF7DCFEE06801680029F6D12169C4E955
:109370000310012030602846A560BDE8F081002080
:10938000F8E70000AC01002008484068401C04D009
:10939000ED2207A114A0DBF7CBFA502080F311884F
:1093A000BFF34F8FBFF36F8FFEE70000E8C10120CE
:1093B0002E2E5C4D6964646C6577617265735C46E2
:1093C00072656552544F535C706F727461626C6564
:1093D0005C525644535C41524D5F434D34465C7081
:1093E0006F72742E630000004572726F723A20250E
:1093F000732C2025640D0A000346002012B1994306
:1094000002D070470B42FCD001207047074CE06847
:10941000016841B1C0680021D0F80000FFF738FFB3
:10942000FFF79CFEF3E701210020F7E7AC010020E5
:109430002DE9F041044604F03FFB94F9455004F156
:1094400024060FE0A06C18B12046FFF711FE04E0DF
:10945000606A48B1304606F05DF808B104F0C4FC1B
:109460006D1E6DB2002DEDDC4FF0FF3684F84560C7
:1094700004F064FB04F020FB94F9445004F110075D
:1094800009E0206948B1384606F044F808B104F014
:10949000ABFC6D1E6DB2002DF3DC84F84460BDE8BA
:1094A000F04104F04BBB00002DE9F04705004FF000
:1094B00000070FD015F1090F0BD80835680709D040
:1094C00005F00700C0F10800C1438D4201D80544F2
:1094D00000E0002504F09AFE3F4C206808B9FFF731
:1094E000A1FC002D6BDD6068A146854267D83A4E2D
:1094F000DFF8E8A014363046DFF8E480046854450D
:1095000001D344450CD9F52206E0264604465045D1
:1095100001D3444504D9FB2232A13FA0DBF708FA6E
:109520006068A84202D220680028EED1D9F8000075
:10953000844244D037680837574501D3474505D999
:1095400040F2051227A134A0DBF7F2F92068306061
:109550006068A84205D240F20D1222A12EA0DBF7CE
:10956000E7F96068401B102814D904EB05085FEA8E
:10957000487005D04FF48B721AA127A0DBF7D8F9F9
:109580006068411BC8F8041065603168C8F80010B5
:10959000C6F800806268D9F804104846891AC9F8EC
:1095A0000410D9F80830994200D2816042F000419D
:1095B000616000212160C168491CC9F80C1006F0E7
:1095C0002FF8780705D040F2571206A112A0DBF75A
:1095D000AFF93846BDE8F087C00100200C06012035
:1095E0000BBA01202E2E5C4D6964646C6577617244
:1095F00065735C4672656552544F535C706F72744C
:1096000061626C655C4D656D4D616E675C6865613E
:10961000705F342E630000004572726F723A20252D
:10962000732C2025640D0A0003480068002802D02E
:10963000016D491C016570476C0100202DE9F04760
:10964000064690F8600040072FD5706AF4F737FAA5
:10965000174909688847040027D03046FBF7D8FF30
:109660008146D6F78CFE074604FB07F0401CF5F751
:10967000EFF88046002506E005FB07803A4649469C
:10968000F5F780F96D1CA542F6D37D43002108F85B
:1096900005104146706AF4F7FDFD4046F5F724F9E0
:1096A0003046BDE8F04700F093B9BDE8F087000010
:1096B00060C1012070470068FFF7C0BF10B5031FED
:1096C0004FF080741C601B1F21F001011960191FED
:1096D000044B0B6014390A60091F6FF00202443812
:1096E0000A6010BD899302082DE9F04F544E0546DB
:1096F00089B070680168CC6BC968896821600168AD
:1097000009698A0701D4C90723D0EEF7F3FF401E89
:1097100007B27068EEF7A8FF401E03B200221146A0
:1097200001A80097ECF7EFFD01A96160706800687F
:10973000027CC068920705D5826942F0020282610C
:10974000A16076E08169826961F341028261A5606E
:109750006FE0A9882A88891A491C0FFA81F9E988DB
:109760006A88891A491C0FFA81F8EEF7C3FF01468F
:10977000B5F90600814203DC7068EEF7BBFF401EBE
:1097800007B242464946B2467068E8F7F1FD8146A5
:109790000026B5F902000DF10C0B28E02A88ADF87F
:1097A0000C20AA88ADF81020ADF80E00ADF812100C
:1097B000C4F804B0C4F808B0DAF804000168C96855
:1097C00089682160BDF91210B94201DDADF812704F
:1097D000BDF91260B74205D10068C068816941F0E7
:1097E00002018161204600F02DF80FFA88F000EBAD
:1097F0000908A8F10101B942D0DDB7421CD029887F
:10980000ADF80C10A988ADF81010ADF80E00ADF849
:109810001270C4F804B0C4F808B0DAF804000168A3
:10982000C968896821600068C068816941F00201E7
:109830008161204600F006F809B0BDE8F08F000015
:1098400088C101202DE9F041604C074694B0606862
:10985000EEF706FFF968054609B1384688476068A3
:1098600000680188408811FB00F0E968884201D156
:10987000012000E00020296859B1696831B128B998
:1098800007E060680068816A01B18847286900289C
:10989000F7D100256068EEF717FF7A680146104699
:1098A000F9F718FE06466068416919B17868F9F75A
:1098B00011FE054656EA050052D16068EEF71AFF20
:1098C000401E0FFA80F86068EEF7CEFE401E03B22D
:1098D0000022114611A8CDF80080ECF714FD386B7A
:1098E000B0B103A8F0F7ECF9606811AAC16A07915A
:1098F00090F829108DF82610418DADF8101090F8D1
:1099000029008DF80F003B6B03A93846984727E0E4
:109910006068C16AA1B108466946F3F749F80128B1
:109920001ED103A8EFF746F9606811AA90F8291034
:109930008DF81710C36A03A93846EFF707F90FE04F
:1099400003A8F0F7BDF96068418DADF8101090F8EC
:1099500029008DF80F0003A938467A68F0F79CF9C2
:10996000606890F82810C9070CD006B90669384617
:10997000314600F0DDFA6068406990B105B90546EE
:1099800029460BE0406928B105B905462946384605
:1099900000F0CEFA0EB9606806693146384600F02C
:1099A000C7FA6068EEF77EFE0146384600F0C0FA5E
:1099B0006068EEF76FFE0146384600F0B9FA60685D
:1099C00014B0BDE8F041E0F7DFBF000088C101201E
:1099D0002DE9F04F89B004460021F7F7D0FC05903F
:1099E00000212046F7F7FEFC0790606C0690606A45
:1099F000F4F765F8724A8246069912689047DFF8D4
:109A0000C4B106460AEB0600DBF8002081460021BF
:109A10009047054605982F46B0F908803846EAF782
:109A20000CFA00B12027002239460598F1F7FAFF19
:109A300007B202AA606A0699F3F756FF606AF4F764
:109A40003EF802460021606AF5F7D6FE616ABDF96C
:109A50000820B1F91430B1F918101A443A448A4276
:109A600027DD94F86010090723D4032821D00020B3
:109A7000ADF808000798BDF80A2040441044ADF83E
:109A80000A005DB150494846096888470644DBF83A
:109A900000200AEB06000021904705462846EAF719
:109AA000CCF900B12025002229460598F1F7BAFF2C
:109AB00007B24FF4E02B204659462665F7F7CEF95A
:109AC000054659462046F7F7AFFB00EB050A20464E
:109AD00011225946F7F7BAFB00EB05095946204613
:109AE000F7F7F4FA4619204613225946F7F7AEFB6A
:109AF000BDF808302844991BBDF80A20ADF80C10B9
:109B000018447F1EA2EB0A013844ADF80E10ADF8E0
:109B1000100002EB0901A8F101000844ADF81200A1
:109B200004F148010D466846ECF78CFB606ABDF80D
:109B30000010828A1144ADF80010BDF80210C08AEE
:109B40000844ADF80200606ABDF80410808A084439
:109B5000ADF80400606ABDF80610C08A0844ADF88C
:109B6000060069462046F8F79EF803A92846ECF758
:109B700069FB29466846ECF765FB606ABDF8001092
:109B8000828A1144ADF80010BDF80210C08A084462
:109B9000ADF80200606ABDF80410808A0844ADF890
:109BA0000400606ABDF80610C08A0844ADF80600DB
:109BB00069462046F8F777F809B0BDE8F08F000055
:109BC0005800002054000020500000202DE9F041F2
:109BD0002B4C002020606068B0F85051002D4DD013
:109BE000002703E0411991F83011D1B16D1EF9D56C
:109BF0000068416B01B1884760680168C9688A697B
:109C000022F001028A610168C9688A6922F00202B1
:109C10008A6190F82810002641F0040180F828108D
:109C200022E02F46E4E7811991F83011D9B9BE42FC
:109C300005D10168C9688A6942F001028A61016838
:109C4000C9688A6922F002028A6100EBC6003030DE
:109C5000FFF74AFD606800EBC6003030ECF70DFB03
:109C6000216808442060761C6068B0F85011B14249
:109C7000D9DC10F8281F21F004010170BDE8F08143
:109C800088C101202DE9F0410446EAF702F8204698
:109C9000F7F7AFFC054600212046F7F776F8281ABB
:109CA00000EBD07040F34F0694F83C0000F0030145
:109CB0006420012903D0022904D0A08C0BE094F881
:109CC000261001E094F827104FF4B47211FB02F152
:109CD000B1FBF0F080B200B20746FCF7BDF810FB14
:109CE00006F0C11321853846FCF7ADF810FB06F0ED
:109CF000228D05EBD571C01302EB6102228500EBCA
:109D0000610060852046BDE8F041E9F7C2BF000070
:109D10002DE9F04F0C4682468BB001212046F7F723
:109D2000B1FC00287ED12046DBF7CCFE050027D011
:109D3000204600216122F7F789FA00F0FF09B9F106
:109D4000020F6FD36B462A4621465046EBF7A8F820
:109D5000012867D10127002204F114016846DBF7CE
:109D600042F8A8B100208DF82000CDF824D008AA30
:109D700012212046F1F742FD9DF8200038B107E09E
:109D80000BB021465046BDE8F04FF8F75AB900270E
:109D9000012D01D147F002073A4669465046EFF7D8
:109DA000F3F905003ED0204600216F22F7F74EFA66
:109DB00000B260F30F068046204600217022F7F7BC
:109DC00045FA01B2C8F34130642261F31F464FF4F3
:109DD000FA634FF47A7B012817D128F4C0409842E7
:109DE00013DCB4F818C0B4F814805845ACEB080C78
:109DF0000CF1010C0FFA8CFC01DDC0F57A700CFB44
:109E000000FC9CFBF2F060F30F06C1F34130012827
:109E100013D121F4C04098420FDC618BE38AC91A48
:109E2000491C00E07EE009B2584501DDC0F57A70BA
:109E3000414391FBF2F060F31F4602A8EEF7BAFE31
:109E40008DF81390204600216E22F7F7FFF900B23B
:109E5000ADF80800B0F5616F02DDA0F5616003E0C8
:109E6000002803DA00F56160ADF808002046002103
:109E70006D22F7F7EBF9ADF80A00204600216822C1
:109E8000F7F7E4F98DF81400284840680068007C72
:109E9000C0F3C0008DF81C00B8070ED5D5E900014D
:109EA000C5E902016889698A0844401E01B2E98156
:109EB000B5F90600814200DDE881B5F90A00BDF977
:109EC000061088422ADCB80705D53B462A4651468B
:109ED0002046EAF7B2FF21465046F8F7B2F8A08ACA
:109EE00002AA8119DAF804000088081AADF80C00FB
:109EF000E08A00EB2641DAF804004088081AADF841
:109F00000E0029465046EFF73AF9B80706D5E8891A
:109F1000401C6881698A0844401ECDE729465046A6
:109F2000EFF763F90BB0BDE8F08F000088C10120A6
:109F30002DE9F0470C00814605D11B484068EEF73B
:109F4000C3FB04002AD021464846FFF7E1FE1FE08C
:109F50000027F6F749F90646002508E0A0680068E2
:109F600050F82510E7B14846FFF7D2FE6D1CB54208
:109F7000F4D34A4617212046F1F740FC4A461821FF
:109F80002046F1F73BFC4A4619212046F1F736FC02
:109F9000A0464046F6F728FA0400D9D1BDE8F0877C
:109FA0004145E3D10127E1E788C101202DE9F047D0
:109FB00092B088460646E8F770F905006BD0F3F7D3
:109FC0007EFD024600212846F5F716FC012838D010
:109FD000022802D0032819D10CE03046F6F770F9B8
:109FE00004462846F7F705FB201A00EBD07040F333
:109FF0004F0108E03046F6F763F904462846F7F7C4
:10A00000F8FA201A01B22846F9F78FF800213046F5
:10A01000F7F7AFF9044600213046F7F7D7F9824643
:10A02000B4F908703046F6F731F981463046002120
:10A030006522F7F70BF984B2B8F1000F03D014B121
:10A0400004E00021DFE73046E9F74EFCF18C07EB36
:10A050000A00484309EBD971491007EBD772A1EB0D
:10A060006201081A06B2B8F1000F17D0B4B1684601
:10A07000EBF70AFB0F48CDE900502846F7F7DBFA6B
:10A080000B940890CDE909060B4803900B48079004
:10A090006846EBF76DFB12B0BDE8F087054928462E
:10A0A000EBF7AAFA12B031462846BDE8F047F9F7B7
:10A0B00052B8000011AA02084FA50208EF56010885
:10A0C0002DE9F04F0C464FF4A02689B005463146E5
:10A0D000F6F7F6FF079031462846F7F73FF8834634
:10A0E00031462846F7F79AF8824631462846F6F771
:10A0F00081FF814631462846F7F750F906903146F0
:10A100002846F7F769F9804631462846F7F734F9CB
:10A11000059031462846F6F7EFFE074631462846B9
:10A12000F6F7E4FE06461CE0079BCDF808B0CDE943
:10A130000083CDE903A9DDE90523A1B22846E8F7AC
:10A14000BDFAB04201DA014600E03146B94201DA17
:10A15000384602E0B04200DB3046E96A21F81400DC
:10A16000641CE88CA042DFD82846F8F73DFA09B015
:10A170002846BDE8F04FF7F773BD00002DE9F04F1A
:10A18000464C8DB0606801680A7CD2077ED0C968F1
:10A19000496800297FD000F5AC70DBF742FC00284D
:10A1A00079D160680168CA6893680C9311688B4222
:10A1B00000D151688946EEF757FA0B90202103A889
:10A1C000D6F7AAF80025A0463CE0411991F83011D5
:10A1D000B9BB00F5AC70DBF792FB0646A0462EE05B
:10A1E000D8F804003146444600F5AC70DBF799FB23
:10A1F00083466068314600EBC50203A83032DAF7C7
:10A2000021FD0746401C19D000240DF10C0A09E07D
:10A21000DBF7B8FB0AEBC401641C0A6802604968FA
:10A22000416064B2D8F80400BC42314600F5AC701D
:10A23000EEDBDBF7FFFB3046F4F768FB5E46002EF3
:10A24000CED16D1CD8F804004446B0F85011A94294
:10A25000BBD8254600F5AC70DBF751FB12E00B983C
:10A26000CDF80090CDE901046868DDE90B210068B4
:10A270002346C06B866BB0476868214600F5AC701A
:10A28000DBF74FFB0400EAD1686800E003E000F56B
:10A29000AC70DBF71EFB0DB0BDE8F08F88C101206C
:10A2A0002DE9F0410746F5F79FFF0546002412E02F
:10A2B000B868006850F824603046F7F7D1FC0022F7
:10A2C0002A213046F1F79AFA3046F7F7C9FC3046B2
:10A2D000FFF7E6FF641CAC42EAD3BDE8F081000062
:10A2E0002DE9FE4F0446E7F7D8FF060009D0F2F744
:10A2F0001DFE8046F2F75BFE042805D0022803D03D
:10A3000012E00120BDE8FE8FE28C21462285042860
:10A310000AD10846F6F722F80546F1F7FBFE18B118
:10A3200000212846F1F777FF4046F2F740FE01286A
:10A3300004D04046F2F73BFE032863D1A06A8003B5
:10A3400031D4002569464046F2F706FEBDF802000A
:10A35000F18A401AADF80200BDF80000B18A401A37
:10A36000ADF8000069463046F3F7C0F907463046BD
:10A37000F3F7A5FB8246002080460646DFF894905E
:10A3800001900DE0D9F8002001A9504690470A2815
:10A3900003D1B84501D06D1C2DB2DDF80480761CC8
:10A3A000BE42EFD327E000212046F6F7E2FF054644
:10A3B00000212046F7F70AF82989B4F91A20084441
:10A3C000B4F9161007B2501A00EBD07001EB600020
:10A3D00005B20C214046F2F7A8FEF18A084400B20B
:10A3E000281A90FBF7F0002800DA0020A18C8142A7
:10A3F00000DC481E05B2002D04DBA9B20122204674
:10A40000F9F79BFAE08C029002AA1C212046F1F792
:10A41000F5F977E75400002070B5D1E90245D5B1D0
:10A42000D4B1E560AC6000EBC21505EB8305EE6BC3
:10A430008E420FD1EC6384420CD100EB82050121E6
:10A440006C6901FA03F39C436C6103D10369914089
:10A450008B43036170BDFEE7FEE72DE9F0410C463A
:10A46000498C06460020C1F305110EE026B1E268D2
:10A4700052F83020B24207D14FF6FF724FF47021EC
:10A480002046F8F7C9F802E0401C8142EED8204689
:10A49000F5F7AAFE0746002507E0A068006850F817
:10A4A00025103046FFF7D9FF6D1CBD42F5D3BDE83E
:10A4B000F0812DE9FF5F9846DDE90E54DDE911A634
:10A4C000DDE9149BDBF7E0FC00683146876B48460A
:10A4D000F4F758FB0020034630E010990AFB00F225
:10A4E000414305EB212104EB222209124FEA2222EB
:10A4F00009D4DDF804C0614505DA002A03DBDDF884
:10A5000008C0624502DB09F800300AE002FB0811CE
:10A51000DDF800C0139A0CEB410102EB4002098800
:10A520001180BBF1060F07D11399BAB231F81010A0
:10A53000914201D109F80030401C00B2B042CCDB9E
:10A54000BDE8FF9F002200680A21F1F757B910B556
:10A550000068F5F749FFBDE81040E9F7C5B900000C
:10A560002DE9FF4F85B090460C460846F5F73CFFB5
:10A5700006461021F7F786F800286FD03046F5F729
:10A5800091FF834600253046F6F779F81434CDE97B
:10A59000024000B9059C00213046F6F74DFC82468A
:10A5A00000213046F6F70AFE504407B2002130463B
:10A5B000F6F7F6FC504400B20190F08A6188384406
:10A5C000421AB8F80210501A0FFA80F9728B0198EB
:10A5D000101AE288801A081A00B200903046F5F787
:10A5E000C2FEC11B0198081A00B20490B9F1000F15
:10A5F0000CDB0098002814DAB9F1000006DD0546EE
:10A600003046F6F743F8401B0AD40AE000980028C9
:10A6100007DD404205B23046F5F7F2FEE84200D5CC
:10A6200000250398012804D0022807D003280DD163
:10A6300015E0F08A61883844294421E0718B019843
:10A64000091AE0882844081A284405B20024304634
:10A65000F6F70EF80090A8B1029F14E0BDE0049850
:10A66000F18A00EBD07007EB60000844E288618853
:10A67000521A521C12B202EBD27205EB6202114462
:10A68000401AE1E7059F00213046F6F7EFFC504401
:10A690000FFA80F900213046F6F736FD5044B18AB2
:10A6A0000FFA80FA01EB09003988338B421AB8F8A7
:10A6B0000010501AA3EB0A02BB8800B2D21A891A02
:10A6C00009B200280ADB002912DA002806DD044658
:10A6D0003046F5F70FFF001B09D409E0002907DD1C
:10A6E000484204B23046F5F765FFE04200D5002449
:10A6F0003046F6F77EFFA0EB0901A1EB0A000099B6
:10A7000000B2012904D0022907D003290DD122E08B
:10A71000B18A01EB0900398803E0318BA1EB0A0013
:10A72000B9882144401A204404B22D493046EAF742
:10A7300063FF07462B493046EAF75EFF384306D0F1
:10A7400000220A213046F1F759F8012845D15FEA85
:10A75000CB7011D013E000EBD072B18A09EB62002C
:10A760000844B9883A88891A491C09B201EBD171A9
:10A7700004EB61011144D5E7002C00DA00245FEA04
:10A780008B7002D4002C00DD00245FEA4B7002D4F1
:10A79000002D00DA00255FEA0B7002D4002D00DDE9
:10A7A00000250898B8F90010002800D02046084479
:10A7B000A8F80000B8F9021002D14FF0000000E044
:10A7C00028460844A8F80200089B09B02A462146FA
:10A7D0003046BDE8F04FF8F791B809B0BDE8F08F0A
:10A7E000D7A80208BFA8020830B5AAB1B0F91A303C
:10A7F000B2F900401D19B0F93640A54201DAE31A5A
:10A800001380B0F91A40B2F90030E518B0F93A30C7
:10A810009D4201DD1B1B1380002915D0B0F91830B3
:10A82000B1F900209C18B0F93420944201DAD21A10
:10A830000A80B0F91820B1F90030B0F9380013449B
:10A84000834201DD801A088030BD1CB50446828E2B
:10A85000C18E6B46E7F773FABDF90000002801DAF4
:10A8600040420CE02046F6F7C4FEBDF904108842D1
:10A870000BDA2046F6F7BDFEBDF80410401A01B20F
:10A88000012300222046F8F7C9F8BDF9020000288C
:10A8900001DA40420CE02046F5F765FDBDF90610EF
:10A8A00088420BDA2046F5F75EFDBDF80610401A27
:10A8B00002B2012300212046F8F7B0F81CBD10B504
:10A8C0000346F5F7EAFE084401B2BDE81040002255
:10A8D0001846DBF7FDB810B50346F5F7E5FE08446A
:10A8E00002B2BDE8104000211846DBF7F1B8F8B518
:10A8F00005460C460846EFF7E3F94FF4803631463B
:10A900002846F6F77FFAE070022808D92846314633
:10A910002022F6F79BFC0090BDF80000A08028469E
:10A9200031463122F6F792FCC0B2002784F82200AB
:10A93000022814D9284631463222F6F787FC00B2A5
:10A940002084002809DD284631463022F6F77EFCB7
:10A950000090BDF80000E08301E084F822702846F2
:10A9600031464522F6F772FCC0B284F83600022860
:10A970001AD9284631464022F6F768FC00B2E08535
:10A9800000280FDD284643223146F6F75FFCA086FB
:10A99000284644223146F6F759FC0090BDF80000E5
:10A9A000A08501E084F8367031462846F6F7B0FA03
:10A9B000FD280AD2E17811FB00F1090AE170414358
:10A9C000080A84F8220084F83600E07830B994F858
:10A9D000220018B994F83600002805D031462846E0
:10A9E000F6F77EFC20800120F8BD08B500238DF825
:10A9F00000108DF801205A1E694604F033F908BD95
:10AA0000A0F84410F7F72CB9A0F84610F7F728B9CA
:10AA100009B2F8F7A0BB00002DE9F84F04464F102B
:10AA200091460D464FEA610AC80700D17F1E6000BB
:10AA30008346F3F70DFF06464B46002026E000BF95
:10AA400003EB4400009030F8021C6943601E15D4EB
:10AA5000002200EB0A0C26F81010A44501DA33F8A6
:10AA60001C208A1AC11B012901D5198803E003EBB8
:10AA7000410131F8021C401E1144E9D55A463146C5
:10AA80001846F3F77FFF009B08F101008046A042C3
:10AA9000D6DB4FF47F51B1FBF5F2002093B214FBEB
:10AAA00004FC0CE039F8102042B18A4202D129F8A6
:10AAB000103003E092FBF5F229F81020401C844589
:10AAC000F0D8002039E000BF09EB4002934613881C
:10AAD0006B43002123E0002B02DA4FF0000C01E071
:10AAE0004FEAA31C26F811C0A1EB0A0CBCF1000F21
:10AAF00002DCB2F800C003E00CFB040839F818C00F
:10AB0000A3EB0C0CCB195B1CA34200DB631E03FB05
:10AB1000040802EB440239F81830491C6344A1428E
:10AB2000D9DB5A46002105E036F81130138002EBDC
:10AB30004402491CA142F7DB401CA042C4DB304662
:10AB4000BDE8F84FF3F7D0BE2DE9F0470E468AB0C6
:10AB50001F468046014615469146D41907A8EBF7D3
:10AB600029FB05EBD57007EB600145F30002891A5C
:10AB7000891EADF82010012101EB6000ADF81E0028
:10AB80004046EBF78EFBBDF82010081AADF81C000C
:10AB90004046EBF760FBBDF81E1000230844ADF8FB
:10ABA00022003A4607A901A8EEF7BAFF4D46B9F1CF
:10ABB000010F01D04FEA69052046F3F749FE8246AE
:10ABC000B046002734E021465046F3F7DBFF01A8EA
:10ABD0000090DDF804C023B23AB200215046E047AD
:10ABE00040B19AF80000800190FBF5F1A8F8001040
:10ABF000012018E061004046F3F796FF15E000BF22
:10AC00000AEB00021AF8001012F8012C914204D14C
:10AC100008EB400131F8022C02E0890191FBF5F2CA
:10AC200028F81020401CA042EADB08EB44087F1CF7
:10AC3000A742C8DB5046F3F757FE01A8EEF7E8FC41
:10AC4000012D14D020B2324629460746FFF7E4FE14
:10AC500009F00100284401B2012926DD4FF47F509C
:10AC600090FBF1F2002093B204FB04F517E0002002
:10AC7000644304E036F810108A093254401C8442C0
:10AC8000F8DC0AB0BDE8F08736F8102032B1FF2AB0
:10AC90000ED0920192FBF1F226F81020401C854262
:10ACA000F2D832463846FFF7B7FE0020644307E08B
:10ACB00026F81030F2E700BF16F810103154401C8F
:10ACC0008442F9DCDDE7F0B597B0074614460D463F
:10ACD00001A8EEF7F5FFFF2211461046EDF717F831
:10ACE0000090BDF800000090BDF80000ADF808002D
:10ACF00000262A4601A93846EEF7CEFF0FA8EEF748
:10AD000013FA23462A460FA938460096EDF76CFF42
:10AD100017B0F0BD10B512480446D5F749FC12280B
:10AD200012D2DFE800F0090909090C0C0C0C0C0C1C
:10AD30000F0F0F0F0F0F0F0FFDF768F804E0FDF76F
:10AD400033F801E0FDF74AF8054A23461C3A02F1C0
:10AD50002601BDE8104001F10A00FCF785BE0000A5
:10AD600048D4012030B591B005464FF4E02165226A
:10AD7000F6F76CFA040017D06846EAF785FC0F482E
:10AD80000B94CDE9005001200E9400210890CDE9EC
:10AD900009010B4807904FF6FF70ADF84000684678
:10ADA000EAF7E6FC11B030BD04492846EAF724FC76
:10ADB00015F8540F40F001002870F3E77D92000869
:10ADC000475701082DE9FC47FE4DFF4C95F8200040
:10ADD000C00703D0FD48ECF700FF03E00421122078
:10ADE000F8F736FA0090BDF80000608095F8200072
:10ADF000C00704D005211220F8F72AFA03E0042145
:10AE00001220F8F70DFA0090BDF80000A08095F828
:10AE10002000C00703D0EE48ECF7DFFE01E0EDF7BD
:10AE200086F80090BDF80000E08095F82000C0078B
:10AE300003D0E848ECF7D1FE03E002211220F8F736
:10AE400007FA0090BDF800002081E068D03001F0E2
:10AE50007DFAE068D83001F079FA00264620CDE985
:10AE60000006D8485023DC4ADC492838F9F7C0FDF1
:10AE7000D44800965023D84AD84914380196F9F797
:10AE8000B7FDD049E0682839D030F9F7A9FDCD49A0
:10AE9000E0681439D830F9F7A3FDE068083001F014
:10AEA00055FA95F82000C00704D002211220F8F7C7
:10AEB000B7F902E01220F8F7E5F90146E06808303A
:10AEC000F9F7FCFBE06847F6FF7A51460830F9F7DE
:10AED0003EFD0721E868EDF7A8FA0146E068083072
:10AEE000F9F763FC0521E868EDF79FFA0146E06891
:10AEF0000830F9F779FDE06866210830F9F7F8FBCA
:10AF0000B049E06814390830F9F76AFDE06810309C
:10AF100001F01CFAE068FF211030F9F7E9FBE06866
:10AF200001F014FAFF21E068F9F7E2FB6088ADF860
:10AF300000000099E068F9F7C1FBA088ADF80000B7
:10AF40000099E068F9F731FD607801287ED0022889
:10AF5000E8687CD05FF00A01EDF767FA0146E06827
:10AF6000F9F75CFC6078012872D00228E86870D09C
:10AF70005FF00A01EDF759FA0146E068F9F72CFC99
:10AF8000E068183001F0E2F960780128E8687DD0C7
:10AF90005FF00801EDF749FA0146E0681830F9F76B
:10AFA000D6FCE068FF211830F9F7A2FBE088ADF885
:10AFB0000000E06800991830F9F780FB2089ADF8AF
:10AFC0000000E06800991830F9F796FB0221E86864
:10AFD000EDF72BFA0146E0681830F9F7A4FBE068BA
:10AFE00001211830F9F797FBA088ADF80000E06860
:10AFF00000991830F9F7D9FC607801287ED0022832
:10B00000E8687CD05FF01001EDF70FFA0146E068C8
:10B010001830F9F7CAFB6078012871D00228E86877
:10B020006FD00A21EDF701FA0146E0681830F9F710
:10B03000F5FB6078012865D00228E8687ED00A21F7
:10B04000EDF7F3F90146E068183003E083E085E0AE
:10B0500086E088E0F9F7C0FB1220F8F713F9014603
:10B06000E0681830F9F773FB0121E868EDF7DDF9C6
:10B070000146E0681830F9F775FBE068A03001F090
:10B0800065F9DFF84081A8F1280800E06DE0E0688C
:10B090004646D8F83810A030F9F770FB0321E8686D
:10B0A000EDF7C3F90146E068A030F9F77AFB032118
:10B0B000E868EDF7BAF90146E068A030F9F76DFBF2
:10B0C000E0687F21A030F9F764FBE068A83001F068
:10B0D0003DF9708FADF80000E0680099A830F9F7ED
:10B0E0004DFB0321E868EDF7A0F90146E068A830C0
:10B0F000F9F757FBE0687F21A83004E037E039E03A
:10B100003AE03CE03DE0F9F744FBE068203001F034
:10B110001DF96078012839D00228E86839D0082163
:10B12000EDF783F90146E0682030F9F710FCE0689C
:10B13000FF212030F9F7DCFA208900E024E0ADF8A7
:10B140000000E06800992030F9F7B8FA95F820007F
:10B15000C00720D06FE00E21E868FDE60C21FBE679
:10B160000E21E86806E70C2104E70C2112E71821FC
:10B17000E86849E7142147E70E21E86852E70C2107
:10B1800050E70E21E8685BE70C2159E71021E868D9
:10B19000C6E70C21C4E71220F8F774F80146E0680E
:10B1A0002030F9F7D8FB0020EDF74CFA00EB400017
:10B1B0004FF4A079A0265030484517DB0020EDF76A
:10B1C00041FA0DE0C0050120C8C101201A17150081
:10B1D000302B280037322F0023570108BCB5040854
:10B1E00000EB4000503090FBF6F000E0012001B28F
:10B1F000E0682030F9F7C6FBE0687F212030F9F7DE
:10B20000B9FB0020EDF71EFA502707EB80004845F8
:10B2100007DB0020EDF716FA07EB800090FBF6F055
:10B2200000E0012001B2E868EDF7FFF80146E068B0
:10B230002030F9F79BFBA088ADF80000E06800998A
:10B240002030F9F7B2FB607801287DD00228E86849
:10B250007BD01021EDF7E9F80146E0682030F9F7DE
:10B26000CAFA6078012871D00228E8686FD00A21F4
:10B27000EDF7DBF80146E0682030F9F7D7FA052151
:10B28000E868EDF7D2F80146E0682030F9F7A4FA53
:10B290000521E868EDF7C9F80146E0682030F9F7C4
:10B2A000BDFAFF49FD4808600831FE480860E068C3
:10B2B000583001F04BF8E068F9495830F9F73BFA9B
:10B2C000E06823215830F9F73AFAE068603001F07D
:10B2D0003DF8F349E06808316030F9F72CFAE0688E
:10B2E0007F216030F9F72BFAE068C03001F02EF8CA
:10B2F000E0680121C030F9F71AFAE0680121C03096
:10B30000F9F709FAE068803001F020F86078012848
:10B310007ED00228E8687CD05FF01001EDF785F858
:10B320000146E0688030F9F740FA6078012871D072
:10B330000228E8686FD01021EDF777F80146E06841
:10B340008030F9F76BFA03E0ECE3ECE3ECE3ECE3D9
:10B35000607801287ED00228E8687CD05FF0100178
:10B36000EDF763F80146E0688030F9F735FAE068F8
:10B37000783000F0EBFF607801286DD00228E86893
:10B380006BD00A21EDF751F80146E0687830F9F703
:10B390000CFA607801287CD00228E8687AD00A216B
:10B3A000EDF743F80146E0687830F9F719FAE068FC
:10B3B000883000F0CBFF0A21E868EDF736F8014647
:10B3C000E0688830F9F72AFA0A21E868EDF72DF8E5
:10B3D0000146E0688830F9F7FFF9E068903000F046
:10B3E000B5FF1421E868EDF720F80146E0689030D9
:10B3F000F9F7EAFAE068983000F0A8FFE068022167
:10B400009830F9F7CEFAE068683000F09FFF03E06B
:10B41000FEE3FEE3FEE3FEE3E06800216830F9F7B7
:10B42000C4F9E06800216830F9F7F8F9E068002114
:10B430006830F9F7D1F9E068703000F087FF607884
:10B4400001287CD00228E8687AD00221ECF7EDFFD1
:10B45000014603E0FEE3FEE3FEE3FEE3E068703056
:10B46000F9F7A3F9607801286BD00228E86869D061
:10B470005FF00201ECF7D9FF0146E0687030F9F7A0
:10B48000CDF9607801287DD00228E8687BD00221C0
:10B4900001E0E6E3E6E3ECF7C8FF0146E068703060
:10B4A000F9F79AF9E068283000F050FFE068464666
:10B4B000D8F838102830F9F701F9ECF738FD0146D3
:10B4C000E0682830F9F771FAE068FF212830F9F7D1
:10B4D0000FF9E068303000F039FFE068B16B3030D0
:10B4E000F9F7ECF8E068B16B3030F9F75EFAE06834
:10B4F00033213030F9F7FCF8E068383000F026FFEF
:10B50000708FADF80000E06800993830F9F7D6F890
:10B51000ECF70DFD0146E0683830F9F746FAE068CF
:10B52000FF213830F9F7E4F8E068403000F00EFF12
:10B53000708FADF80000E0680099403003E0FDE353
:10B54000FDE3FDE3FDE3F9F7B9F8708FADF8000016
:10B55000E06800994030F9F728FAE068332140307C
:10B56000F9F7C6F8E068483000F0F0FE2089ADF841
:10B570000000E06800994830F9F7A0F8E068FF2182
:10B58000483001E0FDE3FEE3F9F7B2F8A088ADF83A
:10B590000000E06800994830F9F707FAE068503099
:10B5A00000F0D4FEE088ADF80000E068009950306B
:10B5B000F9F784F8E068FF215030F9F799F8A0888E
:10B5C000ADF80000E06800995030F9F7EEF9E06856
:10B5D000B03000F0BBFEE06857465146B030F9F796
:10B5E000B6F9E068B83000F0B1FEE0680021B8308C
:10B5F000F9F7ADF9E068C83000F0A8FE0321E8686B
:10B60000ECF713FF0146E068C830F9F7E5F90321CC
:10B61000E868ECF70AFF0146E068C830F9F7D8F9A6
:10B62000E068F03000F092FEE068B16BF030F9F7BE
:10B6300045F8E068FF21F030F9F75AF80621E8688C
:10B64000ECF7F3FE0146E068F030F9F7AEF8E06899
:10B650003946F030F9F77BF9E068E03000F076FE2B
:10B66000E068C821E030F9F712F8E068E83000F04F
:10B670006DFEE0687821E830F9F709F8E06800F538
:10B68000807000F063FE2089ADF80000E06800994A
:10B6900000F58070F8F7FFFF0F2105E04D930008DB
:10B6A000D8C10120D12A0108E868ECF7BEFE0146A6
:10B6B000E06800F58070F8F7FDFFE068012100F513
:10B6C0008070F8F7F3FFE06800F5847000F03EFE4C
:10B6D000E068B16B00F58470F8F7DDFFE06800F515
:10B6E000987000F033FEE0684FF4827100F59870B6
:10B6F000F9F73CF8E06800F59C7000F027FE0321A4
:10B70000E868ECF792FE0146E06800F59C70F9F7F6
:10B710004CF80221E868ECF788FE0146E06800F585
:10B720009C70F9F700F8E068B16B00F59C70F8F7D1
:10B73000E3FFE088ADF80000E068009900F59C7038
:10B74000F8F7BCFFE068FF2100F59C70F8F7D0FF28
:10B7500060780128E8687CD05FF00801ECF765FEAE
:10B7600000EBD0704110E06800F59C70F9F7EFF83D
:10B77000E06800F5A07000F0E9FDE068FCA100F5CC
:10B78000A070F8F7B1FFECF7D2FB0146E06800F5D6
:10B79000A070F9F70AF9E068696900F5A070F9F797
:10B7A0000FF9E06800F5A47000F0D0FD0421E8680E
:10B7B000ECF73BFE404201B2E06800F5A470F8F7F8
:10B7C000F4FFECF7B4FB0146E06800F5A470F8F76D
:10B7D00075FFE06800F5A87000F0B8FDE068012191
:10B7E00000F5A870F8F7BEFFA088ADF80000E0688B
:10B7F000009900F5A870F8F7AAFFE06800F59470CA
:10B8000000F0A4FDE068002100F59470F8F783FFD4
:10B810000A21E868ECF709FE0146E06800F594703B
:10B82000F8F7DAFF2089ADF80000E068009900F52C
:10B830009470F8F78CFFE06800F5887000F086FDE2
:10B840000321E868ECF7F1FD0146E06800F5887037
:10B8500000E019E3F8F786FF0321E868ECF7E5FD5F
:10B860000146E06800F58870F9F771F80821E8688A
:10B87000ECF7DBFD0146E06800F58870F9F786F823
:10B880000221E868ECF7D1FD0146E06800F5887018
:10B89000F8F7A2FFE06800F58C7000F057FDE06853
:10B8A000394600F58C70F9F752F80821E868ECF792
:10B8B000BCFD0146E06800F58C70F9F767F8E068B8
:10B8C000B16B00F58C70F8F7F9FEE068FF2100F528
:10B8D0008C70F8F70DFFE06800F5907000F036FD11
:10B8E0000121E868ECF7A1FD0146E06800F59070E1
:10B8F000F8F738FFA088ADF80000E068009900F57F
:10B900009070F8F724FF0221E868ECF78EFD0146FD
:10B91000E06800F59070F8F748FF1220F7F7B2FCE6
:10B920000146E06800F59070F9F73FF8E06800F52F
:10B93000D07000F00BFDE068002100F5D070F8F742
:10B9400034FFE068002100F5D070F8F749FFE068A7
:10B95000002100F5D070F8F7FAFFE068012100F54A
:10B96000D070F8F7E4FEE068002100F5D070F8F739
:10B97000D6FEE06800F5EC7000F0E8FC6078012885
:10B98000E8687CD05FF00801ECF74FFD0146E06805
:10B9900000F5EC70F8F7DBFFE068012100F5EC70D2
:10B9A000F8F7C5FEE068FF2100F5EC70F8F7A0FE9F
:10B9B000E088ADF80000E068009900F5EC70F8F759
:10B9C0007DFEA088ADF80000E068009900F5EC70FD
:10B9D000F8F7EBFFE06800F5D47000F0B7FC607892
:10B9E00001287DD00228E8687BD00A21ECF71DFDF4
:10B9F0000146E06800F5D470F8F7FDFE6078012894
:10BA000070D00228E8686ED05FF00A01ECF70DFDF7
:10BA10000146E06800F5D470F8F708FF6078012867
:10BA20007ED00228E8687CD05FF00A01ECF7FDFCCC
:10BA30000146E06800F5D470F8F7D2FE0121E8680D
:10BA4000ECF7F3FC0146E06800F5D470F8F76BFE04
:10BA5000E068192100F5D470F8F759FEA088ADF818
:10BA60000000E068009900F5D470F8F745FEE06842
:10BA7000002100F5D470F8F752FEE06800E005E21E
:10BA800000F5D87000F062FCE068002100F5D87085
:10BA9000F8F78BFEE068002100F5D870F8F7A0FEFB
:10BAA0000121E868ECF7C1FC0146E06800F5D870B8
:10BAB000F8F739FEE068192100F5D870F8F727FE8D
:10BAC000A088ADF80000E068009900F5D870F8F79C
:10BAD00013FEE068082100F5D870F8F720FE03E0B7
:10BAE000D6E1D8E1D9E1DBE1E06800F5DC7000F0F7
:10BAF0002DFCE068002100F5DC70F8F756FEE068E8
:10BB0000002100F5DC70F8F76BFEE06800F5E470EA
:10BB100000F01CFC607801287ED00228E86805E06F
:10BB2000C0E1C2E174E177E178E17BE175D00A21FF
:10BB3000ECF77BFC0146E06800F5E470F8F75BFE8B
:10BB4000607801286AD00228E86868D05FF00201B6
:10BB5000ECF76BFC0146E06800F5E470F8F766FE70
:10BB6000607801287AD00228E86878D00A2101E0BC
:10BB7000EF808C00ECF759FC0146E06800F5E470BA
:10BB8000F8F72EFEE06800F5E87000F0DFFB607863
:10BB9000012865D00228E8687DD00221ECF745FC39
:10BBA0000146E06800F5E870F8F725FE60780128A6
:10BBB00072D00228E86870D05FF00201ECF735FC23
:10BBC0000146E06800F5E870F8F730FEE068002113
:10BBD00000F5E870F8F7CEFEE068002100F5E870A7
:10BBE000F8F786FDA088ADF80000E068009900F540
:10BBF000E870F8F7DAFEE06800F5E07000F0A6FB08
:10BC0000E068002100F5E070F8F7F5FD002107E09D
:10BC10000AE10DE10EE111E149E14BE14CE14EE1B8
:10BC2000E06800F5E070F8F7DBFDE06800F5F07023
:10BC300000F08CFBE068332100F5F070F8F758FD58
:10BC40001220F7F71FFB0146E06800F5F070F8F7E7
:10BC500035FD08E0F4E0F7E0F8E0FBE031E133E146
:10BC600034E1F9E0FCE0E06800F5F47000F06EFB10
:10BC7000E068002100F5F470F8F73AFD60780128DB
:10BC80007ED00228E8687DD05FF00201ECF7CDFBA2
:10BC90000146E06802E01CE11DE11FE100F5F470DF
:10BCA000F8F7C4FDE06800F5B07000F04FFB052127
:10BCB000E868ECF7BAFB0146E06800F5B070F8F709
:10BCC00051FDA088ADF80000E068009900F5B07063
:10BCD000F8F73DFD1421E868ECF7A7FB0146E068A2
:10BCE00000F5B070F8F752FE0F21E868ECF79DFB05
:10BCF0000146E06800F5B070F8F788FDE06800F5EF
:10BD0000B47000F023FBE068394600F5B470F8F732
:10BD10001EFEA088ADF80000E068009900F5B47040
:10BD2000F8F7CCFCE068FF2100F5B470F8F7E0FC10
:10BD30000F21E868ECF779FB014603E092E095E01B
:10BD400096E099E0E06800F5B470F8F71FFEE0684F
:10BD500000F5AC7000F0FAFA0121E868ECF765FB39
:10BD60000146E06800F5AC70F8F7DDFC2089ADF81D
:10BD70000000E068009900F5AC70F8F7BDFC03E046
:10BD8000AEE07BE0B0E07DE0E068032100F5AC7060
:10BD9000F8F7C5FCE06800F5B87000F0D7FAA088A5
:10BDA000ADF80000E068009900F5B870F8F7A4FC61
:10BDB0000221E868ECF739FB0146E06800F5B8704D
:10BDC000F8F7B1FC0121E868ECF72FFB404201B223
:10BDD000E06800F5B870F8F719FDE068042100F597
:10BDE000B870F8F79CFCE0684FF4C87100F5B870C3
:10BDF000F8F74DFCE06800F5BC7000F0A7FA95F884
:10BE00002000C00772D002211220F7F709FA71E072
:10BE10001821E868FFF71EBA1421FBE70E21E86835
:10BE2000FFF726BA0C21FBE71821E868FFF776BA7E
:10BE30001421FBE71821E868FFF77EBA1421FBE71D
:10BE40001821E868FFF78CBA1421FBE70E21E86897
:10BE5000FFF798BA0C21FBE70E21E868FFF7A0BABC
:10BE60000C21FBE70821E868FFF7F0BA0621FBE7A1
:10BE70000821E868FFF7FEBA0621FBE70821E86819
:10BE8000FFF706BB0621FBE70C2167E40C217BE5ED
:10BE90000E21E868AAE50C21A8E50E21E868B5E5C1
:10BEA0000C21B3E50E21E868C0E50C21BEE50E21AA
:10BEB000E8683DE60C213BE60821E86848E60621F3
:10BEC00046E60E21E86852E60C2150E60821E868B3
:10BED00064E6062162E60821E8686FE606216DE661
:10BEE0000821E868D2E601E00621CFE60121122010
:10BEF000F7F7AEF90146E06800F5BC70F8F755FDBC
:10BF0000E06800F5C07000F021FA607801287DD06B
:10BF10000228E8687BD00A21ECF787FA0146E0683E
:10BF200000F5C070F8F741FC6078012870D0022855
:10BF3000E8686ED05FF00A01ECF777FA00EBD0709A
:10BF40004110E06800F5C070F8F74AFCE06800F5C1
:10BF5000C47000F0FBF90121E868ECF766FA0146CD
:10BF6000E06800F5C470F8F7DEFB2089ADF800004A
:10BF7000E068009900F5C470F8F7BEFBE088ADF802
:10BF80000000E068009900F5C470F8F797FBE068DE
:10BF9000332100F5C470F8F7ABFBE06800F5C8701A
:10BFA00000F0D4F9607801287DD00228E8687BD0C1
:10BFB0005FF00A01ECF739FA0146E06800F5C87055
:10BFC000F8F719FC607801286FD00228E8686DD076
:10BFD0005FF00A01ECF729FA0146E06800F5C87045
:10BFE000F8F720FC607801287DD00228E8687BD033
:10BFF0005FF00201ECF719FA0146E06800F5C8703D
:10C00000F8F7E6FB607801286FD003E05BE160E1C0
:10C0100061E163E10228E86868D00A21ECF705FADB
:10C020000146E06800F5C870F8F7DAFBE06800F553
:10C03000CC7000F08BF90A21E868ECF7F6F90146BC
:10C04000E06800F5CC70F8F735FBE06800F5FC70AF
:10C0500000F07CF90421E868ECF7E7F90146E068B4
:10C0600000F5FC70F8F7A1FBE06800F5F87000F04F
:10C070006DF9E06842F2640100F5F870F8F77AFBB8
:10C08000E06800F5007000F061F91220F7F7FAF8A7
:10C090000146E06800F50070F8F710FBE0687F21CA
:10C0A00000F5007003E01BE11EE11FE121E1F8F75C
:10C0B0001FFBE06800F5027000F048F9E06800211D
:10C0C00000F50270F8F75EFC607803287ED0012846
:10C0D000E8687CD05FF00801ECF7A7F90146E0685A
:10C0E00000F5027003E006E108E109E10DE1F8F76F
:10C0F0002EFCE06800F50E7000F028F9E068B16BE6
:10C1000000F50E70F8F7F8FA0221E868ECF78DF9FF
:10C11000400001B2E06800F50E70F8F704FBE0683B
:10C12000012100F50E70F8F7FAFAE06800F50C70DE
:10C1300000F00CF90221E868ECF777F9404201B20F
:10C14000E06800F50C70F8F728FBE06800F5047073
:10C1500000F0FCF8607801287ED00228E8687CD0E6
:10C160005FF01001ECF761F90146E06800F504703A
:10C17000F8F741FBE068002100F50470F8F756FB82
:10C18000E068002100F50470F8F72AFBE06801215F
:10C1900000F50470F8F7CBFAE06800F5067000F0DF
:10C1A000D5F80121E868ECF740F90146E06800F5B0
:10C1B0000670F8F7B8FA2089ADF80000E068009939
:10C1C00000F50670F8F798FA012101E09FE0A6E07B
:10C1D000E06800F50670F8F7A2FA6078012875D0DB
:10C1E0000228E86873D00A21ECF71FF90146E068DD
:10C1F00000F50670F8F7D9FA6078012868D00228AF
:10C20000E86870D05FF00A01ECF70FF90146E068CA
:10C2100000F50670F8F7E0FAE06800F5087000F045
:10C2200095F8607801286ED00228E8686CD010215B
:10C23000ECF7FBF80146E06800F50870F8F7CCFB76
:10C24000E06800F5107000F081F8E068FF2100F56B
:10C250001070F8F74DFA01E063E065E0EBF767FE78
:10C260000146E06800F51070F8F728FA1220F7F799
:10C2700009F80146E06800F51070F8F72AFAE0685E
:10C28000394600F51070F8F762FB0F21E868ECF70B
:10C29000CCF80146E06800F51070F8F773FBEBF797
:10C2A00046FE0146E06800F51070F8F754FB0521E2
:10C2B000E868ECF7BAF80146E068BDE8FC4700F52D
:10C2C0001070F8F75BBB0E21E86825E62EE030E041
:10C2D00031E00C2120E60E21E8682DE60C212BE64A
:10C2E0000E21E86866E629E00C2163E60E21E86885
:10C2F00070E60C216EE60821E8687BE6062179E607
:10C300000E21E8688AE61BE01DE00C2186E6082184
:10C31000E868ECF78AF800EBD0704010DEE60C21FC
:10C32000DAE61821E8681DE714211BE70E21E8680A
:10C330005AE70C2158E70E21E86865E70C2163E70E
:10C340001821E86874E7142172E7000003490978AE
:10C3500009B1F8F788B9F8F77CB80000C8C1012026
:10C360002DE9F35F0198F4F73FF8FE4C00287DD0EB
:10C37000FD490198F3F755FA00284BD00198F4F7DE
:10C3800033F80546F949F3F74CFA00286FD12846EF
:10C39000F4F72AF8F549F3F744FA30B1E1680022DE
:10C3A00080310198F2F756FFF9E30198F3F7E1FFC6
:10C3B00088B90198F4F718F8ED49F3F732FA50B15B
:10C3C000E168002248310198F2F744FFE168002259
:10C3D0007031019844E20198F3F7CBFF01280CD1AA
:10C3E0000198F4F701F8E249F3F71BFA28B10022AB
:10C3F000E1680198F2F72EFFD0E70198F3F7F4FF18
:10C40000DC49F3F70EFA0028C0D1E16800221831A8
:10C410000198C7E7D8490198F3F703FA002854D0E8
:10C42000E168002220310198F2F714FFE168002250
:10C4300028310198F2F70EFFE1680022D03101980F
:10C44000F2F708FFE168202258310198F2F702FF65
:10C45000E1682022D8310198F2F7FCFEE16804225D
:10C46000A0310198F2F7F6FE202201E0FEE39CE005
:10C47000E1680198C831F2F7EDFEE1680122383138
:10C480000198F2F7E7FEE168802260310198F2F747
:10C49000E1FE0198F3F7A8FFB849F3F7C2F938B9FC
:10C4A0000198F3F7A1FFB649F3F7BBF900287CD058
:10C4B000E168002201F5E8710198F2F7CBFEE1682E
:10C4C000202201F5F071019884E7AE490198F3F755
:10C4D000A8F928B1E168002201F5A871019879E76F
:10C4E000A9490198F3F79DF94FF4A02808F1010933
:10C4F00008F1040A002870D00198F3F775FFA349EA
:10C50000F3F78FF920B3E168002201F5FC7101987F
:10C51000F2F7A0FEE168002288310198F2F79AFE56
:10C52000E168424620310198F2F794FEE168984AAA
:10C5300058310198F2F78EFE954AE1686032603119
:10C540000198F2F787FEE1684A4628310198FDE339
:10C550000198F3F749FF8549F3F763F930B3E168D0
:10C56000002250310198F2F775FEE1680422A031F3
:10C570000198F2F76FFEE168042201F50C71019851
:10C58000F2F768FEE168824A58310198F2F762FEDC
:10C59000E1684D464A4630310198F2F75BFEE168AA
:10C5A0002A4601F50E71019801E0F5E316E0F2F775
:10C5B00051FEE16855465246A0310198F2F74AFE15
:10C5C000734AE168183AA8310198F2F743FEE1682E
:10C5D0002A4601F50C710198FCE662E00198F3F738
:10C5E00003FF6449F3F71DF90028E16801984FF053
:10C5F000000222D001F5C071F2F72CFEE16804229E
:10C60000A0310198F2F726FEE1680822A8310198CE
:10C61000F2F720FEE168424601F5C4710198F2F795
:10C6200019FEE1685A4A58310198F2F713FE584A48
:10C63000E16860326031019825E01831F2F70AFEB6
:10C64000E1680422A0310198F2F704FEE1680822B3
:10C65000A8310198F2F7FEFDE168424620310198C9
:10C66000F2F7F8FD4A4AE168603260310198F2F76A
:10C67000F1FDE168464A58310198F2F7EBFDE168B7
:10C680004A4628310198F2F7E5FDE1685246A031AB
:10C690000198F2F7DFFD3E4AE168183AA8310198A7
:10C6A00098E63C490198F3F7BCF84FF4003510B315
:10C6B000E168002230310198F2F7CCFDE1680022F8
:10C6C000B0310198F2F7C6FDE1680422A03101986B
:10C6D000F2F7C0FDE1680822A8310198F2F7BAFD2F
:10C6E000E1682A4628310198F2F7B4FDE1682A464C
:10C6F000B0310198B4E028490198F3F792F84FF46B
:10C70000403668B3E168002230310198F2F7A2FDAB
:10C71000E1680022B0310198F2F79CFDE168042243
:10C72000A0310198F2F796FDE1680822A83101983E
:10C73000F2F790FDE1682A4628310198F2F78AFD68
:10C74000E1682A46B0310198F2F784FDE16832468B
:10C75000F0310198F2F77EFD104DE1682A461FE0A6
:10C7600027E00000C8C1012034AD04084CB504081E
:10C77000A0B5040818AF040890AD040888B40408F4
:10C780006CB4040854AE0408ACAD0408C0B404088A
:10C790002000050074AD0408A8AE040820000300C2
:10C7A000C8310198F2F756FDE1683246D031019860
:10C7B000F5E0FB490198F3F734F8E8B3E1680022AB
:10C7C00018310198F2F746FDE168002268310198BE
:10C7D000F2F740FDE1680022B8310198F2F73AFD26
:10C7E000E1680422A0310198F2F734FDE1680822E3
:10C7F000A8310198F2F72EFDE1684FF4803208313C
:10C800000198F2F727FDE168E64A10310198F2F746
:10C8100021FDE1684546424650310198F2F71AFD84
:10C82000E1682A4601F5AC710198F2F713FDE16861
:10C830002A468031019800E013E0F2F70BFDE16831
:10C84000D94A58310198F2F705FDE168524628317E
:10C850000198F2F7FFFCD44AE168183A38310198A0
:10C8600028E2D2490198F2F7DCFFD14FDFF840B35C
:10C870007F3FE8B3E168002288310198F2F7EAFCD3
:10C88000E1680422A0310198F2F7E4FCE1685A461D
:10C8900060310198F2F7DEFCE1682A4601F59C71EF
:10C8A0000198F2F7D7FCE1683A4628310198F2F78F
:10C8B000D1FCE1683A4601F5A0710198F2F7CAFC93
:10C8C000BB4EE168603E324658310198F2F7C2FC37
:10C8D000E1683246C8310198F2F7BCFCE1683246A3
:10C8E000D8310198F2F7B6FCE1682A46D03100E071
:10C8F00001E00198E8E3AF490198F2F792FFE8B34D
:10C90000E168002248310198F2F7A4FCE1680022B6
:10C91000B0310198F2F79EFCE1680022E8310198FD
:10C92000F2F798FCE168802260310198F2F792FCFE
:10C93000E1680422A0310198F2F78CFCE1683A46E4
:10C9400028310198F2F786FCE1682A46B031019857
:10C95000F2F780FCE1685A4660310198F2F77AFC00
:10C96000E1683246F0310198F2F774FCE168324632
:10C9700050310198F2F76EFC324600E016E0E168B3
:10C98000019801F5A471F2F765FCE1688A4A60310B
:10C990000198F2F75FFCE1683A46D8310198F2F766
:10C9A00059FCE1682A46D83101988DE38349019802
:10C9B000F2F737FF4FF4E02BD8B3E16800221831CB
:10C9C0000198F2F747FCE168002278310198F2F70C
:10C9D00041FCE168002201F594710198F2F73AFCFC
:10C9E000E1684FF4803208310198F2F733FCE168D6
:10C9F0006C4A10310198F2F72DFCE168424601F5CE
:10CA000088710198F2F726FCE1682A4601F58C71DD
:10CA10000198F2F71FFCE1684FF4C02201F5907114
:10CA20000198F2F717FCE1685A4601F58871019800
:10CA30004AE3FFE762490198F2F7F3FE4FF48027DB
:10CA400028B3E168002218310198F2F703FCE1688D
:10CA50000022E0310198F2F7FDFBE16800229031FD
:10CA60000198F2F7F7FBE168002298310198F2F79C
:10CA7000F1FBE1680422A0310198F2F7EBFBE168D9
:10CA80000822A8310198F2F7E5FB3A461CE24D492D
:10CA90000198F2F7C6FE40B3E16800221831019810
:10CAA000F2F7D8FBE168002278310198F2F7D2FB67
:10CAB000E1680022D0310198F2F7CCFBE168202236
:10CAC000D8310198F2F7C6FBE1682022583101986D
:10CAD000F2F7C0FBE1680422A0310198F2F7BAFB3B
:10CAE000E1680822A831019859E737490198F2F71F
:10CAF00098FEA0B3E168002218310198F2F7AAFB72
:10CB0000E1680022C0310198F2F7A4FBE16800223D
:10CB100090310198F2F79EFBE168002201F59871CF
:10CB20000198F2F797FBE1684FF4803208310198E1
:10CB3000F2F790FBE1681B4A10310198F2F78AFB8B
:10CB4000E1683A4650310198F2F784FBE1681F4AE8
:10CB500028310198F2F77EFB1C4A1F3269E1FFE79A
:10CB60001B490198F2F75DFEA0B3E168002201F5D0
:10CB700080710198F2F76EFBE1682A4601F5807139
:10CB80000198F2F767FBE1682A4601F58471019884
:10CB9000F2F760FBE1683246F031019894E246E238
:10CBA000E0AE04084000010020000500C8AD040804
:10CBB00080000200C4AE0408800003006CAF0408CB
:10CBC00070AE0408E4AD040800AE040801000400DF
:10CBD00058AD0408FFE7F9490198F2F722FE98B131
:10CBE000E168002201F580710198F2F733FBE168FA
:10CBF0002A4601F580710198F2F72CFBE1682A467C
:10CC000001F5847101985FE2ED490198F2F709FEA0
:10CC100088B1E168002218310198F2F71BFBE16846
:10CC20000022B0310198F2F715FBE1682A4601F5C0
:10CC3000B471019848E2E3490198F2F7F2FDD0B3EC
:10CC4000E168002218310198F2F704FBE168002244
:10CC500078310198F2F7FEFAE1688022603101989C
:10CC6000F2F7F8FAE1680422A03100E0A1E10198AE
:10CC7000F2F7F0FAE1680822A8310198F2F7EAFA2F
:10CC8000E1684FF4803208310198F2F7E3FAE16885
:10CC9000CD4A10310198F2F7DDFAE168CB4A01F58F
:10CCA000B8710198F2F7D6FAE1684FF4002201F565
:10CCB000BC71019808E2FFE7C5490198F2F7B1FDA0
:10CCC00020B1E168002218310198C4E1C1490198FE
:10CCD000F2F7A7FD28B1E168002201F5C8710198BB
:10CCE000F2E1BD490198F2F79CFD0028F3D1BB4960
:10CCF0000198F2F796FD50B30022E1680198F2F72F
:10CD0000A9FA6078E168012847D0703100220198C3
:10CD1000F2F7A0FAE1680422A0310198F2F79AFA3A
:10CD2000E1680822A8310198F2F794FAE1684546D3
:10CD3000424620310198F2F78DFAE168A84A603145
:10CD40000198F2F787FA2A46E16801E016E026E04A
:10CD500050310198F2F77EFAE1682A4601F5027136
:10CD60000198F2F777FA9E4AE168603A58310198E3
:10CD7000F2F770FAE1684A4648310198F2F76AFA28
:10CD8000E168524630310198F2F764FA944AE1685A
:10CD9000783A4031019897E19BE17831B6E79149C3
:10CDA0000198F2F73EFD60B1E16800221831019868
:10CDB000F2F750FAE168002201F504710198FFF7DB
:10CDC000F1BA89490198F2F72CFD58B1E1680022C7
:10CDD00048310198F2F73EFAE168002201F5087146
:10CDE000019871E181490198F2F71BFD28B3E168D0
:10CDF000002250310198F2F72DFAE168002201F586
:10CE000006710198F2F726FAE168042228310198A8
:10CE1000F2F720FAE168042201F508710198F2F7AF
:10CE200019FAE168202201F508710198F2F712FA67
:10CE30002022E1680198583146E16D490198F2F7E6
:10CE4000F0FC58B1E168002218310198F2F702FABB
:10CE5000E168002201F5D071019835E1654901983A
:10CE6000F2F7DFFC28B1E168002201F5D8710198E2
:10CE7000A5E761490198F2F7D4FC28B1E1680022E6
:10CE800001F5DC7101989AE75C490198F2F7C9FC59
:10CE9000F0B1E168002201F5D4710198F2F7DAF9F6
:10CEA000E168202201F5F0710198F2F7D3F9E16809
:10CEB000212230310198F2F7CDF9E16801223031B9
:10CEC0000198F2F7C7F90422E16801982831FBE0E4
:10CED0004B490198F2F7A5FC20B94A490198F2F7AD
:10CEE000A0FC28B1E168002201F5E4710198EBE0B3
:10CEF00045490198F2F795FC28B1E168002201F557
:10CF0000E07101985BE741490198F2F78AFC28B18A
:10CF1000E168002201F5EC710198D5E03C490198E7
:10CF2000F2F77FFC28B1E168002201F5F471019865
:10CF3000CAE038490198F2F774FC58B1E168002260
:10CF400018310198F2F786F9E168002201F5F871CD
:10CF50000198B9E030490198F2F763FC28B1E16823
:10CF6000002201F500710198AEE02C490198F2F71A
:10CF700058FCC8B1E168002218310198F2F76AF94B
:10CF8000E168002278310198F2F764F9E16804223F
:10CF9000A0310198F2F75EF9E1680822A831019802
:10CFA000F2F758F95A468FE71D490198F2F739FC14
:10CFB00018B10022E168019801E733E030B50408B8
:10CFC000A4B40408FCAE04084000010002000700FD
:10CFD00018AF040834AF040850AF0408A4AF040825
:10CFE0008000050054B304088CB3040870B304082F
:10CFF000A8B3040834B4040850B40408E0B3040827
:10D0000088B404086CB40408C4B30408FCB304086E
:10D0100018B40408C0B40408F8B4040814B504082B
:10D0200068B504082C490198F2F7FBFB58B1E16898
:10D030004FF4803208310198F2F70CF9E168274A81
:10D040001031019840E026490198F2F7EAFB48B117
:10D050000022E1680198F2F7FDF8E16800226831EA
:10D06000019831E01F490198F2F7DBFB20B1E1683C
:10D070000022C031019827E01B490198F2F7D1FB4B
:10D08000B8B1E168002201F5CC710198F2F7E2F83D
:10D09000E168002280310198F2F7DCF8E16832465D
:10D0A00050310198F2F7D6F8E168324680310198A4
:10D0B0000AE00E490198F2F7B4FB002809D0E168B4
:10D0C0000198002201F5107102B0BDE8F05FF2F79F
:10D0D000C1B8BDE8FC9F000084B504084000010011
:10D0E0004CB50408A0B5040888AF040838B3040898
:10D0F0002DE9F84F0546EEF73FFB04462846EEF7CC
:10D1000079FB05460A2C4DD1EFF710FF10B10079DD
:10D11000012847D02846F3F7D3F806462846F3F708
:10D12000B5F8044669462846F3F7C4F9BDF900206E
:10D1300006EBD67002EB600090FBF6F07043BDF991
:10D14000021007B204EBD47001EB600090FBF4F026
:10D1500060430F260FFA80F800241AE02146284683
:10D16000F3F730F88146F4F74AFA82464846F4F776
:10D1700062FA0146BA450BD1414509D1C5F8249060
:10D1800099F8246000221C212846EEF737FB05E0C1
:10D19000641C2846F3F728F8A042DFD83146284619
:10D1A000F5F711FEBDE8F88F38B5304C2079401CFA
:10D1B000C0B220713C2845D300202071E178491C81
:10D1C000C9B2E1703C293DD3E070A178491CC9B2D5
:10D1D000A170182936D3A0706078401CC3B2637068
:10D1E000E288900705D16420B2FBF0F100FB11202A
:10D1F00090B94FF4C870B2FBF0F100FB112058B1A8
:10D20000002021780C2909D2DFE801F008080A087B
:10D210000F080F08080F080F0120F2E71F2005E094
:10D2200008B11D2002E01C2000E01E20834209D925
:10D230000120491CC9B2607021700C2902D92070EC
:10D24000521CE280606930B121790091E378A278C4
:10D2500007A1F1F756F8A069002806D0617800917F
:10D260002378E28806A1F1F74CF838BD7CC0012094
:10D27000253032643A253032643A25303264000079
:10D2800020256420E5B9B420256420E69C8820256B
:10D290006420E697A5200000C143491C0840B0FA6D
:10D2A00080F0C0F11F00704718B1B0FA80F0C0F1F3
:10D2B0002000401E7047000010B50C460020D7F734
:10D2C00015F9144A00061CD51348B0F90C10B0F932
:10D2D0001600002900DA0021002800DA0020B1F54C
:10D2E000F07F01DB40F2DF11B0F5A07F01DB40F2FF
:10D2F0003F105180908001231370A37321806080C0
:10D3000010BD0020A0735188218091886180107029
:10D3100010BD000008C10120D8C00120FEB50446A0
:10D320000025066804200BE0F26800EBC503D25824
:10D33000930104D5A36822F07F429A4206D06D1C67
:10D34000728CC2F30512AA42EED8FEBDA388442B0C
:10D350005BD00EDC332B4BD006DC202B55D0222BA0
:10D3600053D0302B13D150E0342B41D0362B0ED17B
:10D370004BE0622B3FD006DC472B46D0552B44D0E8
:10D38000572B04D134E0672B32D0682B30D059B3FF
:10D39000FF292BD0D4E90302121A4A4300EB2220C2
:10D3A0000090F068012701AA50F835001946F6F7F9
:10D3B000ABFF50B1DDE90001884206D1BDF80000A5
:10D3C000BDF80410884200D10027F068A188009AB7
:10D3D00050F83500F7F736FA002FB6D0A288A168CA
:10D3E0002068F5F719F9FEBDE068D9E72069D7E7AD
:10D3F000FF29FBDAF8E7E0680028F7D02269002A65
:10D40000CED08029CCDB0092CBE7002901DCA089BB
:10D4100020E0FF2901DB208A1CE0C8B2228AB4F890
:10D420000CC0001DC7080D491FFA8CF092B240EAEB
:10D43000004042EA024208400A40121A7A4300EBD6
:10D440005210084040EA1040ADF8080080B2029047
:10D45000BDF80800ADF80000A3E700001FF8E007E2
:10D460002DE9F04104682648A6882568D8F747FAD0
:10D4700010E0A1420BD008682268904207D188686A
:10D48000A268904203D18888A288904236D01C4876
:10D49000D8F747FA0100ECD1698C00270420C1F3CA
:10D4A000051129E0EA6800EBC703D258930122D5A1
:10D4B000A36822F07F429A421DD121461048D8F736
:10D4C000B9FA2046F1F722FAE868314600EBC704C2
:10D4D0002068F7F769F8E86850F83700F6F7BCFFFE
:10D4E00000280BD06068216820F07F422846BDE804
:10D4F000F041F5F768B97F1CB942D3D8BDE8F08197
:10D50000F002002070B50468A068A28800F47F06CD
:10D5100031462068F3F79AFEE060A5880020A080DD
:10D5200023462A463146206800F00CF8A580A16801
:10D530002068E5F777FAA1880068E268BDE87040E6
:10D54000F7F780B92DE9FF5F07469A460E4600259A
:10D550002548D8F7EDF904464FF470284FF0040938
:10D560003CE054453CD021461F48D8F7DEF98346BD
:10D570002068B84231D1A068B04201D046452CD1D4
:10D58000A1880298814203D0A0F57F41FF3924D1C0
:10D59000002511E0F86809EBC50141588A010AD558
:10D5A000464503D021F07F41B14204D150F8350007
:10D5B000A188F6F7F9FF6D1C788CC0F30510A8421E
:10D5C000E8D800212046E8F717F821460648D8F7A2
:10D5D00031FA2046F1F79AF901255C46002CC0D1BA
:10D5E00004B02846BDE8F09FF00200202DE9F84F76
:10D5F00092468B46044600216E22F3F727FE06B2C0
:10D60000204600216D22F3F721FE05B216B9B5F5CB
:10D61000807F62D0204600216F22F3F717FEADF81D
:10D620000000204600217022F3F710FEADF8020042
:10D63000BDF900006427C0F341314FF4FA684FF49C
:10D640007A79012915D120F4C040404511DC04F15C
:10D650001400E8F72CFE0146BDF9000020F4C0409C
:10D66000484501DDC0F57A70414391FBF7F0ADF814
:10D670000000BDF90200C0F34131012911D120F4AD
:10D68000C04040450DDC618BE28A891A491C09B211
:10D69000484501DDC0F57A70414391FBF7F0ADF8E4
:10D6A0000200A08ABDF80010BAF1000F0844ADF8DE
:10D6B0000000E08ABDF802100844ADF8020006D070
:10D6C000704206B24FF4803090FBF5F005B26B4625
:10D6D0002A4631465846F5F7EDFDBDE8F88FF0B51E
:10D6E000D0E90646059D4FF480772EB9BC4203D1A0
:10D6F00008021860100239E0B0F928C0A1EB0C0153
:10D70000B0F92AC0A2EB0C029EB1BC421AD1446906
:10D7100006694C4306FB1244066A06EBA4041C602F
:10D7200003694B434169406A01FB023100EBA100F0
:10D730001CE0066A01FB04611960416A806902FB12
:10D74000001013E0466907694E4307FB1266664303
:10D75000046A04EBA6241C6003694B43416901FB86
:10D7600002318269406A514300EBA1202860F0BD7C
:10D770000B4910B5094AC1E9002000208860C86043
:10D78000086188610C2048610846D5F7D1F9BDE8E9
:10D790001040012203490248D5F794BA0010014015
:10D7A00088C201200000002010B50446002910D0D6
:10D7B000014608A0D7F7BCF820783038092804D8EB
:10D7C000084908704878401C4870BDE8104000F0D7
:10D7D0002DB810BD62743A726563763A2025730DD8
:10D7E0000A00000060C0012010B50E4C0C49C4E9CD
:10D7F00000100020A060E0602061A0610C2060614A
:10D800002046D5F795F92068C16841F01001C16044
:10D810002046BDE8104001220349D5F753BA000065
:10D8200000440040CCC201200100002010B54FF49C
:10D8300000710348D2F770FD02490020C88010BD76
:10D8400054C50120000000200B4910B5094AC1E968
:10D85000002000208860C860086188610C20486151
:10D860000846D5F765F9BDE8104001220349024892
:10D87000D5F728BA0048004010C30120020000205C
:10D8800010B54FF480610348D2F746FD02490020ED
:10D89000088110BD54C701200000002000880988BD
:10D8A000401A70472DE9F04186B00646EFF73EFB7F
:10D8B000050072D03046EDF79DFF044690F8540005
:10D8C00080076AD52846EFF772FB022865D0284604
:10D8D000EFF76DFB042860D06946606AF2F70AFD35
:10D8E00003A92846EFF738FB04A92846EFF764FBA5
:10D8F000BDF90C10002950DBBDF90E0000284CDBEF
:10D90000BDF80020891AADF80810BDF80210401AC1
:10D91000ADF80A003046EDF72FFF0646606AF3F7D0
:10D9200068FE0146606ABDF9082000270546002A06
:10D9300001DA01200EE08A4202DB47F6FF77F8E7C2
:10D9400002A9EFF7D3FE87B202A9606AF0F7F2F8F6
:10D9500080F0010094F860104FF6FF788A0723D515
:10D9600050EAC1724FF4407001D1012E08D0C907AE
:10D970001ED0022E12D0032E12D0082E10D019E085
:10D98000C4E9167894F8601041F00102014684F869
:10D9900060202046F1F7FCFF06E03FE0E76503E08A
:10D9A00001462046F1F70AFC94F86000C00701D157
:10D9B000012E33D139462046F7F752FE94F8600025
:10D9C000C0072BD0D4E91610814208D9EA6B8242F5
:10D9D00002D12A6C8A4218D0E863A06D11E008D207
:10D9E000EA6B8A4202D12A6C82420ED0E963E06D72
:10D9F00007E0E96B4046814202D1296C814204D0A4
:10DA0000E86328642046F4F72BF9032E01D0082E92
:10DA100004D114F8600F20F00100207006B0BDE8BA
:10DA2000F081D0E9013201699A60D0E901235A609E
:10DA30004A68824201D182684A6000220261086815
:10DA4000401E086070470000014880687047000071
:10DA50006C010020044908680A688069D26A096874
:10DA6000C2F120028A6170476C01002000F10801B8
:10DA70004FF0FF32C0E90112C16001610021016075
:10DA8000704700210161704730B50B685A1C02D005
:10DA900000F1080202E0026904E0224654682568A9
:10DAA0009D42FAD953684B6099608A605160086161
:10DAB0000168491C016030BD502080F31188BFF31C
:10DAC0004F8FBFF36F8F09494868401C4860012899
:10DAD0000AD10748006810F0FF0F05D040F2CB12C2
:10DAE00004A112A0D6F724BF70470000E8C10120AE
:10DAF00004ED00E02E2E5C4D6964646C6577617204
:10DB000065735C4672656552544F535C706F7274F6
:10DB100061626C655C525644535C41524D5F434DAB
:10DB200034465C706F72742E630000004572726F31
:10DB3000723A2025732C2025640D0A0010B5084C7C
:10DB4000606828B94FF4E97206A114A0D6F7F0FE78
:10DB50006068401E606001D180F3118810BD000034
:10DB6000E8C101202E2E5C4D6964646C657761729A
:10DB700065735C4672656552544F535C706F727486
:10DB800061626C655C525644535C41524D5F434D3B
:10DB900034465C706F72742E630000004572726FC1
:10DBA000723A2025732C2025640D0A0070B50028D8
:10DBB00038D0A0F108041C48844202D31B48844298
:10DBC00005D94FF4B5721AA126A0D6F7B1FE606848
:10DBD000002805DB40F26B1215A122A0D6F7A8FEA3
:10DBE000206828B14FF4B67211A11EA0D6F7A0FE8E
:10DBF0006068002816DA2168002913D120F000405F
:10DC0000606000F003FB1B4D606869680844686051
:10DC10002046FBF7A5F92869401C2861BDE8704043
:10DC200001F0FEBC70BD00000C0601200BBA012003
:10DC30002E2E5C4D6964646C6577617265735C4619
:10DC400072656552544F535C706F727461626C659B
:10DC50005C4D656D4D616E675C686561705F342E0B
:10DC6000630000004572726F723A2025732C2025E4
:10DC7000640D0A00C00100204FF0E0200021016186
:10DC800081610549C8220968B1FBF2F1491E416171
:10DC9000072101617047000010C0012070B50E46D9
:10DCA00005004FF0000405D140F6C9320EA116A0C0
:10DCB000D6F73EFE002E15D01748002200EBC20119
:10DCC0004B68AB4202D100EBC20407E01CB950F82C
:10DCD000323003B90C46521C082AEFD3002C01D075
:10DCE000C4E9006570BD00002E2E5C4D6964646C53
:10DCF0006577617265735C4672656552544F535C1B
:10DD000071756575652E63004572726F723A2025D4
:10DD1000732C2025640D0A00E4FA012070B5154625
:10DD20000E460446FFF7C8FE94F944100020491C33
:10DD300001D184F8440094F94510491C01D184F8BC
:10DD40004500FFF7FBFEA06B28B92A46314604F1D7
:10DD5000240000F07FF82046BDE87040FBF768BB68
:10DD600010B5040013D000F051FA0D48006B0128E3
:10DD700005D040F68E120BA112A0D6F7D9FD0021D6
:10DD80002046FAF7F1FE01F04BFC002807D11149BB
:10DD90004FF080500860BFF34F8FBFF36F8F10BDFF
:10DDA0006C0100202E2E5C4D6964646C6577617295
:10DDB00065735C4672656552544F535C7461736B56
:10DDC000732E63004572726F723A2025732C2025E2
:10DDD000640D0A0004ED00E002490A6A0260C968A5
:10DDE000416070476C0100200149012008607047C4
:10DDF0008801002070B50D46040005D14FF4A452EF
:10DE000007A10FA0D6F794FD1148016820461831EC
:10DE1000FFF73AFE2846BDE870400121FAF7A4BE9C
:10DE20002E2E5C4D6964646C6577617265735C4627
:10DE300072656552544F535C7461736B732E63004B
:10DE40004572726F723A2025732C2025640D0A00EA
:10DE50006C01002070B515460E46040005D141F254
:10DE6000BE4210A117A0D6F763FD1A486168026888
:10DE7000D1618A6803681A6202688B6818325A6036
:10DE8000026818328A60006884622068401C206042
:10DE90000DB14FF0FF3629463046BDE87040FAF725
:10DEA00063BE00002E2E5C4D6964646C6577617200
:10DEB00065735C4672656552544F535C7461736B55
:10DEC000732E63004572726F723A2025732C2025E1
:10DED000640D0A006C0100202DE9F04116460F4642
:10DEE000050005D141F29E4214A11CA0D6F720FDE9
:10DEF0001E4C206B28B941F2A24210A117A0D6F700
:10DF000017FD216847F00040886168682168C86192
:10DF10008168226811622168826818315160216825
:10DF200018318160206885622868401C286030466E
:10DF3000BDE8F0410121FAF717BE00002E2E5C4D1E
:10DF40006964646C6577617265735C46726565527D
:10DF5000544F535C7461736B732E63004572726F20
:10DF6000723A2025732C2025640D0A006C010020D4
:10DF700070B50D46040056D0206D28B941F68622B2
:10DF800029A131A0D6F7D4FCE06CA84200D3054605
:10DF9000E06AA84247D0206D012844D12E4E306857
:10DFA000844205D141F6A1221FA127A0D6F7C0FCCB
:10DFB000E06AE562A169002902DBC5F12001A161E7
:10DFC000264D00EB8000616905EB800081422AD17B
:10DFD000201DFFF726FD012130B994F82C0032698D
:10DFE00001FA00F082433261E06A326981401143F4
:10DFF000316100EB800005EB80004068A060816823
:10E00000E1608268211D51608160E06A00EB800060
:10E0100005EB80006061E06A00EB800055F820109D
:10E02000491C45F8201070BD2E2E5C4D6964646C4F
:10E030006577617265735C4672656552544F535CD7
:10E040007461736B732E63004572726F723A202590
:10E05000732C2025640D0A006C01002024FB012094
:10E0600070B52F4E05460C46306B28B941F243522D
:10E070002CA134A0D6F75CFC44F000402860EC688A
:10E080002CB941F24E5227A12EA0D6F751FCD5E96A
:10E09000012128699160D5E9011251604168A942C6
:10E0A00001D1A968416000222A610168491E01600E
:10E0B000D4E9023061699860D4E9020358604B6882
:10E0C000201D834201D1E3684B6062610A68521EE1
:10E0D0000A60E36A0122356902FA03F129433161DA
:10E0E00003EB83011B4B03EB81014968A1608D6841
:10E0F000E5608D6868608860E06A00EB800003EB93
:10E100008001616153F82010491C43F82010E06A37
:10E110003168C96A884202D901481C30026070BD6A
:10E120006C0100202E2E5C4D6964646C6577617211
:10E1300065735C4672656552544F535C7461736BD2
:10E14000732E63004572726F723A2025732C20255E
:10E15000640D0A0024FB012030B587B0002002A91D
:10E160001AA2125C0A5412B1401C1028F8DB1A499A
:10E170000025CDE9005117482B46802202A901F065
:10E180000BF8154C3C3CF0B1012803D101F04EFBDB
:10E19000012802D0401C10D015E0502080F31188D7
:10E1A000BFF34F8FBFF36F8F4FF0FF30A06201209E
:10E1B0006061E56000F0DAFB05E040F6A96207A1C6
:10E1C0000EA0D6F7B5FBE06A07B030BD49444C4518
:10E1D00000000000698E0208A80100202E2E5C4D70
:10E1E0006964646C6577617265735C4672656552DB
:10E1F000544F535C7461736B732E63004572726F7E
:10E20000723A2025732C2025640D0A000248016B08
:10E21000491C0163704700006C01002070B5154C6B
:10E22000216B04F11C0011B10121016070BD0021BE
:10E2300001602069104EB0FA80F0C0F11F0000EBC1
:10E24000800556F8250028B941F2FA320BA113A037
:10E25000D6F76EFB06EB850000F1080241684968BD
:10E260004160914201D1C1684160C8682060206866
:10E2700070BD00006C01002024FB01202E2E5C4D9F
:10E280006964646C6577617265735C46726565523A
:10E29000544F535C7461736B732E63004572726FDD
:10E2A000723A2025732C2025640D0A0070B5EDF715
:10E2B000A1FA0546F2F798F8E8F716FF044601219F
:10E2C0002846F1F77FFF054694F9020005492288A8
:10E2D00001EB800004A150F8043C2846BDE87040E2
:10E2E000F0F70FB8D400002025642025730000004B
:10E2F00070B5EDF77FFA0646F2F776F8E8F7F4FE28
:10E30000044600213046F1F75DFF0546ECF7FAFFC1
:10E310000178C278303901EB4103C3EBC11102EB44
:10E32000C1014278642312FB03F2807800EB800085
:10E3300002EB400001442088A1F5A051D039081A11
:10E3400081B22846EDF7E5F901213046F1F73AFFB1
:10E35000024694F90200BDE87040401E81B21046AA
:10E36000EDF7D7B9F8B50446B0F92E0010F5004F17
:10E3700059D0B4F92C30658D99B2A94202D201F579
:10E38000B4710BB294F83410C1F34101D1B3012937
:10E390000DD0022947D10095B4F93220B4F93010DC
:10E3A000F0F70AFA05B22046A28DA9B237E0E918C3
:10E3B00001EBD171B4F93070B4F9322041F34F065A
:10E3C000B91801EBD17141F34F0188420CDA0A46CA
:10E3D0002B4639460096F0F7EFF905B2A9B2204670
:10E3E000E7F780FEB1B209E000933346F0F7E4F9B5
:10E3F00005B2B1B22046E7F775FEA9B22046E7F7AD
:10E4000035FE0EE0FFE70093B4F93220B4F9301086
:10E410002B46F0F7D1F905B2AAB22046618DE7F795
:10E42000A1FDA4F84050F8BD0C4800B5026887B0C3
:10E43000002142F004020260006800F00400059030
:10E440004FF42070CDE900010120029002200390DA
:10E4500069460348D2F7ECFE07B000BD30380240F1
:10E4600000080240024900F00300085C7047000009
:10E470004416030810B500F003F8002010BD00009A
:10E4800070B50B4D80212846D2F7CAFF01280CD069
:10E490005FF000044FF400712846D2F7C1FF012855
:10E4A00000D0002040EA440070BD0124F2E70000E3
:10E4B0000008024070B5054600F0A0F800F096F89C
:10E4C0000A4C002208212046D2F7AFFF202000F09E
:10E4D00079F8284600F04AF8012208212046D2F7B0
:10E4E000A4FFBDE8704000F081B8000000140240B5
:10E4F00000F04CB82DE9F041DFF83C8015460E469F
:10E5000007460024224608214046D2F78EFF03200A
:10E5100000F058F8384600F029F804E0FF2000F039
:10E5200051F83055641CAC42F8D34046BDE8F04188
:10E5300001220821D2F779BF0014024070B50A4DBC
:10E54000002208212846D2F770FF052000F03AF893
:10E55000FF2000F037F80446012208212846D2F7B0
:10E5600064FF204670BD00000014024010B5044650
:10E57000C0F3074000F026F8C4F3072000F022F8AB
:10E58000E0B2BDE8104000F01DB800000C480B4997
:10E590004FF4007201604FF482714160002181608C
:10E5A000C1600161C0E905123822C0E9072141625A
:10E5B00081620721C162D3F70DBD0000003C00401D
:10E5C000F001002001B582B000208DF804004FF466
:10E5D0007A700090012301AA02A90348D3F7B4FD81
:10E5E0009DF804000EBD0000F00100202DE9104050
:10E5F000FFF7A4FFC007FBD110BD000010B5084C09
:10E60000002208212046D2F710FF0620FFF7DAFF8C
:10E6100020460122BDE810400821D2F706BF0000C5
:10E62000001402402DE9F04115460E46074600242D
:10E63000FFF7E4FFDFF83880002208214046D2F7D8
:10E64000F4FE0220FFF7BEFF3846FFF78FFF04E01D
:10E65000305DFFF7B7FF641CA4B2AC42F8D30122CF
:10E6600008214046D2F7E1FEBDE8F041FFF7BEBF0A
:10E67000001402402DE9F04188B04FF00006DDF8AB
:10E6800038801D460C4607001E7026D0002C24D072
:10E69000002A22D0B8F1000F1FD0134610A21C216F
:10E6A0006846D6F755F93846A74216D26946D1F7DB
:10E6B0003EFE070011D06846D1F761FEC119002067
:10E6C00002E02A54401C491CA14205D20A78222AA1
:10E6D00002D0431C4345F4D32E5408B0BDE8F0816A
:10E6E000222573223A2200002DE9F0410D4698467A
:10E6F000164619A1D1F71BFE4FF0FF3748B35B2137
:10E70000D1F733FE28B30024401C20E014A1D1F738
:10E710000EFEF0B10022014609E07B2B02D07D2BDA
:10E7200002D003E0521C01E0521E05D0491C0B78B8
:10E73000002BF2D16AB909E0AC4206D1491C306025
:10E740000020C8F80010BDE8F081481C641CAC42F1
:10E75000DCDD3846F7E70000226461696C7922004D
:10E760007B00000010B51C20FAF79EFE040004D0C8
:10E7700000202060201DFFF779F9204610BD000021
:10E780002DE9F04100278846040005D140F23222ED
:10E790001CA126A0D6F7CCF85FEA186005D040F29D
:10E7A000332218A121A0D6F7C3F8261D04F10C05C9
:10E7B000FFF72CFD2168F06841EA0801216017E0AD
:10E7C000D0E9001601F07F425301236821F07F4118
:10E7D00002D40B4203D10AE031EA030307D1D2018C
:10E7E00000D50F43216841F00071FFF739FC304636
:10E7F000A842E5D12068B843206000F011FF2068EE
:10E80000BDE8F0812E2E5C4D6964646C65776172A1
:10E8100065735C4672656552544F535C6576656EF0
:10E82000745F67726F7570732E6300004572726F4C
:10E83000723A2025732C2025640D0A002DE9F0473B
:10E84000DDF820909A4690460D4604004FF00007F0
:10E8500005D140F2471236A13FA0D6F769F8280E3D
:10E8600005D04FF4A47232A13BA0D6F761F82DB9C0
:10E8700040F249122EA138A0D6F75AF800F0BAFC9F
:10E8800040B9B9F1000F05D04FF4A67228A132A00B
:10E89000D6F74EF8FFF7BAFC2668524629463046AE
:10E8A000FAF7AAFD30B1B8F1000F1AD02068A843DA
:10E8B000206016E0B9F1000F13D0B8F1000F01D0BD
:10E8C0004FF08077BAF1000F01D047F0806745EA3A
:10E8D00007014A46201DFFF7FFFA00F0A1FE18B11C
:10E8E0000AE000F09DFE1FE01F494FF080500860D5
:10E8F000BFF34F8FBFF36F8FFFF7ACF80646800171
:10E9000010D4FFF7D9F82668524629463046FAF760
:10E9100073FD28B1B8F1000F02D02068A843206031
:10E92000FFF70CF926F07F463046BDE8F08700007F
:10E930002E2E5C4D6964646C6577617265735C460C
:10E9400072656552544F535C6576656E745F67728D
:10E950006F7570732E6300004572726F723A2025D6
:10E96000732C2025640D0A0004ED00E0FEB5364C42
:10E9700020683649884205D140F2471234A142A0AE
:10E98000D5F7D6FF20683149491E884205D14FF49A
:10E99000A4722FA13CA0D5F7CBFF3F4E00250195D7
:10E9A00030788DF80800FF20307030788DF8000046
:10E9B0009DF80000394C10F05000207005D140F255
:10E9C000691223A130A0D5F7B3FF9DF800105020A5
:10E9D00088430DD040F26D121DA12BA0D5F7A8FFE2
:10E9E00006E0401C01909DF8000040008DF80000FA
:10E9F0009DF8000000060198F3D4082822D0C0F149
:10EA00000700A060207A000200F4E060A0609DF89A
:10EA1000080030700C482030016841F47F0101602B
:10EA2000016841F07F410160FFF726F96560D1F789
:10EA3000DBFB1B48016841F040410160D1F7C0FB9E
:10EA40000020FEBDA560DDE700ED00E071C20F41D2
:10EA50002E2E5C4D6964646C6577617265735C46EB
:10EA600072656552544F535C706F727461626C656D
:10EA70005C525644535C41524D5F434D34465C708A
:10EA80006F72742E630000004572726F723A202517
:10EA9000732C2025640D0A0000E400E0E8C1012089
:10EAA00034EF00E010B5502080F31188BFF34F8F92
:10EAB000BFF36F8F00F0B2FB18B104494FF08050E4
:10EAC0000860002080F3118810BD000004ED00E014
:10EAD00010B502460021012000F00CF8041E07D0FA
:10EAE0000021816001600B460A46C16000F0BAF85F
:10EAF000204610BD2DE9F04117460E4605004FF0A7
:10EB000000041FD0601EB0FBF5F0B0421AD305FB25
:10EB100006F010F1550F15D85430FAF7C5FC040073
:10EB200016D004F154005EB12060C4E90F562046AF
:10EB3000012100F029F884F850700021A16407E059
:10EB40002460F2E740F22A2203A10BA0D5F7F0FEE1
:10EB50002046BDE8F08100002E2E5C4D6964646C97
:10EB60006577617265735C4672656552544F535C9C
:10EB700071756575652E63004572726F723A202556
:10EB8000732C2025640D0A002DE9F0410F46040086
:10EB90004FF001062BD0E06B78B3B51EB5FBF0F15A
:10EBA000206C814229D3FEF787FFD4E90F2021682A
:10EBB00002FB0011A1600021A163216861600A4687
:10EBC000D4E90F01401E00FB01212046E16000F85E
:10EBD000445F457004F11000002F18D0FEF746FF87
:10EBE00004F12400FEF742FFFEF7A8FF0CE040F21C
:10EBF00037120FA116A0D5F79BFE00264FF4B67270
:10EC00000BA113A0D5F794FE3046BDE8F081216931
:10EC10000029E9D000F07EFC0028E5D010494FF033
:10EC200080500860BFF34F8FBFF36F8FDCE70000A9
:10EC30002E2E5C4D6964646C6577617265735C4609
:10EC400072656552544F535C71756575652E63002E
:10EC50004572726F723A2025732C2025640D0A00CC
:10EC600004ED00E02DE9FF4782B01D468A464FF0D3
:10EC70000008040005D140F2B63253A15AA0D5F7DE
:10EC800057FEBAF1000F07D1206C28B140F2B7321D
:10EC90004DA155A0D5F74CFE022D08D1E06B0128FF
:10ECA00005D04FF46E7248A14FA0D5F741FE00F099
:10ECB000A1FA38B9049828B140F2BB3242A14AA067
:10ECC000D5F736FE4C4F4FF000094FF0805600BF8D
:10ECD000FEF7F2FEA06BE16B884207D3022D05D050
:10ECE000049838B3B8F1000F27D02BE0D4F838805F
:10ECF0002A4651462046FAF754F8A16C41B1022D3C
:10ED000002D1B8F1000F0FD12046FAF7B1F905E0B2
:10ED1000616A19B104F1240000F0FCFB20B13E60EF
:10ED2000BFF34F8FBFF36F8FFEF708FF012006B0D0
:10ED3000BDE8F087FEF702FF22E06846FFF74CF8D7
:10ED40004FF00108FEF7FAFEFFF760FAFEF7B4FE97
:10ED500094F94400401C01D184F8449094F9450092
:10ED6000401C01D184F84590FEF7E8FE04A96846EE
:10ED700000F0B8F930B12046FAF75AFB00F050FC29
:10ED80000020D4E7FEF798FEA06BE16B884213D118
:10ED9000FEF7D4FE04F110000499FFF72BF820468B
:10EDA000FAF746FB00F03CFC002891D13E60BFF32F
:10EDB0004F8FBFF36F8F8BE7FEF7C0FE2046FAF749
:10EDC00037FB00F02DFC83E72E2E5C4D6964646CEC
:10EDD0006577617265735C4672656552544F535C2A
:10EDE00071756575652E63004572726F723A2025E4
:10EDF000732C2025640D0A0004ED00E02DE9F7478F
:10EE0000002683B08A46040005D140F2E95245A1AC
:10EE10004CA0D5F78DFDBAF1000F07D1206C28B1B9
:10EE200040F2ED523FA147A0D5F782FD00F0E2F994
:10EE300038B9059828B140F2F2523AA141A0D5F76D
:10EE400077FDDFF810814FF000094FF0805700BFC9
:10EE5000FEF732FEA56BC5B151462046F9F78EFF8D
:10EE60006D1EA563206950B104F1100000F052FB43
:10EE700028B1C8F80070BFF34F8FBFF36F8FFEF754
:10EE80005DFE012006B0BDE8F087059808B11EB10F
:10EE900006E0FEF753FE27E06846FEF79DFF0126D9
:10EEA000FEF74CFEFFF7B2F9FEF706FE94F94400B8
:10EEB000401C01D184F8449094F94500401C01D1D4
:10EEC00084F84590FEF73AFE05A9684600F00AF975
:10EED000002820460AD0FAF7ABFA00F0A1FB204642
:10EEE000FAF7B8F80028B3D00020CBE7FAF7B2F869
:10EEF00090B104F124000599FEF77CFF2046FAF753
:10EF000097FA00F08DFB0028A2D1C8F80070BFF37B
:10EF10004F8FBFF36F8F9BE72046FAF789FA00F017
:10EF20007FFB95E72E2E5C4D6964646C657761729A
:10EF300065735C4672656552544F535C71756575B7
:10EF4000652E63004572726F723A2025732C20255E
:10EF5000640D0A0004ED00E02DE9F343002683B0C0
:10EF60000400354605D140F2826251A158A0D5F780
:10EF7000DFFC206C28B140F286624DA154A0D5F789
:10EF8000D7FC00F037F938B9049828B140F28B6209
:10EF900047A14FA0D5F7CCFC4FF000094FF08057A8
:10EFA000DFF83C81FEF788FDA06BC8B1401EA0636E
:10EFB000206810B9FAF738FBA060206950B104F15D
:10EFC000100000F0A7FA28B1C8F80070BFF34F8F07
:10EFD000BFF36F8FFEF7B2FD012005B0BDE8F083EF
:10EFE000049808B11EB106E0FEF7A8FD5EE0684691
:10EFF000FEF7F2FE0126FEF7A1FDFFF707F9FEF787
:10F000005BFD94F94400401C01D184F8449094F9CC
:10F010004500401C01D184F84590FEF78FFD04A9FE
:10F02000684600F05FF80028204612D0FAF700FA90
:10F0300000F0F6FA2046FAF70DF80028B2D075B3C2
:10F04000FEF73AFD606A58B3206B0068C0F12001FA
:10F0500028E0F9F7FFFFE0B1206838B9FEF72CFD92
:10F06000A06800F0FFF90546FEF768FD04F12400F2
:10F070000499FEF7BFFE2046FAF7DAF900F0D0FA5D
:10F0800000288FD1C8F80070BFF34F8FBFF36F8F88
:10F0900088E72046FAF7CCF900F0C2FA82E705E0EB
:10F0A000FFE70021A068FEF763FF9DE7002094E7DB
:10F0B0002E2E5C4D6964646C6577617265735C4685
:10F0C00072656552544F535C71756575652E6300AA
:10F0D0004572726F723A2025732C2025640D0A0048
:10F0E00004ED00E02DE9F0410C46050005D141F2A8
:10F0F000A5521CA123A0D5F71BFC2CB941F2A652A6
:10F1000018A120A0D5F714FCFEF7D6FC2149CB6846
:10F110006F680868DA1B002690F8590018B1086873
:10F1200080F8596018E02068B0F1FF3F09D0D5F8A9
:10F1300000C0096A8C4506D09F4204D8012526608C
:10F140000BE0002509E0904205D9801A206028468E
:10F15000FEF742FEF5E726600125FEF7EFFC2846A4
:10F16000BDE8F0812E2E5C4D6964646C6577617238
:10F1700065735C4672656552544F535C7461736B82
:10F18000732E63004572726F723A2025732C20250E
:10F19000640D0A006C0100202DE9FF5F8346DDE964
:10F1A0000E878A46164699469000FAF77DF90500C3
:10F1B0001DD05C20FAF778F9040015D05C21D1F756
:10F1C000ABF825630021CDE90241CDE900874B462C
:10F1D000324651465846F9F75BFE2046F9F710FDD6
:10F1E000012004B0BDE8F09F2846FEF7DFFC4FF099
:10F1F000FF30F6E70548416919B1006B18B10020EE
:10F200007047012070470220704700006C01002009
:10F210000148C068704700006C0100202DE9F041F2
:10F220004A4C0026206B28B1A069401CA0613046E2
:10F23000BDE8F081E5686D1CE56011D1606B006888
:10F2400028B141F25F2242A149A0D5F771FB606B62
:10F25000A16B6163A063206A401C2062FAF762F828
:10F26000A16A47488D420FD34FF0000E616B0968C9
:10F2700039B1616BC968C9684A68954214D2A26203
:10F2800002E04FF0FF31A1622168C96A01EB810100
:10F2900050F82100012800D901262C481C300068B4
:10F2A0000028C4D00126C2E7D1E902724B69BA60D6
:10F2B000D1E902277A605F680A1D974201D1CF68C1
:10F2C0005F60C1F814E01F687F1E1F60D1F828C07E
:10F2D000BCF1000F15D0D1E907379F60D1E907379E
:10F2E0007B60DCF8047001F118039F4202D10B6AC5
:10F2F000CCF80430C1F828E0DCF800305B1ECCF814
:10F300000030CB6A0127D4F810C09F4047EA0C07B1
:10F31000276103EB830300EB83035B688B609F68CB
:10F32000CF609F687A609A60CA6A02EB820200EB43
:10F3300082034B6150F822305B1C40F82230C96ACE
:10F340002268D26A914291D901268FE76C01002090
:10F350002E2E5C4D6964646C6577617265735C46E2
:10F3600072656552544F535C7461736B732E630006
:10F370004572726F723A2025732C2025640D0A00A5
:10F3800024FB012070B504004FF000064BD0274D40
:10F390002868844205D041F6282225A12CA0D5F763
:10F3A000C7FA206D28B941F6292221A128A0D5F756
:10F3B000BFFA206D401E2065E26CE16A914232D0B6
:10F3C00088BB201DFEF72DFB012130B994F82C00DD
:10F3D0002A6901FA00F082432A61E06CE062C0F120
:10F3E0002000A061E06A2A698140114329611C491B
:10F3F00000EB800001EB80004068A0608268E26062
:10F400008368221D5A608260E06A00EB800001EB95
:10F4100080006061E06A00EB800051F82020521CFF
:10F4200041F820200126304670BD00006C0100200C
:10F430002E2E5C4D6964646C6577617265735C4601
:10F4400072656552544F535C7461736B732E630025
:10F450004572726F723A2025732C2025640D0A00C4
:10F4600024FB012070B504004FF0000047D0274D69
:10F47000E16A2A68D26A914242D2A069002804DB7C
:10F480002868C06AC0F12000A061214E01EB810113
:10F49000606906EB810188422DD1201DFEF7C1FA7B
:10F4A000012130B994F82C002A6901FA00F0824356
:10F4B0002A612868C06AE0622A6981401143296193
:10F4C00000EB800006EB80004068A0608168E1608E
:10F4D0008268211D51608160E06A00EB800006EBCC
:10F4E00080006061E06A00EB800056F82010491C43
:10F4F00046F8201002E02868C06AE062012070BD72
:10F50000E16C2A68D26A9142F8D370BD6C01002088
:10F5100024FB012070B5C068C4682CB941F2F542E3
:10F5200030A138A0D5F704FAD4E90720A16A906089
:10F53000D4E9070250604A6804F11800824201D100
:10F54000226A4A600023A3620A68521E0A60314A96
:10F55000116B0125A9B1304B5968E1618E682662B3
:10F560008E6870608860A3621868401C1860E06A4A
:10F570001168C96A884233D9264901201C310D60BF
:10F5800070BDD4E902616069B160D4E902167160AE
:10F590004668211D8E4201D1E668466063610368BA
:10F5A0005B1E0360E36A166905FA03F030431061DD
:10F5B00003EB8300194B03EB80004068A060866872
:10F5C000E660866871608160E06A00EB800003EBB2
:10F5D0008001616153F82010491C43F82010C6E7F0
:10F5E000002070BD2E2E5C4D6964646C657761727D
:10F5F00065735C4672656552544F535C7461736BFE
:10F60000732E63004572726F723A2025732C202589
:10F61000640D0A006C010020CCFD012024FB0120B8
:10F620002DE9F05F0024A146FEF746FA4A4D002678
:10F63000286B28B940F68B7248A150A0D5F778F90D
:10F64000286B401E2863286B002809D1A868424F08
:10F65000DFF838C14FF0000B4FF0010A1C37E0BB58
:10F6600075E000BFDCF80C00C468D4E90721A06A8B
:10F670009160D4E907125160426804F118018A428E
:10F6800001D1216A4160C4F828B001685A46491E78
:10F690000160D4E9023160699960D4E902135960CC
:10F6A0004368211D8B4201D1E368436062610268B7
:10F6B000521E0260E36AD5F8108052460AFA03F03F
:10F6C00040EA0800286103EB8300314B03EB800024
:10F6D0004068A060D0F8088000E018E0C4F80C8012
:10F6E000D0F80880C8F804108160E06A00EB800060
:10F6F00003EB8001616153F82010491C43F820108E
:10F70000E06A2968C96A884201D947F82620DCF8EE
:10F7100000000028A6D10CB1F9F704FEAC6944B191
:10F72000FFF77CFD08B147F826A0641EF8D1C5F8A4
:10F7300018B057F8260050B128684FF00109154954
:10F740004FF080500860BFF34F8FBFF36F8FFEF70D
:10F75000F5F94846BDE8F09F6C0100202E2E5C4D67
:10F760006964646C6577617265735C467265655245
:10F77000544F535C7461736B732E63004572726FE8
:10F78000723A2025732C2025640D0A00CCFD01203F
:10F7900024FB012004ED00E02DE9F04707469946DF
:10F7A00016460D462C20DDF820A0F9F77DFE04005A
:10F7B0001ED0B84600204F4684F82800D1462DB907
:10F7C00040F2A9120CA115A0D5F7B2F8F9F790FAFA
:10F7D00004F11801C4F8008081E8A002201DFEF7A2
:10F7E00050F92EB194F8280040F0040184F8281054
:10F7F0002046BDE8F08700002E2E5C4D6964646CE5
:10F800006577617265735C4672656552544F535CEF
:10F8100074696D6572732E63000000004572726F2B
:10F82000723A2025732C2025640D0A001CB5002493
:10F83000F9F75EFA0C48006868B10B491F20091DF2
:10F84000CDE9000100234FF4807208A10948FFF7B9
:10F85000A3FC040005D14FF4A37207A10FA0D5F7B4
:10F8600067F820461CBD0000AC010020546D7220DA
:10F87000537663000D9402082E2E5C4D6964646C0F
:10F880006577617265735C4672656552544F535C6F
:10F8900074696D6572732E63000000004572726FAB
:10F8A000723A2025732C2025640D0A002DE9FF47AC
:10F8B000DDF8309090460E4607004FF0000405D169
:10F8C00040F2CD1212A11BA0D5F732F81D4D2868C9
:10F8D000B8B1CDE900680297062E06DB4FF4EC7252
:10F8E0000BA114A0D5F724F80BE0FFF783FC022846
:10F8F0004FF0000309D0002269462868FFF7B2F9EB
:10F90000044604B02046BDE8F0874A46F4E700000C
:10F910002E2E5C4D6964646C6577617265735C461C
:10F9200072656552544F535C74696D6572732E63D2
:10F93000000000004572726F723A2025732C20255A
:10F94000640D0A00AC0100202DE9F0410446EBF7FC
:10F9500051FF07462046EBF74FFF06463846EBF7C8
:10F96000D9FC04463046E7F7BFFB05683846EBF79D
:10F97000C9FC0178C278303901EB4103C3EBC111F6
:10F9800002EBC1014278642312FB03F2807800EBA2
:10F99000800002EB40000844A0F5A050D038001BC6
:10F9A00081B245F307423046BDE8F041E7F79EBB20
:10F9B000000000000000000001020304060708091F
:10F9C0000000000001020304000102030100020024
:10F9D000080010003132333435363738392A3023B5
:10F9E0004042CC0000445454547F5454544440008A
:10F9F00000007F201000FF15151555957F000000B1
:10FA000088681FC80810C85452D1129408D010003A
:10FA1000091909FF0500FF1292FF005F807F0000B7
:10FA2000000000000001E21CE000000000000000F7
:10FA3000804020100C03000000030C304080800048
:10FA4000108C4404E40495A64424148444940C00CB
:10FA500002027A414143427E42424243F8000000A2
:10FA60000484E45C44C40002F2828282FE8080004E
:10FA700002017F10103F00080808084888403F0036
:10FA80000000000000000000000000000000000076
:10FA900000003636000000000000000000000000FA
:10FAA000108C4404E40495A64424148444940C006B
:10FAB00002027A414143427E42424243F800000042
:10FAC0000484E45C44C40002F2828282FE808000EE
:10FAD00002017F10103F00080808084888403F00D6
:10FAE000000202C2020202FE8282828282020000C0
:10FAF0004040407F4040407F4040404040404000C8
:10FB00000484E45C44C42010E82724E4342CE0009E
:10FB100002017F10103F80601F09093F49897F0063
:10FB2000108C4404E40495A64424148444940C00EA
:10FB300002027A414143427E42424243F8000000C1
:10FB40000484E45C44C40002F2828282FE8080006D
:10FB500002017F10103F00080808084888403F0055
:10FB60004030EF246448487F4848487F4848400078
:10FB700001017F211100FF4949494949FF00000067
:10FB80004042CC0000809E92929292929E80000011
:10FB900000007F2094844424140F1424448484009F
:10FBA0004042CC0000445454547F545454444000C8
:10FBB00000007F201000FF15151555957F000000EF
:10FBC00088681FC80810C85452D1129408D0100079
:10FBD000091909FF0500FF1292FF005F807F0000F6
:10FBE000000000000001E21CE00000000000000036
:10FBF000804020100C03000000030C304080800087
:10FC00000000FF000000FE828282828282FE0000ED
:10FC10000000FF0000007F2020202020207F000027
:10FC2000108C4404E40495A64424148444940C00E9
:10FC300002027A414143427E42424243F8000000C0
:10FC40000484E45C44C40002F2828282FE8080006C
:10FC500002017F10103F00080808084888403F0054
:10FC60004042CC0000445454547F54545444400007
:10FC700000007F201000FF15151555957F0000002E
:10FC800088681FC80810C85452D1129408D01000B8
:10FC9000091909FF0500FF1292FF005F807F000035
:10FCA000000000000001E21CE00000000000000075
:10FCB000804020100C03000000030C3040808000C6
:10FCC00040445465C664544400FC4444C44240006B
:10FCD00020124A827F020A92601F0000FF0000008B
:10FCE000108C4404E40495A64424148444940C0029
:10FCF00002027A414143427E42424243F800000000
:10FD00000484E45C44C40002F2828282FE808000AB
:10FD100002017F10103F00080808084888403F0093
:10FD2000108C4404E40495A64424148444940C00E8
:10FD300002027A414143427E42424243F8000000BF
:10FD40000484E45C44C40002F2828282FE8080006B
:10FD500002017F10103F00080808084888403F0053
:10FD60004020F807F0A0904C5724A4544C80800009
:10FD70000000FF001F809252492924120800000051
:10FD80000484848484FC4030CC0B0808F808080004
:10FD9000007F2010100880402116081621408000A6
:10FDA0000000F8888888880808FF08090AC8080041
:10FDB00080601F0010201F80402116182641F80087
:10FDC000080808F80808081010FF101010F00000CC
:10FDD0001030101F088848300E014080403F00005E
:10FDE0004042CC0000445454547F54545444400086
:10FDF00000007F201000FF15151555957F000000AD
:10FE0000404042CC0040A09E8282829EA0202000E2
:10FE10000000003F908840432C102846418080001D
:10FE2000100C4444444445C64444444444140C0027
:10FE30008040201E2040407F4444444444404000D1
:10FE4000108C4404E40495A64424148444940C00C7
:10FE500002027A414143427E42424243F80000009E
:10FE60000484E45C44C40002F2828282FE8080004A
:10FE700002017F10103F00080808084888403F0032
:10FE80000000000000000000000000000000FC0076
:10FE90000000000002000000000C020C0200000044
:10FEA0000000000090D0BCD0BC9000030003000014
:10FEB0001824FE448C000302070201001824D8B065
:10FEC0004C80000300010201C038E438E000010268
:10FED000020102020806000000000000000000000D
:10FEE000000000F80402000000010204000204F80F
:10FEF00000000004020100009060F8609000000023
:10FF0000010000002020FC20200000000100000073
:10FF10000000000000000806000000002020202053
:10FF200020000000000000000000000000000002AF
:10FF3000000000000080601C0200040300000000BC
:10FF4000F8040404F8000102020201000008FC00A9
:10FF50000000000203020000188444241800030279
:10FF60000202020008042424D80001020202010057
:10FF700040B088FC80000000000302003C242424E0
:10FF8000C400010202020100F824242CC000010276
:10FF9000020201000C04E41C040000000300000045
:10FFA000D8242424D8000102020201003844444429
:10FFB000F800000302020100000010000000000031
:10FFC0000200000000002000000000000600000009
:10FFD00000205088040200000000010290909090E0
:10FFE0009000000000000000000204885020000281
:10FFF000010000001804C4241800000002000000E2
:020000040803EF
:10000000F804E494F80001020202020000E09CF00F
:10001000800002030000030204FC2424D800020331
:1000200002020100F80404040C00010202020100B3
:1000300004FC0404F80002030202010004FC24741E
:100040000C0002030202030004FC24740C000203EF
:1000500002000000F0080444CC400001020201004C
:1000600004FC2020FC040203000003020404FC043E
:100070000400020203020200000404FC040406045B
:100080000403000004FC24D00C0402030200030259
:1000900004FC04000000020302020203FC3CC03C1A
:1000A000FC0003000300030004FC30C4FC04020352
:1000B00002000300F8040404F80001020202010037
:1000C00004FC24241800020302000000F8848404C5
:1000D000F80001020207050004FC246498000203F2
:1000E00002000302182424448C00030202020100CF
:1000F0000C04FC040C0000020302000004FC0000DD
:10010000FC04000102020100047C80E01C040000E9
:10011000030000001CE03CE01C00000300030000A2
:10012000049C609C0400020300030200041CE01C09
:1001300004000002030200000C84641C040002039B
:10014000020203000000FE02020000000704040097
:10015000000E30C00000000000010200000202FE9C
:100160000000000404070000000402040000000076
:10017000000000000000000000000808080808084F
:100180000000020000000000000000000040A0A0ED
:10019000C00000010202030204FC2020C000000392
:1001A0000202010000C020206000000102020200E3
:1001B00000C02024FC0000010202030200C0A0A035
:1001C000C0000001020202000020F8242404000202
:1001D000030202000040A0A0602000070A0A0A04EF
:1001E00004FC2020C0000203020003020020E400FF
:1001F0000000000203020000000020E400000808E4
:100200000807000004FC80E0202002030200030233
:100210000404FC000000020203020200E020E020CF
:10022000C00003000300030020E02020C000020300
:100230000200030200C02020C000000102020100F1
:1002400020E02020C000080F0A02010000C020208A
:10025000E0000001020A0F0820E040202000020315
:10026000020000000060A0A02000000202020300C3
:100270000020F820000000000102020020E0002021
:10028000E00000010202030220E020806020000064
:10029000030100006080E0806000000300030000B4
:1002A00020608060200002030003020020E0208024
:1002B00060200808070100000020A0602000000264
:1002C00003020200000020DE02000000000704001C
:1002D000000000FF00000000000F00000002DE2010
:1002E00000000004070000000201020404020000F4
:1002F00000000000000000000000000000000000FE
:1003000000000000000000F80000000000000033C2
:100310003000000000100C06100C06000000000069
:100320000000000040C07840C0784000043F040452
:100330003F040400007088FC08300000001820FF13
:10034000211E0000F008F000E018000000211C034E
:100350001E211E0000F00888700000001E212324CA
:100360001927211010160E000000000000000000E8
:1003700000000000000000E0180402000000000778
:100380001820400000020418E0000000004020187F
:1003900007000000404080F0804040000202010F52
:1003A00001020200000000F0000000000101011F36
:1003B00001010100000000000000000080B070009A
:1003C000000000000000000000000000000101012A
:1003D00001010101000000000000000000303000B9
:1003E0000000000000000000806018040060180693
:1003F0000100000000E010080810E000000F1020CD
:1004000020100F00001010F8000000000020203F16
:1004100020200000007008080888700000302824A0
:100420002221300000300888884830000018202041
:1004300020110E000000C02010F800000007042466
:10044000243F240000F808888808080000192120AB
:1004500020110E0000E0108888180000000F112005
:1004600020110E0000380808C83808000000003FBE
:10047000000000000070880808887000001C22211D
:1004800021221C0000E010080810E00000003122CA
:1004900022110F00000000C0C0000000000000306A
:1004A00030000000000000800000000000008060BC
:1004B000000000000000804020100800000102043D
:1004C0000810200040404040404040000404040424
:1004D00004040400000810204080000000201008E0
:1004E00004020100007048080808F0000000003015
:1004F00036010000C030C828E810E00007182724A3
:1005000023140B000000C038E0000000203C230250
:100510000227382008F8888888700000203F2020B3
:1005200020110E00C03008080808380007182020E5
:100530002010080008F808080810E000203F2020DC
:1005400020100F0008F88888E8081000203F2020BD
:100550002320180008F88888E8081000203F2000B1
:1005600003000000C03008080838000007182020E9
:10057000221E020008F808000008F808203F2101A8
:1005800001213F20000808F8080800000020203F53
:100590002020000000000808F8080800C0808080C3
:1005A0007F00000008F888C028180800203F2001BC
:1005B0002638200008F8080000000000203F202016
:1005C0002020300008F8F800F8F80800203F003F2D
:1005D000003F200008F830C00008F808203F200045
:1005E00007183F00E01008080810E0000F10202056
:1005F00020100F0008F808080808F000203F21012B
:1006000001010000E01008080810E0000F18242481
:1006100038504F0008F8888888887000203F2000F4
:10062000030C3020007088080808380000382021AA
:1006300021221C00180808F8080818000000203FB4
:100640002000000008F808000008F808001F20201B
:1006500020201F000878880000C8380800000738EC
:100660000E010000F80800F80008F800033C07003D
:10067000073C0300081868808068180820302C03A5
:10068000032C30200838C800C83808000000203F7C
:100690002000000010080808C8380800203826216B
:1006A00020201800000000FE020202000000007F6F
:1006B00040404000000C30C000000000000000017D
:1006C0000638C00000020202FE0000000040404068
:1006D0007F0000000000040202020400000000008D
:1006E000000000000000000000000000808080800A
:1006F00080808080000202040000000000000000F2
:10070000000000000000808080800000001924228A
:1007100022223F2008F8008080000000003F1120C6
:1007200020110E000000008080800000000E1120CB
:1007300020201100000000808088F800000E1120A9
:1007400020103F200000808080800000001F2222B7
:1007500022221300008080F0888888180020203F23
:10076000202000000000808080808000006B949436
:100770009493600008F8008080800000203F2100F2
:1007800000203F2000809898000000000020203FBB
:1007900020200000000000809898000000C08080A9
:1007A000807F000008F8000080808000203F240245
:1007B0002D302000000808F8000000000020203F35
:1007C000202000008080808080808000203F2000EA
:1007D0003F20003F8080008080800000203F21007B
:1007E00000203F200000808080800000001F20202B
:1007F00020201F00808000808000000080FFA1205A
:1008000020110E000000008080808000000E11206A
:1008100020A0FF80808080008080800020203F21F9
:1008200020000100000080808080800000332424AC
:1008300024241900008080E0808000000000001F58
:10084000202000008080000000808000001F202009
:1008500020103F20808080000080808000010E30CA
:100860000806010080800080008080800F300C032B
:100870000C300F0000808000808080000020312E2E
:100880000E312000808080000080808080818E700A
:100890001806010000808080808080000021302CBC
:1008A0002221300000000000807C020200000000D5
:1008B000003F404000000000FF000000000000007A
:1008C000FF0000000002027C800000000040403F6A
:1008D0000000000000060101020204040000000004
:1008E0000000000000000000000000000000000008
:1008F00000000000000000000000000000000000F8
:1009000000000000000000000000000000F0F0F017
:10091000000000000000000000017F010000000056
:1009200000000000001C1C1C000000000000806093
:10093000301C8C60301C0C00000000000000000027
:1009400000000000000000000000000000000000A7
:10095000000000E00000000000E000000086E69FCC
:1009600086868686E69F860000011F01010101013F
:100970001F010100000080C06020F820E0C00000DE
:10098000000003070C18FF70E18100000000070F52
:1009900010107F100F0700008060206080000000B2
:1009A000E02000000F3020309F70DC371030C00096
:1009B0000000100E03000718101807000000C020E8
:1009C00020E0C0000000000080E01F38E88703C47A
:1009D0003C040000070F1810100B070D1010080042
:1009E00000808C4C38000000000000000000000077
:1009F00000000000000000000000000000000000F7
:100A00000000000000000000000080E0300804004A
:100A10000000000000FEFF010000000000000000D8
:100A20000000030F1820400000040830E0800000A0
:100A3000000000000000000001FFFE0000000000B8
:100A4000004020180F03000000000000000000001C
:100A50000000C00000000000004266663C18FF185D
:100A60003C66664200000000000003000000000039
:100A700000000000000080000000000000101010C6
:100A80001010FF10101010100000000000000300F4
:100A90000000000000000000000000000000000056
:100AA00000000000000000000000000000808C4CEE
:100AB00038000000000000000000000000000000FE
:100AC0000000000000101010101010101010100086
:100AD0000000000000000000000000000000000016
:100AE0000000000000000000000000000000000006
:100AF0000000000000001C1C1C00000000000000A2
:100B00000000000000000000E0380C0000000000C1
:100B100080701C03000000000060380E010000001F
:100B200000000000000080C060202060C080000045
:100B300000FEFF010000000001FFFE000001070EA3
:100B4000181010180E0701000000808080C0E0001F
:100B5000000000000000000000FFFF000000000097
:100B600000001010101F1F10101000000080402007
:100B700020202060C0800000000303008040203857
:100B80001F070000001C1A1918181818181F000059
:100B90000080C020202060C080000000000303000F
:100BA0001010182FE780000000070F101010101809
:100BB0000F070000000000000000C0E0F00000008F
:100BC00000C0B088868180FFFF80800000000000A8
:100BD0000010101F1F1010000000E06060606060D7
:100BE0006060000000003F1008080818F0E00000F6
:100BF00000070B101010101C0F030000000080C035
:100C000040202020E0C0000000FCFF211008080860
:100C100018F0E0000001070C18101010080F030076
:100C20000000C0E06060606060E060000000030001
:100C30000000E0180700000000000000001F1F0077
:100C4000000000000080C0602020202060C08000E4
:100C50000087EF2C1818303068CF830000070F088A
:100C600010101010180F07000000C0C02020202016
:100C7000C0800000001F3F604040402010FFFE0089
:100C800000000C1C101010080F03000000000000F2
:100C9000000000000000000000000000000E0E0E2A
:100CA0000000000000000000001C1C1C00000000F0
:100CB0000000000000000000000000000000000034
:100CC000000C0C000000000000000000005838007C
:100CD0000000000000000000000000804020100024
:100CE0000000102844820100000000000000000005
:100CF00000000102040810000000000000000000D5
:100D000000000000008484848484848484848400BB
:100D100000000000000000000000000000001020A3
:100D20004080000000000000000000000000018280
:100D30004428100000001008040201000000000018
:100D400000C020201010101030E0C000000303008D
:100D500000F010080C070300000000001C1C1C0021
:100D600000000000000000C0406020202040C000C3
:100D700000FCFF01F00E03C1FE03807F0001070E9F
:100D800008111110110904020000000080E0E000C9
:100D9000000000000000807C4340477FF880000096
:100DA00010181F1000000000131F1C1020E0E0208E
:100DB00020202060C080000000FFFF1010101018DD
:100DC0002FE78000101F1F1010101010180F0700C1
:100DD000000080C0402020202060E00000FCFF01D7
:100DE00000000000000001000001070E18101010A4
:100DF0000804030020E0E02020202040C080000004
:100E000000FFFF000000000001FFFE00101F1F1088
:100E1000101018080E07010020E0E02020202020FC
:100E20002060800000FFFF101010107C0000000008
:100E3000101F1F10101010101018060020E0E020E6
:100E4000202020206060800000FFFF101010107C28
:100E500000000100101F1F10000000000000000033
:100E6000000080C06020202040E0000000FCFF0166
:100E700000004040C0C140400001070E1810101093
:100E80000F0F000020E0E0200000000020E0E02044
:100E900000FFFF101010101010FFFF00101F1F1098
:100EA00000000000101F1F100000202020E0E020A4
:100EB000202000000000000000FFFF0000000000F4
:100EC00000001010101F1F10101000000000000084
:100ED000202020E0E020202000000000000000FF93
:100EE000FF0000000060E0808080C07F3F000000C5
:100EF00020E0E020000020A06020200000FFFF3064
:100F0000187CE3C000000000101F1F100000011338
:100F10001F1C181020E0E02000000000000000006E
:100F200000FFFF000000000000000000101F1F1065
:100F3000101010101018060020E0E0E00000000083
:100F4000E0E0E02000FF013FFEC0E01E01FFFF00E7
:100F5000101F1000031F0300101F1F1020E0E0C02F
:100F6000000000000020E02000FF0003071C78E0E4
:100F70008000FF00101F100000000000030F1F0082
:100F8000000080C060202060C080000000FEFF01E3
:100F90000000000000FFFE000001070E18101018EE
:100FA0000C07010020E0E0202020202060C080000D
:100FB00000FFFF2020202020301F0F00101F1F10D7
:100FC0000000000000000000000080C060202060E1
:100FD000C080000000FEFF010000000000FFFE00D6
:100FE0000001070E1111133C7C67210020E0E02076
:100FF0002020202060C0800000FFFF101030F0D0C3
:10100000080F0700101F1F10000000030F1C101016
:101010000080C060202020204040E00000070F0C2E
:101020001818303060E08100001F0C0810101010FC
:10103000180F07008060202020E0E0202020608042
:101040000100000000FFFF000000000100000000A0
:10105000101F1F100000000020E0E0200000000032
:101060000020E02000FFFF00000000000000FF0063
:1010700000070F1810101010100807002060E0E0A3
:101080002000000020E060200000077FF880008042
:101090007C03000000000000071F1C070000000088
:1010A00020E0E02000E0E0200020E0200007FFF842
:1010B000E01FFFFCE01F00000000031F0300011FF2
:1010C00003000000002060E0A0000020E06020009D
:1010D000000000038F7CF8C6010000000010181EFD
:1010E000130001171F1810002060E0E0200000002E
:1010F00020E06020000001073EF8E0180700000033
:1011000000000010101F1F10100000000080602061
:10111000202020A0E0E0200000000000C0F03E0FF2
:101120000300000000101C1F1710101010180600FC
:101130000000000000FC040404040400000000009F
:1011400000FF00000000000000000000007F4040A1
:1011500040404000000010E00000000000000000DF
:1011600000000000031C6080000000000000000080
:10117000000000030C70800000000404040404FC60
:101180000000000000000000000000FF0000000060
:10119000000040404040407F000000000000001080
:1011A000080C040C08100000000000000000000003
:1011B000000000000000000000000000000000002F
:1011C000000000000000000000000000000000001F
:1011D000000000000000000080808080808080800F
:1011E00080808080000000040408080000000000E7
:1011F00000000000000000000000000000000000EF
:1012000000000000000000000000000000000000DE
:1012100000000000000098D844642424FCF800007A
:10122000000F1F18101010081F1F10180020E0F0EA
:1012300000000000000000000000FFFF1808040488
:101240000CF8F00000001F0F18101010180F03000A
:1012500000000000000000000000000000E0F8189E
:101260000404043C3800000000030F0C10101010A0
:10127000080600000000000000000020E0F0000070
:1012800000E0F81C04040408FFFF000000030F182E
:10129000101010081F0F08000000000000000000E0
:1012A000000000000000E0F8484444444C7870001E
:1012B0000000030F0C1810101008040000000000BC
:1012C00080C0602020E0C00000040404FFFF04048C
:1012D00004040000000010101F1F10101000000078
:1012E000000000000000000000000000000070F896
:1012F0008C04048CF874040C007076CF8D8D8D896D
:10130000C87870000020E0F000000000000000003D
:101310000000FFFF08040404FCF8000000101F1F79
:10132000100000101F1F100000000000006060008F
:10133000000000000000040404FCFC0000000000A9
:1013400000001010101F1F101010000000000000FF
:10135000000000606000000000000000040404FCC5
:10136000FC0000000000C0C08080C07F3F00000083
:101370000020E0F000000000000000000000FFFF7F
:1013800080C0F41C0404000000101F1F1100031F84
:101390001C1010000000202020E0F00000000000E1
:1013A0000000000000FFFF0000000000000010101F
:1013B000101F1F10101000000000000000000000AF
:1013C0000000000004FCFC0804FCFC0804FCFC0019
:1013D000101F1F10001F1F10001F1F100000000013
:1013E00000000000000000000004FCFC08080404E9
:1013F000FCF8000000101F1F100000101F1F10003D
:1014000000000000000000000000000000E0F018F4
:101410000C04040C18F0E00000030F0C1010101066
:101420000C0F03000000000000000000000000009E
:101430000004FCFC080404040CF8F0000080FFFF2A
:10144000889010101C0F0300000000000000000036
:101450000000000000E0F81C04040408F8FC000090
:1014600000030F1810109088FFFF8000000000009C
:101470000000000000000000040404FCFC1008044C
:10148000040C0C001010101F1F10101000000000A2
:1014900000000000000000000000000000003078A4
:1014A000CCC48484840C1C0000001E181010101181
:1014B000190F06000000000000C00000000000003E
:1014C00000040404FFFF0404040000000000000006
:1014D0000F1F1010100C00000000000000000000A2
:1014E000000000000004FCFE00000004FCFE000000
:1014F00000000F1F181010081F0F08000000000048
:10150000000000000000000000040C3CFCC40000CF
:10151000C43C0C0400000000010F1E0E010000007E
:10152000000000000000000000000000043CFCC4BB
:1015300000E47CFC84807C040000071F0700000797
:101540001F07000000000000000000000000000075
:101550000004041C7CE4C0341C0404000010101CB3
:101560001601131F1C1810000000000000000000EE
:101570000000000000040C3CFCC400C43C04040057
:101580000000C080C1370E01000000000000000014
:10159000000000000000000000001C0404C4F47CF3
:1015A0001C0400000000101C1F17111010180E0062
:1015B00000000000000000F80C0400000000000023
:1015C000001028EF00000000000000000000003FB5
:1015D00060400000000000000000FF00000000006C
:1015E000000000000000FF000000000000000000FC
:1015F0000000FF00000000000000040CF8000000E4
:101600000000000000000000EF28100000000000B3
:10161000000040603F0000000000000000180602CB
:101620000204081020203008000000000000000024
:1016300000000000000000000000000000000000AA
:10164000E000C00000020103E2848300000000000B
:10165000000000000000000000000000000000008A
:10166000000000000000000000000000000000007A
:10167000000000000000000000000000000000006A
:10168000000000000000000000000000000000005A
:10169000000000000000000000000000000000004A
:1016A000000000000000000000000000000000003A
:1016B000000000000000000000000000000000002A
:1016C000000000000000000000000000000000001A
:1016D000000000000000000000000000000000000A
:1016E00000000000000000000000000000000000FA
:1016F00000000000000000000000000000000002E8
:1017000000000100000000000000000000000000D8
:1017100000000000000000000000000000000000C9
:1017200000000000000000000000000000000000B9
:1017300000000000000000000000000000000000A9
:101740000000000000000000000000000000000099
:101750000000000000000000000000000000000089
:1017600000000000000000000400002400005600FB
:10177000007E00009A0000A50000A000008E00007E
:101780006900003A00000F000000000000000000A7
:101790000000000000000000000000000000000049
:1017A0000000000000000000000000000000000039
:1017B0000000000000000000000000000000000029
:1017C0000000000000000000000000000000000019
:1017D000000000000000000000000800004A0000B7
:1017E000A50000E40000FF0000FF0000FF0000FE75
:1017F0000000FF0000FF0000FF0000F40000C50033
:10180000007300001D000000000000000000000048
:1018100000000000000000000000000000000000C8
:1018200000000000000000000000000000000000B8
:1018300000000000000000000000000000000000A8
:101840000000000000000000000000000000002E6A
:101850000000A70000F70000FF0000E00000AA0061
:10186000007900005A00004F00005300006800009B
:10187000910000C90000F80000FF0000D4000061E2
:101880000000080000000000000000000000000050
:101890000000000000000000000000000000000048
:1018A0000000000000000000000000000000000038
:1018B0000000000000000000000000000000000028
:1018C00000000000540000DD0000FF0000D5000013
:1018D0007100002200000400000000000000000071
:1018E000000000000000000000000010000049009F
:1018F00000AB0000F90000FB00009800001500009C
:1019000000000000000000000000000000000000D7
:1019100000000000000000000000000000000000C7
:1019200000000000000000000000000000000000B7
:101930000000000700000B0000620000EE0000FB4A
:1019400000009700002100000000000000000000DF
:101950000000000000000000000000000000000087
:101960000000000000000000000800005A0000DB3A
:101970000000FF0000AA00001D0000080000030096
:101980000000000000000000000000000000000057
:101990000000000000000000000000000000000047
:1019A00000002000006200009B0000B90000C6009B
:1019B00000F20000F60000720000070000000000C6
:1019C0000000000000000000000000000000000017
:1019D0000000000000000000000000000000000007
:1019E00000000000000000330000C90000FF0000FC
:1019F000D40000C00000AB00007C00003C000008E8
:101A000000000000000000000000000000000000D6
:101A100000000000100000740000DA0000FF000069
:101A2000FF0000F80000F40000F200007B0000025C
:101A300000000000000000000000000000000000A6
:101A40000000000000000000000000000000000096
:101A50000000000000000000000000000000000086
:101A60000000320000D20000F70000F50000FE0088
:101A700000FF0000F20000A8000035000000000098
:101A8000000000000000000000210000AE0000FF88
:101A90000000F30000AE00006600003E00003600CB
:101AA00000390000090000000000000000000000F4
:101AB0000000000000000000000000000000000026
:101AC0000000000000000000000000000000000016
:101AD00000000000000000000000000000280000DE
:101AE0003B00003700005100008B0000D80000FFD1
:101AF0000000E100005900000200000000000000AA
:101B000000870000FF0000CC000049000007000033
:101B100000000000000000000000000000000000C5
:101B200000000000000000000000000000000000B5
:101B300000000000000000000000000000000000A5
:101B40000000000000000000000000000000000095
:101B50000000000000000000000000000000000085
:101B600000000000210000930000FA0000DE0000E9
:101B7000200000000000000000950000FF00005C55
:101B80000000000000000000000000000000000055
:101B90000000000000000000000000000000000045
:101BA0000000000000000000000000000000000035
:101BB0000000000000000000000000000000000025
:101BC0000000000000000000000000000000000015
:101BD00000000000000000000000000000000013F2
:101BE0000000D10000EB0000270000000000000012
:101BF00000940000FF0000530000000000000000FF
:101C00000000000000000000000000000C000018B0
:101C100000001800000B00000000000000000000A1
:101C200000000000000000000000000000000000B4
:101C3000000000000000000000080000150000196E
:101C40000000110000010000000000000000000082
:101C500000000000000000100000CC0000EA0000BE
:101C6000260000000000000000940000FF00005467
:101C7000000000000000000000000002000037002B
:101C8000008B0000C20000DA0000D90000BF000095
:101C90008300002E00000000000000000000000093
:101CA00000000000000000000000001D00007000A7
:101CB00000B70000D50000DB0000CC00009C000055
:101CC0004A000008000000000000000000000010B2
:101CD0000000CC0000EA0000260000000000000028
:101CE00000940000FF00005400000000000000000D
:101CF0000E0000800000EB0000FF0000F50000E394
:101D00000000E40000F80000FF0000E500007100A2
:101D100000080000000000000000000000010000BA
:101D2000500000D20000FF0000FD0000E80000E1CC
:101D30000000EF0000FF0000F70000A100002000FD
:101D400000000000000000100000CC0000EA0000CD
:101D5000260000000000000000940000FF00005476
:101D600000000000000B0000960000FF0000EA00E9
:101D7000008800003B00001F000020000041000020
:101D8000930000F00000FC0000840000060000004A
:101D900000000000005A0000EE0000FC0000AB0054
:101DA000004F00002500001D000031000070000001
:101DB000D50000FF0000BE00001F00000000001062
:101DC0000000CC0000EA0000260000000000000037
:101DD00000930000FF00005100000000006F0000B1
:101DE000FE0000D600003F000000000000000000E0
:101DF00000000000000000000000004D0000E000B6
:101E000000F800005800000000002F0000E1000072
:101E1000F500007000000400000000000000000059
:101E20000000000000000000230000B70000FF00D9
:101E3000009D00000300000C0000CC0000EA000040
:101E4000260000000000040000A00000FF00007D4C
:101E500000004D0000DC0000FD00008800003B0099
:101E6000003F00003F00003F00003F00003F000037
:101E70003F00003C0000970000FF0000CD0000483C
:101E80000000A70000FF0000BB00004300003E0070
:101E9000003F00003F00003F00003F00003F000007
:101EA0003B0000670000EE0000F200006500004902
:101EB0000000D90000ED00003100000000007C00AF
:101EC00000EF0000FF0000FD0000FC0000FF00002C
:101ED000FF0000FA0000FA0000FA0000FA0000FA21
:101EE0000000FA0000FA0000FA0000FA0000FB000F
:101EF00000FF0000FF0000FC0000FF0000FF0000EA
:101F0000FD0000FA0000FA0000FA0000FA0000FAF2
:101F10000000FA0000FA0000FA0000F90000FF00DB
:101F200000FF0000FE0000FB0000FF0000FF0000BB
:101F3000B600001D0000E70000FF0000D40000B55F
:101F40000000B60000B50000B50000B60000B60005
:101F500000B60000B60000B60000B60000B60000F3
:101F6000B60000B60000B60000B50000B50000B62F
:101F70000000B60000B50000B60000B60000B600D4
:101F800000B60000B60000B60000B60000B60000C3
:101F9000B60000B60000B60000B50000B60000B5FF
:101FA0000000BE0000F20000FC0000600000F30032
:101FB00000EA0000350000040000060000060000F2
:101FC00006000006000006000006000006000006ED
:101FD00000000600000600000600000600000600E3
:101FE00000060000060000060000060000060000D3
:101FF00006000006000006000006000006000006BD
:1020000000000600000600000600000600000600B2
:10201000000600000600000600000A0000A3000001
:10202000FF00006E0000F40000E000001D00000052
:1020300000000000000000000000000000000000A0
:102040000000000000000000000000000000000090
:102050000000000000000000000000000000000080
:102060000000000000000000000000000000000070
:102070000000000000000000000000000000000060
:102080000000000000000000000000000000000050
:1020900000000000008D0000FF00006D0000F40053
:1020A00000E000001E000000000000000000000032
:1020B0000000000000000000000000000000000020
:1020C0000000000000000000000000000000000010
:1020D0000000000000000000000000000000000000
:1020E00000000000000000000000000000000000F0
:1020F00000000000000000000000000000000000E0
:10210000000000000000000000000000008E000041
:10211000FF00006D0000F40000E000001E00000061
:1021200000000000000000000000000000000000AF
:10213000000000000000000000000000000000009F
:10214000000000000000000000000000000000008F
:10215000000000000000000000000000000000007F
:10216000000000000000000000000000000000006F
:10217000000000000000000000000000000000005F
:1021800000000000008E0000FF00006D0000F40061
:1021900000E000001E000000000000000000000041
:1021A000000000000000000000000000000000002F
:1021B000000000000000000000000000000000001F
:1021C000000000000000000000000000000000000F
:1021D00000000000000000000000000000000000FF
:1021E00000000000000000000000000000000000EF
:1021F000000000000000000000000000008E000051
:10220000FF00006D0000F40000E000001E00000070
:1022100000000000000000000000000000000000BE
:1022200000000000000000000000000000000000AE
:10223000000000000000000000000000000000009E
:10224000000000000000000000000000000000008E
:10225000000000000000000000000000000000007E
:10226000000000000000000000000000000000006E
:1022700000000000008E0000FF00006D0000F40070
:1022800000E000001E000000000000000000000050
:10229000000000000000000000000000000000003E
:1022A000000000000000000000000000000000002E
:1022B000000000000000000000000000000000001E
:1022C000000000000000000000000000000000000E
:1022D00000000000000000000000000000000000FE
:1022E000000000000000000000000000008E000060
:1022F000FF00006D0000F40000E000001E00000080
:1023000000000000000000000000000000000000CD
:1023100000000000000000000000000000000000BD
:1023200000000000000000000000000000000000AD
:10233000000000000000000000000000000000009D
:10234000000000000000000000000000000000008D
:10235000000000000000000000000000000000007D
:1023600000000000008E0000FF00006D0000F4007F
:1023700000E000001E00000000000000000000005F
:1023800006000015000016000016000016000016DA
:1023900000001600001600001600001600001600CF
:1023A00000160000160000160000160000160000BF
:1023B0001600001600001600001600001600001699
:1023C00000001600001600001600001600000E00A7
:1023D000000000000000000000000000008E00006F
:1023E000FF00006D0000F40000E000001E0000008F
:1023F0000000000000230000A50000D40000D6006B
:1024000000D60000D60000D60000D60000D600009E
:10241000D60000D60000D60000D60000D60000D6B8
:102420000000D60000D60000D60000D60000D6007E
:1024300000D60000D60000D60000D60000D600006E
:10244000D60000D60000C600005C000001000000BD
:1024500000000000008E0000FF00006D0000F4008E
:1024600000E000001E0000000000000000840000EA
:10247000FF0000FB0000E80000E60000E60000E6C8
:102480000000E60000E60000E60000E60000E600CE
:1024900000E60000E60000E60000E60000E60000BE
:1024A000E60000E60000E60000E60000E60000E6C8
:1024B0000000E60000E60000E60000F10000FF007A
:1024C00000DA00001D00000000000000008E000087
:1024D000FF00006D0000F40000E000001D0000009F
:1024E0000000000000A10000FF00008900002200A1
:1024F0000022000022000022000022000022000032
:1025000022000022000022000022000022000022FF
:102510000000220000220000220000220000220011
:102520000022000022000022000022000022000001
:10253000210000430000E10000EE00002A0000003E
:1025400000000000008D0000FF00006D0000F3009F
:1025500000EC00003C0000060000150000BA00007E
:10256000FE00004C00000000000000000000000021
:10257000000000000000000000000000000000005B
:10258000000000000000000000000000000000004B
:10259000000000000000000000000000000000003B
:1025A00000000000000000000000000A0000C6005B
:1025B00000F800004D00000600000F0000A8000019
:1025C000FF00006E0000E20000FF0000DD0000C020
:1025D0000000CE0000FB0000F600003E00000000FE
:1025E00000000000000000000000000000000000EB
:1025F00000000000000000000000000000000000DB
:1026000000000000000000000000000000000000CA
:1026100000000000000000000000000000000000BA
:10262000000000070000B50000FF0000E20000C14C
:102630000000CA0000F70000FB00005B00006E0015
:1026400000DD0000F30000F50000F40000EC0000E5
:102650009900000D000000000000000000000000D4
:10266000000000000000000000000000000000006A
:10267000000000000000000000000000000000005A
:10268000000000000000000000000000000000004A
:1026900000000000000000000000000000005100E9
:1026A00000D90000F20000F50000F40000EE000088
:1026B000A8000018000002000021000036000037CA
:1026C00000003700002C000009000000000000009E
:1026D00000000000000000000000000000000000FA
:1026E00000000000000000000000000000000000EA
:1026F00000000000000000000000000000000000DA
:1027000000000000000000000000000000000000C9
:102710000000000000000000001E0000360000372E
:1027200000003700002F00000D0000000000000036
:102730000000000000000000000000000000000099
:102740000000000000000000000000000000000089
:102750000000000000000000000000000000000079
:102760000000000000000000000000000000000069
:102770000000000000000000000000000000000059
:102780000000000000000000000000000000000049
:102790000000000000000000000000000000000039
:1027A0000000000000000000000000000000000029
:1027B0000000000000000000000000000000000019
:1027C0000000000000000000000000000000000009
:1027D00000000000000000000000000000000000F9
:1027E00000000000000000000000000000000000E9
:1027F00000000000000000000000000000000000D9
:1028000000000000000000000000000000000000C8
:1028100000000000000000000000000000000000B8
:1028200000000000000000000000000000000000A8
:102830000000000000000000000000000000000098
:102840000000000000000000000000000000000088
:102850000000000000000000000000000000000078
:102860000000000000000000000000000000000068
:102870000000000000000000000000000000000058
:102880000000000000000000000000000000000048
:102890000000000000000000000000000000000038
:1028A0000000000000000000000000000000000028
:1028B0000000000000000000000000000000000018
:1028C0000000000000000000000000000000000008
:1028D00000000000000000000000000000000000F8
:1028E00000000000000000000000000000000000E8
:1028F00000000000000000000000000000000000D8
:1029000000000000000000000000000005A000051D
:10291000C01200004C16030800084A0008700008A6
:1029200071000871000871000871000871000871D9
:10293000000871000871000871000871000871003A
:102940000871000871000871000871000871000822
:1029500071000871000871000871000871000871A9
:10296000000871000871000871000871000871000A
:1029700008710008710008710008710008710008F2
:102980007100087100087100087200085F001013E0
:102990000008EB0008FE0008FF0008FF0008FE002A
:1029A00008FE0008FF0008FF0008FF0008FD0008FF
:1029B000FF0008FF0008FF0008FF0008FF0008FFF5
:1029C0000008FF0008FF0008FF0008FF0008FF00E4
:1029D00008FF0008FF0008FF0008FF0008FF0008CC
:1029E000FF0008FF0008FF0008FE0008FE0008FFC7
:1029F0000008FF0008FF0008FE0008FF0008FF00B5
:102A000008FF0008F500085E0008FF0008F4200831
:102A1000A920089F0008E80008FD0008B420089AD3
:102A20000008DA0008FF0008C320089A20089B204D
:102A3000089B20089B20089B20089B20089B2008BF
:102A40009B20089B20089B20089B20089B20089B1C
:102A500020089B20089B20089B20089B2008A6009C
:102A600008F20008F52008A920089E0008E70008E1
:102A7000FD0008B420089A0008D70008FF0008727B
:102A80000008FF0008E40008210000090008C40055
:102A900008FA00083F0000002008A00008FF000816
:102AA00064000000000000000000000000000000C2
:102AB0000000000000000000000000000000000016
:102AC0000000000000000000000000000000000006
:102AD0000000000000081B0008DE0008E6000822D5
:102AE0000000060008C00008FA00083F00000020AF
:102AF000089B0008FF0008710008FF0008E40008B8
:102B0000220000090008C50008FA00083F00000084
:102B10002008A10008FF0008640000000000000079
:102B200000000000000000000000000000000000A5
:102B30000000000000000000000000000000000095
:102B400000000000000000000000000000081C0061
:102B500008DE0008E60008220000070008C00008A0
:102B6000FA00083F00000020089B0008FF000871E1
:102B70000008FF0008E40008220000090008C50062
:102B800008FA00083F0000002008A10008FF000824
:102B900064000000000000000000000000000000D1
:102BA0000000000000000000000000000000000025
:102BB0000000000000000000000000000000000015
:102BC0000000000000081C0008DE0008E6000822E3
:102BD0000000070008C00008FA00083F00000020BD
:102BE000089B0008FF0008710008FF0008E40008C7
:102BF000220000090008C50008FA00083F00000094
:102C00002008A10008FF0008640000000000000088
:102C100000000000000000000000000000000000B4
:102C200000000000000000000000000000000000A4
:102C300000000000000000000000000000081C0070
:102C400008DE0008E60008220000070008C00008AF
:102C5000FA00083F00000020089B0008FF000871F0
:102C60000008FF0008E40008220000090008C50071
:102C700008FA00083F0000002008A10008FF000833
:102C800064000000000000000000000000000000E0
:102C90000000000000000000000000000000000034
:102CA0000000000000000000000000000000000024
:102CB0000000000000081C0008DE0008E6000822F2
:102CC0000000070008C00008FA00083F00000020CC
:102CD000089B0008FF0008710008FF0008E40008D6
:102CE000220000090008C50008FA00083F000000A3
:102CF0002008A10008FF0008640000000000000098
:102D000000000000000000000000000000000000C3
:102D100000000000000000000000000000000000B3
:102D200000000000000000000000000000081C007F
:102D300008DE0008E60008220000070008C00008BE
:102D4000FA00083F00000020089B0008FF000871FF
:102D50000008FF0008E40008220000090008C50080
:102D600008FA00083F0000002008A10008FF000842
:102D700064000000000000000000000000000000EF
:102D80000000000000000000000000000000000043
:102D90000000000000000000000000000000000033
:102DA0000000000000081C0008DE0008E600082201
:102DB0000000070008C00008FA00083F00000020DB
:102DC000089B0008FF0008710008FF0008E40008E5
:102DD000220000090008C50008FA00083F000000B2
:102DE0002008A10008FF00086400000000000000A7
:102DF00000000000000000000000000000000000D3
:102E000000000000000000000000000000000000C2
:102E100000000000000000000000000000081C008E
:102E200008DE0008E60008220000070008C00008CD
:102E3000FA00083F00000020089B0008FF0008710E
:102E40000008FF0008E40008220000090008C5008F
:102E500008FA00083F0000002008A10008FF000851
:102E600064000000000000000000000000000000FE
:102E70000000000000000000000000000000000052
:102E80000000000000000000000000000000000042
:102E90000000000000081C0008DE0008E600082210
:102EA0000000070008C00008FA00083F00000020EA
:102EB000089B0008FF0008710008FF0008E40008F4
:102EC000220000090008C50008FA00083F000000C1
:102ED0002008A10008FF00086400000000000000B6
:102EE00000000000000000000000000000000000E2
:102EF00000000000000000000000000000000000D2
:102F000000000000000000000000000000081C009D
:102F100008DE0008E60008220000070008C00008DC
:102F2000FA00083F00000020089B0008FF0008711D
:102F30000008FF0008E40008220000090008C5009E
:102F400008FA00083F0000002008A10008FF000860
:102F5000640000000000000000000000000000000D
:102F60000000000000000000000000000000000061
:102F70000000000000000000000000000000000051
:102F80000000000000081C0008DE0008E60008221F
:102F90000000070008C00008FA00083F00000020F9
:102FA000089B0008FF0008710008FF0008E4000803
:102FB000220000090008C50008FA00083F000000D0
:102FC0002008A10008FF00086400000000000000C5
:102FD00000000000000000000000000000000000F1
:102FE00000000000000000000000000000000000E1
:102FF00000000000000000000000000000081C00AD
:1030000008DE0008E60008220000070008C00008EB
:10301000FA00083F00000020089B0008FF0008712C
:103020000008FF0008E40008220000090008C500AD
:1030300008FA00083F0000002008A10008FF00086F
:10304000640000000000000000000000000000001C
:103050000000000000000000000000000000000070
:103060000000000000000000000000000000000060
:103070000000000000081C0008DE0008E60008222E
:103080000000070008C00008FA00083F0000002008
:10309000089B0008FF0008710008FF0008E4000812
:1030A000220000090008C50008FA00083F000000DF
:1030B0002008A10008FF00086400000000000000D4
:1030C0000000000000000000000000000000000000
:1030D00000000000000000000000000000000000F0
:1030E00000000000000000000000000000081C00BC
:1030F00008DE0008E60008220000070008C00008FB
:10310000FA00083F00000020089B0008FF0008713B
:103110000008FF0008E40008220000090008C500BC
:1031200008FA00083F0000002008A10008FF00087E
:10313000640000000000000000000000000000002B
:10314000000000000000000000000000000000007F
:10315000000000000000000000000000000000006F
:103160000000000000081C0008DE0008E60008223D
:103170000000070008C00008FA00083F0000002017
:10318000089B0008FF0008710008FF0008E4000821
:10319000220000090008C50008FA00083F000000EE
:1031A0002008A10008FF00086400000000000000E3
:1031B000000000000000000000000000000000000F
:1031C00000000000000000000000000000000000FF
:1031D00000000000000000000000000000081C00CB
:1031E00008DE0008E60008220000070008C000080A
:1031F000FA00083F00000020089B0008FF0008714B
:103200000008FF0008E40008220000090008C500CB
:1032100008FA00083F0000002008A10008FF00088D
:10322000640000000000000000000000000000003A
:10323000000000000000000000000000000000008E
:10324000000000000000000000000000000000007E
:103250000000000000081C0008DE0008E60008224C
:103260000000070008C00008FA00083F0000002026
:10327000089B0008FF0008710008FF0008E4000830
:10328000220000090008C50008FA00083F000000FD
:103290002008A10008FF00086400000000000000F2
:1032A000000000000000000000000000000000001E
:1032B000000000000000000000000000000000000E
:1032C00000000000000000000000000000081C00DA
:1032D00008DE0008E60008220000070008C0000819
:1032E000FA00083F00000020089B0008FF0008715A
:1032F0000008FF0008E40008220000090008C500DB
:1033000008FA00083F0000002008A10008FF00089C
:103310006400000000000000000000000000000049
:10332000000000000000000000000000000000009D
:10333000000000000000000000000000000000008D
:103340000000000000081C0008DE0008E60008225B
:103350000000070008C00008FA00083F0000002035
:10336000089B0008FF0008710008FF0008E400083F
:10337000220000090008C50008FA00083F0000000C
:103380002008A10008FF0008640000000000000001
:10339000000000000000000000000000000000002D
:1033A000000000000000000000000000000000001D
:1033B00000000000000000000000000000081C00E9
:1033C00008DE0008E60008220000070008C0000828
:1033D000FA00083F00000020089B0008FF00087169
:1033E0000008FF0008E40008220000090008C500EA
:1033F00008FA00083F0000002008A10008FF0008AC
:103400006400000000000000000000000000000058
:1034100000000000000000000000000000000000AC
:10342000000000000000000000000000000000009C
:103430000000000000081C0008DE0008E60008226A
:103440000000070008C00008FA00083F0000002044
:10345000089B0008FF0008710008FF0008E400084E
:10346000220000090008C50008FA00083F0000001B
:103470002008A10008FF0008640000000000000010
:10348000000000000000000000000000000000003C
:10349000000000000000000000000000000000002C
:1034A00000000000000000000000000000081C00F8
:1034B00008DE0008E60008220000070008C0000837
:1034C000FA00083F00000020089B0008FF00087178
:1034D0000008FF0008E40008220000090008C500F9
:1034E00008FA00083F0000002008A10008FF0008BB
:1034F0006400000000000000000000000000000068
:1035000000000000000000000000000000000000BB
:1035100000000000000000000000000000000000AB
:103520000000000000081C0008DE0008E600082279
:103530000000070008C00008FA00083F0000002053
:10354000089B0008FF0008710008FF0008E400085D
:10355000220000090008C50008FA00083F0000002A
:103560002008A10008FF000864000000000000001F
:10357000000000000000000000000000000000004B
:10358000000000000000000000000000000000003B
:1035900000000000000000000000000000081C0007
:1035A00008DE0008E60008220000070008C0000846
:1035B000FA00083F00000020089B0008FF00087187
:1035C0000008FF0008E40008220000090008C50008
:1035D00008FA00083F0000002008A10008FF0008CA
:1035E0006400000000000000000000000000000077
:1035F00000000000000000000000000000000000CB
:1036000000000000000000000000000000000000BA
:103610000000000000081C0008DE0008E600082288
:103620000000070008C00008FA00083F0000002062
:10363000089B0008FF0008710008FF0008E400086C
:10364000220000090008C50008FA00083F00000039
:103650002008A10008FF000864000000000000002E
:10366000000000000000000000000000000000005A
:10367000000000000000000000000000000000004A
:1036800000000000000000000000000000081C0016
:1036900008DE0008E60008220000070008C0000855
:1036A000FA00083F00000020089B0008FF00087196
:1036B0000008FF0008E40008220000090008C50017
:1036C00008FA00083F0000002008A10008FF0008D9
:1036D0006400000000000000000000000000000086
:1036E00000000000000000000000000000000000DA
:1036F00000000000000000000000000000000000CA
:103700000000000000081C0008DE0008E600082297
:103710000000070008C00008FA00083F0000002071
:10372000089B0008FF0008710008FF0008E400087B
:10373000220000090008C50008FA00083F00000048
:103740002008A10008FF000864000000000000003D
:103750000000000000000000000000000000000069
:103760000000000000000000000000000000000059
:1037700000000000000000000000000000081C0025
:1037800008DE0008E60008220000070008C0000864
:10379000FA00083F00000020089B0008FF000871A5
:1037A0000008FF0008E40008220000090008C50026
:1037B00008FA00083F0000002008A10008FF0008E8
:1037C0006400000000000000000000000000000095
:1037D00000000000000000000000000000000000E9
:1037E00000000000000000000000000000000000D9
:1037F0000000000000081C0008DE0008E6000822A7
:103800000000070008C00008FA00083F0000002080
:10381000089B0008FF0008710008FF0008E400088A
:10382000220000090008C50008FA00083F00000057
:103830002008A10008FF000864000000000000004C
:103840000000000000000000000000000000000078
:103850000000000000000000000000000000000068
:1038600000000000000000000000000000081C0034
:1038700008DE0008E60008220000070008C0000873
:10388000FA00083F00000020089B0008FF000871B4
:103890000008FF0008E40008220000090008C50035
:1038A00008FA00083F0000002008A10008FF0008F7
:1038B00064000000000000000000000000000000A4
:1038C00000000000000000000000000000000000F8
:1038D00000000000000000000000000000000000E8
:1038E0000000000000081C0008DE0008E6000822B6
:1038F0000000070008C00008FA00083F0000002090
:10390000089B0008FF0008710008FF0008E4000899
:10391000220000090008C50008FA00083F00000066
:103920002008A10008FF000864000000000000005B
:103930000000000000000000000000000000000087
:103940000000000000000000000000000000000077
:1039500000000000000000000000000000081C0043
:1039600008DE0008E60008220000070008C0000882
:10397000FA00083F00000020089B0008FF000871C3
:103980000008FF0008E40008220000090008C50044
:1039900008FA00083C0000002008A00008FF00080A
:1039A00064000000000000000000000000000000B3
:1039B0000000000000000000000000000000000007
:1039C00000000000000000000000000000000000F7
:1039D0000000000000081C0008DE0008E500081FC9
:1039E0000000030008BF0008FA00083F00000020A4
:1039F000089B0008FF0008710008FF0008E30008AA
:103A00001F0000060008C40008FC00087E000849EA
:103A10000008B40008FF0008640000000000000077
:103A20000000000000000000000000000000000096
:103A30000000000000000000000000000000000086
:103A400000000000000000000000000000081C0052
:103A500008DE0008EB00085C0008580008D40008E5
:103A6000F900083D00000020089A0008FF000871D6
:103A70000008FF0008F10008620008380008D200C2
:103A800008FF0008FF0008FC0008FA0008FF000813
:103A900064000000000000000000000000000000C2
:103AA0000000000000000000000000000000000016
:103AB0000000000000000000000000000000000006
:103AC0000000000000081C0008DD0008FF0008F9E5
:103AD0000008FF0008FF0008F9000866000836002B
:103AE00008C30008FF0008700008B00008FD0008C7
:103AF000F90008EE0008FE0008F30008BE0008C246
:103B00000008F70008FF0008600000000000000047
:103B100000000000000000000000000000000000A5
:103B20000000000000000000000000000000000095
:103B300000000000000000000000000000081A0063
:103B400008DB0008FF0008D50008B20008DF000805
:103B5000FF0008F40008F10008FF0008D70008374C
:103B600000081920088A0008E20008F40008CA00CA
:103B7000085D00000D00001000087C0008BC000873
:103B80002D00000000000000000000000000000008
:103B90000000000000000000000000000000000025
:103BA0000000000000000000000000000000000015
:103BB0000000000000000820088E0008AE00082B5E
:103BC0000000040008342008A90008ED0008F000F7
:103BD00008B700083B00000005A00005C012000067
:103BE0001829030800000000000000000000000089
:103BF00000000000000000000000000000000000C5
:103C000000000000000000000000000000000000B4
:103C10000000000000000000000000000000006143
:103C20000000610000000000000000000000000033
:103C30000000000000000000000000000000000084
:103C40000000000000000000000000000000000074
:103C50000000000000000000000000000000000064
:103C60000000000000000000000000000000000054
:103C70000000000000000000000000000000000044
:103C80000000000000000000000000000000000034
:103C9000000000000000006B00006B00000000004E
:103CA0000000000000000000000000000000000014
:103CB0000000000000000000000000000000000004
:103CC00000000000000000000000000000000000F4
:103CD00000000000000000000000000000000000E4
:103CE00000000000000000000000000000000000D4
:103CF00000000000000000000000000000000000C4
:103D00000000000000000000000000000000006B48
:103D100000006B0000000000000000000000000038
:103D20000000000000000000000000000000000093
:103D30000000000000000000000000000000000083
:103D40000000000000000000000000000000000073
:103D50000000000000000000000000000000000063
:103D60000000000000000000000000000000000053
:103D70000000000000000000000000000000000043
:103D8000000000000000006B00006B00000000005D
:103D90000000000000000000000000000000000023
:103DA0000000000000000000000000000000000013
:103DB0000000000000000000000000000000000003
:103DC00000000000000000000000000000000000F3
:103DD00000000000000000000000000000000000E3
:103DE00000000000000000000000000000000000D3
:103DF0000000000000000000000000000000006B58
:103E000000006B0000000000000000000000000047
:103E100000000000000000000000000000000000A2
:103E20000000000000000000000000000000000092
:103E30000000000000000000000000000000000082
:103E40000000000000000000000000000000000072
:103E50000000000000000000000000000000000062
:103E60000000000000000000000000000000000052
:103E7000000000000000006B00006B00000000006C
:103E80000000000000000000000000000000000032
:103E90000000000000000000000000000000000022
:103EA0000000000000000000000000000000000012
:103EB0000000000000000000000000000000000002
:103EC00000000000000000000000000000000000F2
:103ED00000000000000000000000000000000000E2
:103EE0000000000000000000000000000000006B67
:103EF00000006B0000000000000000000000000057
:103F000000000000000000000000000000000000B1
:103F100000000000000000000000000000000000A1
:103F20000000000000000000000000000000000091
:103F30000000000000000000000000000000000081
:103F40000000000000000000000000000000000071
:103F50000000000000000000000000000000000061
:103F6000000000000000006B00006B00000000007B
:103F70000000000000000000000000000000000041
:103F80000000000000000000000000000000000031
:103F90000000000000000000000000000000000021
:103FA0000000000000000000000000000000000011
:103FB0000000000000000000000000000000000001
:103FC00000000000000000000000000000000000F1
:103FD0000000000000000000000000000000006B76
:103FE00000006B0000000000000000000000000066
:103FF00000000000000000000000000000000000C1
:1040000000000000000000000000000000000000B0
:1040100000000000000000000000000000000000A0
:104020000000000000000000000000000000000090
:104030000000000000000000000000000000000080
:104040000000000000000000000000000000000070
:10405000000000000000006B00006B00000000008A
:104060000000000000000000000000000000000050
:104070000000000000000000000000000000000040
:104080000000000000000000000000000000000030
:104090000000000000000000000000000000000020
:1040A0000000000000000000000000000000000010
:1040B0000000000000000000000000000000000000
:1040C0000000000000000000000000000000006987
:1040D0000000690000000000000000000000000077
:1040E00000000000000000000000000000000000D0
:1040F00000000000000000000000000000000000C0
:1041000000000000000000000000000000000000AF
:10411000000000000000000000000000000000009F
:10412000000000000000000000000000000000008F
:10413000000000000000000000000000000000007F
:10414000000000000D0000A100009F00000C000016
:10415000000000000000000000000000000000005F
:10416000000000000000000000000000000000004F
:10417000000000000000000000000000000000003F
:10418000000000000000000000000000000000002F
:10419000000000000000000000000000000000001F
:1041A000000000000000000000000000000000000F
:1041B0000000000000000000000E00008D00007DE7
:1041C00000007F00008A00000D00000000000000D9
:1041D00000000000000000000000000000000000DF
:1041E00000000000000000000000000000000000CF
:1041F00000000000000000000000000000000000BF
:1042000000000000000000000000000000000000AE
:10421000000000000000000000000000000000009E
:1042200000000000000000000000000000000E0080
:10423000008E00007A00000500000600007D0000EE
:104240008A00000D000000000000000000000000D7
:10425000000000000000000000000000000000005E
:10426000000000000000000000000000000000004E
:10427000000000000000000000000000000000003E
:10428000000000000000000000000000000000002E
:10429000000000000000000000000000000000001E
:1042A0000000000E00008E00007A000006000000F2
:1042B00000000000000700007D00008A00000D00E3
:1042C00000000000000000000000000000000000EE
:1042D00000000000000000000000000000000000DE
:1042E00000000000000000000000000000000000CE
:1042F00000000000000000000000000000000000BE
:1043000000000000000000000000000000000000AD
:1043100000000000000000000E00008E00007A0087
:104320000006000000000000000000000000000087
:104330000700007D00008A00000D00000000000062
:10434000000000000000000000000000000000006D
:10435000000000000000000000000000000000005D
:10436000000000000000000000000000000000004D
:10437000000000000000000000000000000000003D
:10438000000000000000000000000000000E00001F
:104390008E00007A0000060000000000000000000F
:1043A00000000000000000000000000700007D0089
:1043B000008A00000D000000000000000000000066
:1043C00000000000000000000000000000000000ED
:1043D00000000000000000000000000000000000DD
:1043E00000000000000000000000000000000000CD
:1043F00000000000000000000000000000000000BD
:1044000000000E00008E00007A0000060000000090
:10441000000000000000000000000000000000009C
:104420000000000000000700007D00008A00000D71
:10443000000000000000000000000000000000007C
:10444000000000000000000000000000000000006C
:10445000000000000000000000000000000000005C
:10446000000000000000000000000000000000004C
:10447000000000000000000E00008E00007A000026
:104480000600000000000000000000000000000026
:10449000000000000000000000000000000000001C
:1044A000000700007D00008A00000D0000000000F1
:1044B00000000000000000000000000000000000FC
:1044C00000000000000000000000000000000000EC
:1044D00000000000000000000000000000000000DC
:1044E0000000000000000000000000000E00008E30
:1044F00000007A000006000000000000000000003C
:1045000000000000000000000000000000000000AB
:104510000000000000000000000000000700007D17
:1045200000008A00000D00000000000000000000F4
:10453000000000000000000000000000000000007B
:10454000000000000000000000000000000000006B
:10455000000000000000000000000000000000005B
:10456000000E00008E00007A00000600000000002F
:10457000000000000000000000000000000000003B
:10458000000000000000000000000000000000002B
:10459000000000000000000700007D00008A00000D
:1045A0000D000000000000000000000000000000FE
:1045B00000000000000000000000000000000000FB
:1045C00000000000000000000000000000000000EB
:1045D0000000000000000E00008E00007A000006BF
:1045E00000000000000000000000000000000000CB
:1045F00000000000000000000000000000000000BB
:1046000000000000000000000000000000000000AA
:1046100000000700007D00008A00000D000000007F
:10462000000000000000000000000000000000008A
:10463000000000000000000000000000000000007A
:1046400000000000000000000000000E00008A00D2
:1046500000760000020000000000000000000000E2
:10466000000000000000000000000000000000004A
:10467000000000000000000000000000000000003A
:104680000000000000000000000000000003000027
:104690007900008700000C0000000000000000000E
:1046A000000000000000000000000000000000000A
:1046B00000000000000000000000000000000000FA
:1046C0000C0000990000B700004A000042000044BE
:1046D00000003500000300000000000000000000A2
:1046E00000000000000000000000000000000000CA
:1046F0000000000000000000000000000300003582
:1047000000004400004200004B0000B9000095008A
:10471000000B00000000000000000000000000008E
:104720000000000000000000000000000000000089
:104730000000000000000000180000890000900048
:10474000008D00008D00008D0000B100004C0000C5
:104750000000000000000000000000000000000059
:104760000000000000000000000000000000000049
:10477000000000004C0000AF00008D00008D000024
:104780008D0000900000880000180000000000006C
:104790000000000000000000000000000000000019
:1047A0000000000000000000000000000000000009
:1047B00000000000000000000000000000000000F9
:1047C00000002F0000A700005300000700000000B9
:1047D00000000000000000000000000000000000D9
:1047E000000000000000080000550000A600002D99
:1047F00000000000000000000000000000000000B9
:1048000000000000000000000000000000000000A8
:104810000000000000000000000000000000000098
:104820000000000000000000000000000000000088
:10483000000000000000000000000000002900004F
:104840009100009600005E00003100001A00001088
:1048500000001000001A00003300006200009A00FF
:10486000009200002900000000000000000000008D
:104870000000000000000000000000000000000038
:104880000000000000000000000000000000000028
:10489000000000000000000000000000000900000F
:1048A0005000006B00007400007F00008000001DBD
:1048B0000000000000000000060000380000750045
:1048C000009800009F00009F00009C00009D0000D9
:1048D000980000780000380000060000000000008A
:1048E00000000000000500002600002500001C005C
:1048F000001500000D000002000000000000000094
:1049000000000000000000000000000000000000A7
:1049100000000000000D00005F00006700005A006A
:10492000004E00003F00000B0000000000000000EF
:104930000000000000000000000600001200001B44
:104940000000190000110000050000000000000038
:10495000000000000000000000000000000F000048
:104960007F00009D00009E00009E00009500002238
:104970000000000000000000000000000000000037
:104980000000000000000000000000000000000027
:104990000000000000000000000000000000001205
:1049A0000000590000370000000000000000000077
:1049B00000000000000000000000000000000000F7
:1049C00000000000000000000000000000000009DE
:1049D00000001100000000000300000900000F00AB
:1049E000001600001B00000700000000000000008F
:1049F00000000000000000000000000000000000B7
:104A000000000000000000000000000000000000A6
:104A1000001C00006A0000A00000850000240000C7
:104A20000000000000000000000000000000000086
:104A30000000000000000000000000000000000076
:104A4000000000000000002B00009D00006A000034
:104A50001F00000000000000000000000000000037
:104A60000000000000000000000000000000000046
:104A70000000000000000000000000000000000036
:104A8000000000210000760000A300007A0000274B
:104A900000000000000000000000002000001F00D7
:104AA0000000000000000000000000000000000006
:104AB00000000000000002000000000000000002F2
:104AC0000000260000710000A4000079000028000A
:104AD00000020000000000000000000000000000D4
:104AE00000000000000000000000000000000000C6
:104AF00000000000000000000000005000006A00FC
:104B0000001C000000000000000000000001000088
:104B10004C0000A800003B00000000000000000264
:104B200000003D00001000000000000000002B000D
:104B300000780000180000000000000000000000E5
:104B40001B0000650000A1000068000002000000DA
:104B50000000000000000000000000000000000055
:104B60000000000000000000000000000000000045
:104B70000000000100000000000000000000000034
:104B800000001000007900009B00003000000000D1
:104B9000000000000000000600009700002A00004E
:104BA0000000000000000B0000700000A1000038B1
:104BB00000000000000000000000000000001300E2
:104BC00000280000020000000000000000000000BB
:104BD00000000000000000000000000000000000D5
:104BE00000000000000000000000000000000000C5
:104BF000000000000000002D00009E00007C00006E
:104C0000100000000000000000000000000000068E
:104C100000009700002B00000000000000000000D2
:104C200000000000400000A5000066000009000030
:104C30000000000000000000000000000000000074
:104C40000000000000000000000000000000000064
:104C50000000000000000000000000000000000054
:104C600000000000000000000000000002000062E0
:104C700000004F00000100000000000000000000E4
:104C8000000000000000000600009800002B00005B
:104C90000000000000000000000000000000001DF7
:104CA00000008D00007E00000700000000000000F2
:104CB00000000000000000000000000000000000F4
:104CC00000000000000000000000000000000000E4
:104CD00000000000000000000000000000000000D4
:104CE00000000000000000020000000000000000C2
:104CF00000000000000000000000000000000006AE
:104D000000009100002800000000000000000000EA
:104D1000000000000000000000000900002F00005B
:104D2000050000000000000000000000000000007E
:104D30000000000000000000000000000000000073
:104D40000000000000000000000000000000000063
:104D50000000000000000000000000000000000053
:104D60000000000000000000000000000000000043
:104D7000000000000000000100002600000A000002
:104D80000000000000000000000000000000000023
:104D90000000000000000000000000000000000013
:104DA0000000000000000000000000000000000003
:104DB00000000000000000000000000000000000F3
:104DC00000000000000000000000000000000000E3
:104DD00000000000000000000000000000000000D3
:104DE00000000000000000000000000000000000C3
:104DF00000000000000000000000000000000000B3
:104E000000000000000000000000000000000000A2
:104E10000000000000000000000000000000000092
:104E20000000000000000000000000000000000082
:104E30000000000000000000000000000000000072
:104E40000000000000000000000000000000000062
:104E50000000000000000000000000000000000052
:104E60000000000000000000000000000000000042
:104E70000000000000000000000000000000000032
:104E80000000000000000000000000000000000022
:104E90000000000000000000000000000000000012
:104EA0000000000005A00005C0120000E43B03085C
:104EB00000000000000000000000000000000000F2
:104EC00000000000000000000000000000000000E2
:104ED00000000000000000000000000000000000D2
:104EE00000000000000000000000000000000000C2
:104EF00000000000000000000000000000000000B2
:104F000000000000000000000000000000000000A1
:104F10000000000000000000000000000000000091
:104F20000000000000000000000000000000000081
:104F30000000000000000000000000000000000071
:104F40000000000000000000000000000000000061
:104F50000000000000000000000000000000000051
:104F60000000000000000000000000000000000041
:104F70000000000000000000000000000000000031
:104F80000000000000000000000000000000000021
:104F90000000000000000000000000000000000011
:104FA0000000000000000000000000000000000001
:104FB000000000000000000B0000760000940000DC
:104FC000930000930000930000930000930000936F
:104FD00000009300009300009300009300009300F2
:104FE00000930000930000930000930000930000E2
:104FF000930000930000930000930000940000745D
:1050000000000A0000000000000000000000000096
:105010000000000000000000000000000000000090
:10502000000000000000000000000000000000156B
:105030000000C900009000007100007300007300C0
:105040000073000073000073000073000073000021
:10505000730000730000730000730000730000739E
:105060000000730000730000730000730000730001
:1050700000710000920000C6000012000000000055
:105080000000000000000000000000000000000020
:105090000000000000000000000000000000000010
:1050A00000000000000000150000BC00002E000001
:1050B00000000000000000000000000000000000F0
:1050C00000000000000000000000000000000000E0
:1050D00000000000000000000000000000000000D0
:1050E000000000000000000000000000330000BBD2
:1050F000000012000000000000000000000000009E
:10510000000000000000000000000000000000009F
:10511000000000000000000000000000000000157A
:105120000000BD0000320000000000000000000090
:10513000000000000000000000000000000000006F
:10514000000000000000000000000000000000005F
:10515000000000000000000000000000000000004F
:1051600000000000360000BB00001200000000003C
:10517000000000000000000000000000000000002F
:10518000000000000000000000000000000000001F
:1051900000000000000000150000BD00003200000B
:1051A00000000000000000000000000000000000FF
:1051B00000000000000000000000000000000000EF
:1051C00000000000000000000000000000000000DF
:1051D000000000000000000000000000360000BBDE
:1051E00000001200000000000000000000000000AD
:1051F00000000000000000000000000000000000AF
:105200000000000000000000000000000000001589
:105210000000BD000032000000000000000000009F
:10522000000000000000000000000000000000007E
:10523000000000000000000000000000000000006E
:10524000000000000000000000000000000000005E
:1052500000000000360000BB00001200000000004B
:10526000000000000000000000000000000000003E
:10527000000000000000000000000000000000002E
:1052800000000000000000150000BD00003200001A
:10529000000000000000000000000000000000000E
:1052A00000000000000000000F00002500002200A8
:1052B000000B0000000000000000000000000000E3
:1052C000000000000000000000000000360000BBED
:1052D00000001200000000000000000000000000BC
:1052E00000000000000000000000000000000000BE
:1052F0000000000000000000000000000000001599
:105300000000BD00003200000000000000000000AE
:10531000000000000000000000000C00006C000015
:10532000B70000BE0000BE0000B200005A00000539
:10533000000000000000000000000000000000006D
:1053400000000000360000BB00001200000000005A
:10535000000000000000000000000000000000004D
:10536000000000000000000000000000000000003D
:1053700000000000000000150000BD000032000029
:105380000000000000000000000000000000000B12
:105390000000940000BC00008F00009E00009C00F4
:1053A000008E0000C200007D00000400000000002C
:1053B000000000000000000000000000360000BBFC
:1053C00000001200000000000000000000000000CB
:1053D00000000000000000000000000000000000CD
:1053E00000000000000000000000000000000015A8
:1053F0000000BD00003200000000000000000000BE
:1054000000000000000000640000BD0000920000E9
:10541000C000008800008F0000C300008C0000C4A2
:105420000000460000000000000000000000000036
:1054300000000000360000BB000012000000000069
:10544000000000000000000000000000000000005C
:10545000000000000000000000000000000000004C
:1054600000000000000000150000BD000032000038
:10547000000000000000000000000000090000AF74
:105480000000940000C20000300000000000000096
:1054900000480000C10000990000970000010000D2
:1054A000000000000000000000000000360000BB0B
:1054B00000001200000000000000000000000000DA
:1054C00000000000000000000000000000000000DC
:1054D00000000000000000000000000000000015B7
:1054E0000000BD00003200000000000000000000CD
:1054F000000000001A0000BC00009B0000960000A5
:10550000000000000000000000060000AC00009455
:105510000000B300000A00000000000000000000CE
:1055200000000000360000BB000012000000000078
:10553000000000000000000000000000000000006B
:10554000000000000000000000000000000000005B
:1055500000000000000000150000BD000032000047
:10556000000000000000000000000000170000BB69
:105570000000960000A200000200000000000000F1
:10558000000D0000B60000920000AE000008000010
:10559000000000000000000000000000360000BB1A
:1055A00000001200000000000000000000000000E9
:1055B00000000000000000000000000000000000EB
:1055C00000000000000000000000000000000015C6
:1055D0000000BD00003200000000000000000000DC
:1055E000000000000300009C0000980000BF0000C5
:1055F0006200000E0000120000790000B60000A258
:105600000000850000000000000000000000000015
:1056100000000000360000BB000012000000000087
:10562000000000000000000000000000000000007A
:10563000000000000000000000000000000000006A
:1056400000000000000000150000BD000032000056
:10565000000000000000000000000000000000400A
:105660000000C600008B0000BB0000B80000BA00BC
:1056700000B200008D0000C400002C0000000000FB
:10568000000000000000000000000000360000BB29
:1056900000001200000000000000000000000000F8
:1056A00000000000000000000000000000000000FA
:1056B00000000000000000000000000000000015D5
:1056C0000000BD00003200000000000000000000EB
:1056D00000000000000000010000600000C60000A3
:1056E000A50000940000940000A80000C300004A38
:1056F00000000000000000000000000000000000AA
:1057000000000000360000BB000012000000000096
:105710000000000000000000000000000000000089
:105720000000000000000000000000000000000079
:1057300000000000000000150000BD000032000065
:105740000000000000000000000000000000000059
:105750000000000000300000830000A60000A3004D
:10576000007A000027000000000000000000000098
:10577000000000000000000000000000360000BB38
:105780000000120000000000000000000000000007
:105790000000000000000000000000000000000009
:1057A00000000000000000000000000000000015E4
:1057B0000000BD00003200000000000000000000FA
:1057C00000000000000000000000000000000000D9
:1057D00000000001000001000000000000000000C7
:1057E00000000000000000000000000000000000B9
:1057F00000000000360000BB0000120000000000A6
:105800000000000000000000000000000000000098
:105810000000000000000000000000000000000088
:1058200000000000000000150000BD000032000074
:105830000000000000000000000000000000000068
:1058400000000000000300001C00003000002C00DD
:105850000013000000000000000000000000000035
:10586000000000000000000000000000360000BB47
:105870000000120000000000000000000000000016
:105880000000000000000000000000000000000018
:1058900000000000000000000000000000000015F3
:1058A0000000BD0000320000000000000000000009
:1058B000000000000000000000003C00009E00000E
:1058C000C00000BA0000BD0000BD00008100001D46
:1058D00000000000000000000000000000000000C8
:1058E00000000000360000BB0000120000000000B5
:1058F00000000000000000000000000000000000A8
:105900000000000000000000000000000000000097
:1059100000000000000000150000BD000032000083
:10592000000000000000000000000000020000660F
:105930000000C7000077000043000046000043005D
:10594000004C00009C0000BD000032000000000080
:10595000000000000000000000000000360000BB56
:105960000000120000000000000000000000000025
:105970000000000000000000000000000000000027
:105980000000000000000000000000000000001502
:105990000000BD0000320000000000000000000018
:1059A00000000000500000C700004700006D00002C
:1059B000BD0000BD0000BF0000AB00004600007746
:1059C0000000BA00001A0000000000000000000003
:1059D00000000000360000BB0000120000000000C4
:1059E00000000000000000000000000000000000B7
:1059F00000000000000000000000000000000000A7
:105A000000000000000000150000BD000032000092
:105A1000000000000000000000100000B700005F60
:105A200000007B0000BB00004200001500001C00CD
:105A3000006C0000C70000450000A200007A0000D2
:105A4000000000000000000000000000360000BB65
:105A50000000120000000000000000000000000034
:105A60000000000000000000000000000000000036
:105A70000000000000000000000000000000001511
:105A80000000BD0000320000000000000000000027
:105A900000410000B80000420000C500002D0000D9
:105AA000000000000000000000000000710000A6DF
:105AB00000004F0000B600000E00000000000000D3
:105AC00000000000360000BB0000120000000000D3
:105AD00000000000000000000000000000000000C6
:105AE00000000000000000000000000000000000B6
:105AF00000000000000000150000BD0000320000A2
:105B00000000000000000000006800009800006530
:105B10000000A200000100000000000000000000E2
:105B200000000000240000C00000420000BF000090
:105B3000230000000000000000000000360000BB51
:105B40000000120000000000000000000000000043
:105B50000000000000000000000000000000000045
:105B60000000000000000000000000000000001520
:105B70000000BD0000320000000000000000000036
:105B8000006A00009600006C00009B00000000000E
:105B90000000000000000000000000001E0000C027
:105BA0000000430000BF00002500000000000000CE
:105BB00000000000360000BB0000120000000000E2
:105BC00000000000000000000000000000000000D5
:105BD00000000000000000000000000000000000C5
:105BE00000000000000000150000BD0000320000B1
:105BF0000000000000000000004D0000AF00004960
:105C00000000C100001900000000000000000000BA
:105C100000000000540000B60000480000BD000075
:105C2000130000000000000000000000360000BB70
:105C30000000120000000000000000000000000052
:105C40000000000000000000000000000000000054
:105C5000000000000000000000000000000000152F
:105C60000000BD0000320000000000000000000045
:105C7000001B0000C100004A00009900009C0000C9
:105C80001D00000100000400003E0000C400005C94
:105C900000008700008D00000000000000000000F0
:105CA00000000000360000BB0000120000000000F1
:105CB00000000000000000000000000000000000E4
:105CC00000000000000000000000000000000000D4
:105CD00000000000000000150000BD0000320000C0
:105CE0000000000000000000000000006D0000B790
:105CF0000000380000970000C10000A20000AB00C7
:105D000000C30000670000550000C800002E00001E
:105D1000000000000000000000000000360000BB92
:105D20000000120000000000000000000000000061
:105D30000000000000000000000000000000000063
:105D4000000000000000000000000000000000153E
:105D50000000BD0000320000000000000000000054
:105D6000000000000A00008E0000B800004F000094
:105D70004500006200005B00003C00006F0000C9AD
:105D800000005300000000000000000000000000C0
:105D900000000000360000BB000012000000000000
:105DA00000000000000000000000000000000000F3
:105DB00000000000000000000000000000000000E3
:105DC00000000000000000150000BD0000320000CF
:105DD00000000000000000000000000000000009BA
:105DE0000000690000BF0000B700009F0000A50090
:105DF00000BF0000AC00003E0000000000000000FA
:105E0000000000000000000000000000360000BBA1
:105E10000000120000000000000000000000000070
:105E20000000000000000000000000000000000072
:105E3000000000000000000000000000000000154D
:105E40000000BD0000320000000000000000000063
:105E5000000000000000000000000000001700002B
:105E60004500005F000058000035000009000000F8
:105E70000000000000000000000000000000000022
:105E800000000000360000BB00001200000000000F
:105E90000000000000000000000000000000000002
:105EA00000000000000000000000000000000000F2
:105EB00000000000000000150000BD0000320000DE
:105EC00000000000000000000000000000000000D2
:105ED00000000000000000000000000000000000C2
:105EE00000000000000000000000000000000000B2
:105EF000000000000000000000000000360000BBB1
:105F0000000012000000000000000000000000007F
:105F10000000000000000000000000000000000081
:105F2000000000000000000000000000000000155C
:105F30000000BC00002E0000000000000000000077
:105F40000000000000000000000000000000000051
:105F50000000000000000000000000000000000041
:105F60000000000000000000000000000000000031
:105F700000000000330000BB000012000000000021
:105F80000000000000000000000000000000000011
:105F90000000000000000000000000000000000001
:105FA00000000000000000140000C9000094000080
:105FB0007600007800007800007800007800007813
:105FC0000000780000780000780000780000780079
:105FD0000078000078000078000078000078000069
:105FE000780000780000780000760000970000C676
:105FF000000012000000000000000000000000008F
:106000000000000000000000000000000000000090
:106010000000000000000000000000000000000B75
:1060200000007200008E00008D00008D00008D00C9
:10603000008D00008D00008D00008D00008D00009F
:106040008D00008D00008D00008D00008D00008D02
:1060500000008D00008D00008D00008D00008D007F
:10606000008D00008E00006F00000900000000009D
:106070000000000000000000000000000000000020
:106080000000000000000000000000000000000010
:106090000000000000000000000000000000000000
:1060A00000000000000000000000000000000000F0
:1060B00000000000000000000000000000000000E0
:1060C00000000000000000000000000000000000D0
:1060D00000000000000000000000000000000000C0
:1060E00000000000000000000000000000000000B0
:1060F00000000000000000000000000000000000A0
:10610000000000000000000000000000000000008F
:10611000000000000000000000000000000000007F
:10612000000000000000000000000000000000006F
:10613000000000000000000000000000000000005F
:10614000000000000000000000000000000000004F
:10615000000000000000000000000000000000003F
:10616000000000000000000000000000000000002F
:1061700005A00005C0120000B04E0308000000009A
:10618000000000000000000000000000000000000F
:1061900000000000000000000000000000000000FF
:1061A00000000000000000000000000000000000EF
:1061B00000000000000000000000000000000000DF
:1061C00000000000000000000000000000000000CF
:1061D00000000000000000000000000000000000BF
:1061E00000000000000000000000000000000000AF
:1061F000000000000000000000000000000000009F
:10620000000000000000000000000000000000008E
:10621000000000000000000000000000000000007E
:10622000000000000000000000000000000000006E
:10623000000000000000000000000000000000005E
:10624000000000000000000000000000000000004E
:10625000000000000000000000000000000000003E
:10626000000000000000000000000000000000002E
:10627000000000000000000000000000000000001E
:10628000000000000000000000000000000000000E
:1062900000000000000000000000000000000000FE
:1062A00000000000000000000000000000000000EE
:1062B00000000000000000000000000000000000DE
:1062C00000000000000000000000000000000000CE
:1062D00000000000000000000000000000000000BE
:1062E00000000000000000000000000000000000AE
:1062F000000000000000000000000000000000009E
:10630000000000000000000000000000000000008D
:10631000000000000000000000000000000000007D
:10632000000000000000000000000000000000006D
:10633000000000000000000000000000000000005D
:10634000000000000000000000000000000000004D
:10635000000000000000000000000000000000003D
:10636000000000000000000000000000000000002D
:10637000000000000000000000000000000000001D
:10638000000000000000000000000000000000000D
:1063900000000000000000000000000000000000FD
:1063A00000000000000000000000000000000000ED
:1063B00000000000000000000000000000000000DD
:1063C00000000000000000000000000000000000CD
:1063D00000000000000000000000000000000000BD
:1063E00000000000000000000000000000000000AD
:1063F000000000000000000000000000000000009D
:10640000000000000000000000000000000000008C
:10641000000000000000000000000000000000007C
:10642000000000000000000000000000000000006C
:10643000000000000000000000000000000000005C
:10644000000000000000000000000000000000004C
:10645000000000000000000000000000000000003C
:10646000000000000000000000000000000000002C
:10647000000000000000000000000000000000001C
:10648000000000000000000000000000000000000C
:1064900000000000000000000000000000000000FC
:1064A00000000000000000000000000000000000EC
:1064B00000000000000000000000000000000000DC
:1064C00000000000000000000000000000000000CC
:1064D00000000000000000000000000000000000BC
:1064E00000000000000000000000000000000000AC
:1064F000000000000000000000000000000000009C
:10650000000000000000000000000000000000008B
:10651000000000000000000000000000000000007B
:10652000000000000000000000000000000000006B
:10653000000000000000000000000000000000005B
:10654000000000000000000000000000000000004B
:10655000000000000000000000000000000000003B
:10656000000000000000000000000000000000002B
:10657000000000000000000000000000000000001B
:10658000000000000000000000000000000000000B
:1065900000000000000000000000000000000000FB
:1065A00000000000000000000000000000000000EB
:1065B00000000000000000000000000000000000DB
:1065C00000000000000000000000000000000000CB
:1065D00000000000000000000000000000000000BB
:1065E00000000000000000000000000000000000AB
:1065F000000000000000000000000000000000009B
:10660000000000000000000000000000000000008A
:10661000000000000000000000000000000000007A
:10662000000000000000000000000000000000006A
:10663000000000000000000000000000000000005A
:10664000000000000000000000000000000000004A
:10665000000000000000000000000000000000003A
:10666000000000000000000000000000000000002A
:10667000000000000000000000000000000000001A
:10668000000000000000000000000000000000000A
:1066900000000000000000000000000000000000FA
:1066A00000000000000000000000000000000000EA
:1066B00000000000000000000000000000000000DA
:1066C00000000000000000000000000000000000CA
:1066D00000000000000000000000000000000000BA
:1066E00000000000000000000000000000000000AA
:1066F000000000000000000000000000000000009A
:106700000000000000000000000000000000000089
:106710000000000000000000000000000000000079
:106720000000000000000000000000000000000069
:106730000000000000000000000000000000000059
:106740000000000000000000000000000000000049
:106750000000000000000000000000000000000039
:106760000000000000000000000000000000000029
:106770000000000000000000000000000000000019
:106780000000000000000000000000000000000009
:1067900000000000000000000000000000000000F9
:1067A00000000000000000000000000000000000E9
:1067B00000000000000000000000000000000000D9
:1067C00000000000000000000000000000000000C9
:1067D00000000000000000000000000000000000B9
:1067E00000000000000000000000000000000000A9
:1067F0000000000000000000000000000000000099
:106800000000000000000000000000000000000088
:106810000000000000000000000000000000000078
:106820000000000000000000000000000000000068
:106830000000000000000000000000000000000058
:106840000000000000000000000000000000000048
:106850000000000000000000000000000000000038
:106860000000000000000000000000000000000028
:106870000000000000000000000000000000000018
:106880000000000000000000000000000000000008
:1068900000000000000000000000000000000000F8
:1068A00000000000000000000000000000000000E8
:1068B00000000000000000000000000000000000D8
:1068C00000000000000000000000000000000000C8
:1068D00000000000000000000000000000000000B8
:1068E00000000000000000000000000000000000A8
:1068F0000000000000000000000000000000000098
:106900000000000000000000000000000000000087
:106910000000000000000000000000000000000077
:106920000000000000000000000000000000000067
:106930000000000000000000000000000000000057
:106940000000000000000000000000000000000047
:106950000000000000000000000000000000000037
:106960000000000000000000000000000000000027
:106970000000000000000000000000000000000017
:106980000000000000000000000000000000000007
:1069900000000000000000000000000000000000F7
:1069A00000000000000000000000000000000000E7
:1069B00000000000000000000000000000000000D7
:1069C00000000000000000000000000000000000C7
:1069D00000000000000000000000000000000000B7
:1069E00000000000000000000000000000000000A7
:1069F0000000000000000000000000000000000097
:106A00000000000000000000000000000000000086
:106A10000000000000000000000000000000000076
:106A20000000000000000000000000000000000066
:106A30000000000000000000000000000000000056
:106A40000000000000000000000000000000000046
:106A50000000000000000000000000000000000036
:106A60000000000000000000000000000000000026
:106A70000000000000000000000000000000000016
:106A80000000000000000000000000000000000006
:106A900000000000000000000000000000000000F6
:106AA00000000000000000000000000000000000E6
:106AB00000000000000000000000000000000000D6
:106AC00000000000000000000000000000000000C6
:106AD00000000000000000000000000000000000B6
:106AE00000000000000000000000000000000000A6
:106AF0000000000000000000000000000000000096
:106B00000000000000000000000000000000000085
:106B10000000000000000000000000000000000075
:106B20000000000000000000000000000000000065
:106B30000000000000000000000000000000000055
:106B40000000000000000000000000000000000045
:106B50000000000000000000000000000000000035
:106B60000000000000000000000000000000000025
:106B70000000000000000000000000000000000015
:106B80000000000000000000000000000000000005
:106B900000000000000000000000000000000000F5
:106BA00000000000000000000000000000000000E5
:106BB00000000000000000000000000000000000D5
:106BC00000000000000000000000000000000000C5
:106BD00000000000000000000000000000000000B5
:106BE00000000000000000000000000000000000A5
:106BF0000000000000000000000000000000000095
:106C00000000000000000000000000000000000084
:106C10000000000000000000000000000000000074
:106C20000000000000000000000000000000000064
:106C30000000000000000000000000000000000054
:106C40000000000000000000000000000000000044
:106C50000000000000000000000000000000000034
:106C60000000000000000000000000000000000024
:106C70000000000000000000000000000000000014
:106C80000000000000000000000000000000000004
:106C900000000000000000000000000000000000F4
:106CA00000000000000000000000000000000000E4
:106CB00000000000000000000000000000000000D4
:106CC00000000000000000000000000000000000C4
:106CD00000000000000000000000000000000000B4
:106CE00000000000000000000000000000000000A4
:106CF0000000000000000000000000000000000094
:106D00000000000000000000000000000000000083
:106D10000000000000000000000000000000000073
:106D20000000000000000000000000000000000063
:106D30000000000000000000000000000000000053
:106D40000000000000000000000000000000000043
:106D50000000000000000000000000000000000033
:106D60000000000000000000000000000000000023
:106D70000000000000000000000000000000000013
:106D80000000000000000000000000000000000003
:106D900000000000000000000000000000000000F3
:106DA00000000000000000000000000000000000E3
:106DB00000000000000000000000000000000000D3
:106DC00000000000000000000000000000000000C3
:106DD00000000000000000000000000000000000B3
:106DE00000000000000000000000000000000000A3
:106DF0000000000000000000000000000000000093
:106E00000000000000000000000000000000000082
:106E10000000000000000000000000000000000072
:106E20000000000000000000000000000000000062
:106E30000000000000000000000000000000000052
:106E40000000000000000000000000000000000042
:106E50000000000000000000000000000000000032
:106E60000000000000000000000000000000000022
:106E70000000000000000000000000000000000012
:106E80000000000000000000000000000000000002
:106E900000000000000000000000000000000000F2
:106EA00000000000000000000000000000000000E2
:106EB00000000000000000000000000000000000D2
:106EC00000000000000000000000000000000000C2
:106ED00000000000000000000000000000000000B2
:106EE00000000000000000000000000000000000A2
:106EF0000000000000000000000000000000000092
:106F00000000000000000000000000000000000081
:106F10000000000000000000000000000000000071
:106F20000000000000000000000000000000000061
:106F30000000000000000000000000000000000051
:106F40000000000000000000000000000000000041
:106F50000000000000000000000000000000000031
:106F60000000000000000000000000000000000021
:106F70000000000000000000000000000000000011
:106F80000000000000000000000000000000000001
:106F900000000000000000000000000000000000F1
:106FA00000000000000000000000000000000000E1
:106FB00000000000000000000000000000000000D1
:106FC00000000000000000000000000000000000C1
:106FD00000000000000000000000000000000000B1
:106FE00000000000000000000000000000000000A1
:106FF0000000000000000000000000000000000091
:107000000000000000000000000000000000000080
:107010000000000000000000000000000000000070
:107020000000000000000000000000000000000060
:107030000000000000000000000000000000000050
:107040000000000000000000000000000000000040
:107050000000000000000000000000000000000030
:107060000000000000000000000000000000000020
:107070000000000000000000000000000000000010
:107080000000000000000000000000000000000000
:1070900000000000000000000000000000000000F0
:1070A00000000000000000000000000000000000E0
:1070B00000000000000000000000000000000000D0
:1070C00000000000000000000000000000000000C0
:1070D00000000000000000000000000000000000B0
:1070E00000000000000000000000000000000000A0
:1070F0000000000000000000000000000000000090
:10710000000000000000000000000000000000007F
:10711000000000000000000000000000000000006F
:10712000000000000000000000000000000000005F
:10713000000000000000000000000000000000004F
:10714000000000000000000000000000000000003F
:10715000000000000000000000000000000000002F
:10716000000000000000000000000000000000001F
:10717000000000000000000000000000000000000F
:1071800000000000000000000000000000000000FF
:1071900000000000000000000000000000000000EF
:1071A00000000000000000000000000000000000DF
:1071B00000000000000000000000000000000000CF
:1071C00000000000000000000000000000000000BF
:1071D00000001F0402BB021BDB023DDB0256DB0288
:1071E00069DB0278DB027ADB0266DB0258DB023EF7
:1071F000DC0217180204000000000000000000007C
:10720000000000000000000000000000000000007E
:10721000000000000000000000000000000000006E
:10722000000000000000000000000000000000005E
:10723000000000000000000000000000000000004E
:10724000000000000000000000000000000000003E
:10725000000000000000000000000000000000002E
:10726000000000000000000000000000000000001E
:10727000000000000000000000000000000000000E
:1072800000000000000000000000000000000000FE
:1072900000000000000000000000000000000000EE
:1072A00000000000000000000000000000000000DE
:1072B000000000000000000000000000DB0220DBF6
:1072C0000263DB029EDB02D4DB02F0DB02FADB02AC
:1072D000FFDB02FFDB02FFDB02FFDB02FBDB02EF77
:1072E000DB02D0DB02A0DB0260FB021C000000001E
:1072F000000000000000000000000000000000008E
:10730000000000000000000000000000000000007D
:10731000000000000000000000000000000000006D
:10732000000000000000000000000000000000005D
:10733000000000000000000000000000000000004D
:10734000000000000000000000000000000000003D
:10735000000000000000000000000000000000002D
:10736000000000000000000000000000000000001D
:10737000000000000000000000000000000000000D
:1073800000000000000000000000000000000000FD
:1073900000000000000000000000000000000000ED
:1073A000000000000000BB0221DB027ADB02D6DB1A
:1073B00002FDDB02FFDB02FFDB02FFDB02FFDB0281
:1073C000FFDB02FFDB02FFDB02FFDB02FFDB02FF72
:1073D000DB02FFDB02FFDB02FCDB02CFDB0277FB21
:1073E0000222000000000000000000000000000079
:1073F000000000000000000000000000000000008D
:10740000000000000000000000000000000000007C
:10741000000000000000000000000000000000006C
:10742000000000000000000000000000000000005C
:10743000000000000000000000000000000000004C
:10744000000000000000000000000000000000003C
:10745000000000000000000000000000000000002C
:10746000000000000000000000000000000000001C
:10747000000000000000000000000000000000000C
:1074800000000000000000000000000000000000FC
:107490001C0308DB025FDB02D4DB02FFDB02FFDB45
:1074A00002FFDB02FFDB02FFDB02FFDB02FFDB028E
:1074B000FFDB02FFDB02FFDB02FFDB02FFDB02FF81
:1074C000DB02FFDB02FFDB02FFDB02FFDB02FEDB96
:1074D00002D1DB025D1C0308000000000000000078
:1074E000000000000000000000000000000000009C
:1074F000000000000000000000000000000000008C
:10750000000000000000000000000000000000007B
:10751000000000000000000000000000000000006B
:10752000000000000000000000000000000000005B
:10753000000000000000000000000000000000004B
:10754000000000000000000000000000000000003B
:10755000000000000000000000000000000000002B
:10756000000000000000000000000000000000001B
:1075700000000000000000000000000000FB0222EC
:10758000DB029BDB02F6DB02FFDB02FFDB02FFDB41
:1075900002FFDB02FFDB02FFDB02F5DB02E3DB02C3
:1075A000D1DB02BDDB02BFDB02D2DB02E4DB02F394
:1075B000DB02FFDB02FFDB02FFDB02FFDB02FFDBA4
:1075C00002FFDB02F5DB029DFB022200000000004F
:1075D00000000000000000000000000000000000AB
:1075E000000000000000000000000000000000009B
:1075F000000000000000000000000000000000008B
:10760000000000000000000000000000000000007A
:10761000000000000000000000000000000000006A
:10762000000000000000000000000000000000005A
:10763000000000000000000000000000000000004A
:10764000000000000000000000000000000000003A
:10765000000000000000000000000000000000002A
:1076600000000000000000000000DC022CDB02C46F
:10767000DB02FFDB02FFDB02FFDB02FFDB02FFDBE3
:1076800002F8DB02CCDB028ADB0249BB0221FC02EE
:1076900016FB020EFB020EFC0216FB0222DB024767
:1076A000DB0286DB02CADB02F8DB02FFDB02FFDB68
:1076B00002FFDB02FFDB02FFDB02BEBB0227000092
:1076C00000000000000000000000000000000000BA
:1076D00000000000000000000000000000000000AA
:1076E000000000000000000000000000000000009A
:1076F000000000000000000000000000000000008A
:107700000000000000000000000000000000000079
:107710000000000000000000000000000000000069
:107720000000000000000000000000000000000059
:107730000000000000000000000000000000000049
:107740000000000000000000000000000000000039
:1077500000000000000000BB022DDB02C6DB02FFC0
:10776000DB02FFDB02FFDB02FFDB02F9DB02BFDB38
:10777000025C9B02130000000000000000000000FB
:1077800000000000000000000000000000000000F9
:10779000000000DB0214DB0260DB02C5DB02FBDB66
:1077A00002FFDB02FFDB02FFDB02FFDB02BFBB02EB
:1077B00027000000000000000000000000000000A2
:1077C00000000000000000000000000000000000B9
:1077D00000000000000000000000000000000000A9
:1077E0000000000000000000000000000000000099
:1077F0000000000000000000000000000000000089
:107800000000000000000000000000000000000078
:107810000000000000000000000000000000000068
:107820000000000000000000000000000000000058
:107830000000000000000000000000000000000048
:1078400000000000FB0219DB02BDDB02FFDB02FFD0
:10785000DB02FFDB02FFDB02ECDB0273FA0211004A
:107860000000000000000000000000000000000018
:107870000000000000000000000000000000000008
:10788000000000000000000000FC0216DB0272DBBA
:1078900002ECDB02FFDB02FFDB02FFDB02FFDB02AD
:1078A000BADB021A00000000000000000000000027
:1078B00000000000000000000000000000000000C8
:1078C00000000000000000000000000000000000B8
:1078D00000000000000000000000000000000000A8
:1078E0000000000000000000000000000000000098
:1078F0000000000000000000000000000000000088
:107900000000000000000000000000000000000077
:107910000000000000000000000000000000000067
:107920000000000000000000000000000000000057
:1079300000BB0206DB028FDB02FFDB02FFDB02FF84
:10794000DB02FFDB02D9DB02521F04020000000051
:107950000000000000000000000000000000000027
:107960000000000000000000000000000000000017
:107970000000000000000000000000001F0001DB0C
:107980000251DB02D9DB02FFDB02FFDB02FFDB027D
:10799000FFDB028DBB0206000000000000000000BB
:1079A00000000000000000000000000000000000D7
:1079B00000000000000000000000000000000000C7
:1079C00000000000000000000000000000000000B7
:1079D00000000000000000000000000000000000A7
:1079E0000000000000000000000000000000000097
:1079F0000000000000000000000000000000000087
:107A00000000000000000000000000000000000076
:107A10000000000000000000000000000000000066
:107A200000DB0258DB02F3DB02FFDB02FFDB02FFBD
:107A3000DB02DEDB023D0000000000000000000071
:107A40000000000000000000000000000000000036
:107A50000000000000000000000000000000000026
:107A60000000000000000000000000000000000016
:107A70000000DB0243DB02E0DB02FFDB02FFDB0294
:107A8000FFDB02F0DB0256000000000000000000F7
:107A900000000000000000000000000000000000E6
:107AA00000000000000000000000000000000000D6
:107AB00000000000000000000000000000000000C6
:107AC00000000000000000000000000000000000B6
:107AD00000000000000000000000000000000000A6
:107AE0000000000000000000000000000000000096
:107AF0000000000000000000000000000000000086
:107B00000000000000000000000000000000BB02B8
:107B100015DB02C9DB02FFDB02FFDB02FFDB02F148
:107B2000DB025A000000000000000000000000001E
:107B30000000000000000000000000000000000045
:107B40000000000000000000000000000000000035
:107B50000000000000000000000000000000000025
:107B60000000000000DB025DDB02EFDB02FFDB0256
:107B7000FFDB02FFDB02C7FC021600000000000072
:107B800000000000000000000000000000000000F5
:107B900000000000000000000000000000000000E5
:107BA00000000000000000000000000000000000D5
:107BB00000000000000000000000000000000000C5
:107BC00000000000000000000000000000000000B5
:107BD00000000000000000000000000000000000A5
:107BE0000000000000000000000000000000000095
:107BF0000000000000000000000000000000DB02A8
:107C000065DB02FCDB02FFDB02FFDB02FFDB02863F
:107C10001802040000000000000000000000000046
:107C20000000000000000000000000000000000054
:107C30000000000000000000000000000000000044
:107C40000000000000000000000000000000000034
:107C500000000000001F0402DB0286DB02FFDB02E3
:107C6000FFDB02FFDB02FADB026100000000000024
:107C70000000000000000000000000000000000004
:107C800000000000000000000000000000000000F4
:107C900000000000000000000000000000000000E4
:107CA00000000000000000000000000000000000D4
:107CB00000000000000000000000000000000000C4
:107CC00000000000000000000000000000000000B4
:107CD00000000000000000000000000000000000A4
:107CE00000000000000000000000009B0213DB0207
:107CF000C4DB02FFDB02FFDB02FFDB02D3FB021F60
:107D00000000000000000000000000000000000073
:107D10000000000000000000000000000000000063
:107D20000000000000000000000000000000000053
:107D30000000000000000000000000000000000043
:107D40000000000000000000FB021FDB02D0DB028D
:107D5000FFDB02FFDB02FFDB02C2BB0212000000FE
:107D60000000000000000000000000000000000013
:107D70000000000000000000000000000000000003
:107D800000000000000000000000000000000000F3
:107D900000000000000000000000000000000000E3
:107DA00000000000000000000000000000000000D3
:107DB00000000000000000000000000000000000C3
:107DC00000000000000000000000000000000000B3
:107DD0000000000000000000000000DB0246DB02A3
:107DE000F4DB02FFDB02FFDB02FCDB026D000000C4
:107DF0000000000000000000000000000000000083
:107E00000000000000000000000000000000000072
:107E10000000000000000000000000000000000062
:107E20000000000000000000000000000000000052
:107E30000000000000000000000000DB026BDB021D
:107E4000FADB02FFDB02FFDB02F2DB024300000091
:107E50000000000000000000000000000000000022
:107E60000000000000000000000000000000000012
:107E70000000000000000000000000000000000002
:107E800000000000000000000000000000000000F2
:107E900000000000000000000000000000000000E2
:107EA00000000000000000000000000000000000D2
:107EB00000000000000000000000000000000000C2
:107EC0000000000000000000000000DB0277DB0281
:107ED000FFDB02FFDB02FFDB02D9BB022100000057
:107EE0000000000000000000000000000000000092
:107EF0000000000000000000000000000000000082
:107F00000000000000000000000000000000000071
:107F10000000000000000000000000000000000061
:107F20000000000000000000000000BB0221DB0296
:107F3000DBDB02FFDB02FFDB02FFDB028200000073
:107F40000000000000000000000000000000000031
:107F50000000000000000000000000000000000021
:107F60000000000000000000000000000000000011
:107F70000000000000000000000000000000000001
:107F800000000000000000000000000000000000F1
:107F900000000000000000000000000000000000E1
:107FA00000000000000000000000000000000000D1
:107FB0000000000000000000DB0214DB02BEDB0258
:107FC000FFDB02FFDB02FFDB02A21802040000005D
:107FD00000000000000000000000000000000000A1
:107FE0000000000000000000000000000000000091
:107FF0000000000000000000000000000000000081
:108000000000000000000000000000000000000070
:1080100000000000000000000000005A0305DB0221
:10802000A3DB02FFDB02FFDB02FFDB02BABC020FB5
:108030000000000000000000000000000000000040
:108040000000000000000000000000000000000030
:108050000000000000000000000000000000000020
:108060000000000000000000000000000000000010
:108070000000000000000000000000000000000000
:1080800000000000000000000000000000000000F0
:1080900000000000000000000000000000000000E0
:1080A0000000FB0222DB0276DB02BFDB02F9DB020F
:1080B000FFDB02FFDB02FDDB0262000000000000CC
:1080C00000000000000000000000000000000000B0
:1080D00000000000000000000000000000000000A0
:1080E0000000000000000000000000000000000090
:1080F0000000000000000000000000000000000080
:108100000000000000000000000000000000DB0292
:1081100066DB02FDDB02FFDB02FFDB02F6DB02B403
:10812000DB0268FB02251F000100000000000000C8
:10813000000000000000000000000000000000003F
:10814000000000000000000000000000000000002F
:10815000000000000000000000000000000000001F
:10816000000000000000000000000000000000000F
:1081700000000000000000000000000000000000FF
:10818000000000000000000000000000BB0218DB3F
:10819000027ADB02D6DB02FFDB02FFDB02FFDB023F
:1081A000FFDB02FFDB02F8DB024100000000000001
:1081B00000000000000000000000000000000000BF
:1081C00000000000000000000000000000000000AF
:1081D000000000000000000000000000000000009F
:1081E000000000000000000000000000000000008F
:1081F0000000000000000000000000000000DB02A2
:1082000045DB02F7DB02FFDB02FFDB02FFDB02FFE5
:10821000DB02FDDB02DDDB0276DB02140000000086
:10822000000000000000000000000000000000004E
:10823000000000000000000000000000000000003E
:10824000000000000000000000000000000000002E
:10825000000000000000000000000000000000001E
:10826000000000000000000000000000000000000E
:10827000000000000000000000DB0238DB02BBDB76
:1082800002FFDB02FFDB02FFDB02FFDB02FFDB02A0
:10829000FFDB02FFDB02EEDB02310000000000002A
:1082A00000000000000000000000000000000000CE
:1082B00000000000000000000000000000000000BE
:1082C00000000000000000000000000000000000AE
:1082D000000000000000000000000000000000009E
:1082E0000000000000000000000000000000DB02B1
:1082F00032DB02EEDB02FFDB02FFDB02FFDB02FF11
:10830000DB02FFDB02FFDB02FDDB02B7DB02380032
:10831000000000000000000000000000000000005D
:10832000000000000000000000000000000000004D
:10833000000000000000000000000000000000003D
:10834000000000000000000000000000000000002D
:10835000000000000000000000000000000000001D
:10836000000000000000DB024DDB02DFDB02FFDB70
:1083700002FFDB02FFDB02FFDB02FFDB02FEDB02B0
:10838000EDDB02D5DB02ADFB021C000000000000AB
:1083900000000000000000000000000000000000DD
:1083A00000000000000000000000000000000000CD
:1083B00000000000000000000000000000000000BD
:1083C00000000000000000000000000000000000AD
:1083D0000000000000000000000000000000BC02DF
:1083E0001EDB02B1DB02D4DB02ECDB02FFDB02FFAF
:1083F000DB02FFDB02FFDB02FFDB02FFDB02D8DB7D
:108400000242000000000000000000000000000028
:10841000000000000000000000000000000000005C
:10842000000000000000000000000000000000004C
:10843000000000000000000000000000000000003C
:10844000000000000000000000000000000000002C
:10845000000000DB0247DB02E3DB02FFDB02FFDBA5
:1084600002FFDB02FFDB02F8DB02BEDB0267DB029E
:1084700034DB021ABC02091F0001000000000000EA
:1084800000000000000000000000000000000000EC
:1084900000000000000000000000000000000000DC
:1084A00000000000000000000000000000000000CC
:1084B00000000000000000000000000000000000BC
:1084C00000000000000000000000000000001F008D
:1084D00001BB020CBB0218DB0237DB0272DB02C2FB
:1084E000DB02F8DB02FFDB02FFDB02FFDB02FFDB6C
:1084F00002DCDB024700000000000000000000007A
:10850000000000000000000000000000000000006B
:10851000000000000000000000000000000000005B
:10852000000000000000000000000000000000004B
:10853000000000000000000000000000000000003B
:10854000DB022BDB02D2DB02FFDB02FFDB02FFDB05
:1085500002FFDB02D8DB025FBB021200000000005A
:10856000000000000000000000000000000000000B
:1085700000000000000000000000000000000000FB
:1085800000000000000000000000000000000000EB
:1085900000000000000000000000000000000000DB
:1085A00000000000000000000000000000000000CB
:1085B00000000000000000000000000000000000BB
:1085C00000000000000000000000000000FC021697
:1085D000DB0262DB02D8DB02FFDB02FFDB02FFDB38
:1085E00002FFDB02D1FB02250000000000000000BA
:1085F000000000000000000000000000000000007B
:10860000000000000000000000000000000000006A
:10861000000000000000000000000000000000005A
:1086200000000000000000000000000000BC020983
:10863000DB02A3DB02FFDB02FFDB02FFDB02FFDB6F
:1086400002BDDB023100000000000000000000005D
:10865000000000000000000000000000000000001A
:10866000000000000000000000000000000000000A
:1086700000000000000000000000000000000000FA
:1086800000000000000000000000000000000000EA
:1086900000000000000000000000000000000000DA
:1086A00000000000000000000000000000000000CA
:1086B00000000000000000000000000000000000BA
:1086C000000000DB0231DB02BFDB02FFDB02FFDB6D
:1086D00002FFDB02FFDB029F7D020A0000000000B8
:1086E000000000000000000000000000000000008A
:1086F000000000000000000000000000000000007A
:108700000000000000000000000000000000000069
:1087100000000000000000000000000000DB025329
:10872000DB02F5DB02FFDB02FFDB02FFDB02CBFB40
:108730000225000000000000000000000000000012
:108740000000000000000000000000000000000029
:108750000000000000000000000000000000000019
:108760000000000000000000000000000000000009
:1087700000000000000000000000000000000000F9
:1087800000000000000000000000000000000000E9
:1087900000000000000000000000000000000000D9
:1087A00000000000000000000000000000000000C9
:1087B000000000000000DB0228DB02CBDB02FFDB55
:1087C00002FFDB02FFDB02F4DB024E0000000000D0
:1087D0000000000000000000000000000000000099
:1087E0000000000000000000000000000000000089
:1087F0000000000000000000000000000000000079
:1088000000000000000000000000BC0209DB02B212
:10881000DB02FFDB02FFDB02FFDB02E4DB023E00E8
:108820000000000000000000000000000000000048
:108830000000000000000000000000000000000038
:108840000000000000000000000000000000000028
:108850000000000000000000000000000000000018
:108860000000000000000000000000000000000008
:1088700000000000000000000000000000000000F8
:1088800000000000000000000000000000000000E8
:1088900000000000000000000000000000000000D8
:1088A000000000000000000000DB0240DB02E4DB0F
:1088B00002FFDB02FFDB02FFDB02AEFA020B00006D
:1088C00000000000000000000000000000000000A8
:1088D0000000000000000000000000000000000098
:1088E0000000000000000000000000000000000088
:1088F00000000000000000000000DB023ADB02EE96
:10890000DB02FFDB02FFDB02FFDB028A1F0001004C
:108910000000000000000000000000000000000057
:108920000000000000000000000000000000000047
:108930000000000000000000000000000000000037
:108940000000000000000000000000000000000027
:108950000000000000000000000000000000000017
:108960000000000000000000000000000000000007
:1089700000000000000000000000000000000000F7
:1089800000000000000000000000000000000000E7
:108990000000000000000000001F0001DB028ADB75
:1089A00002FFDB02FFDB02FFDB02EBBB0236000053
:1089B00000000000000000000000000000000000B7
:1089C00000000000000000000000000000000000A7
:1089D0000000000000000000000000000000000097
:1089E00000000000000000000000DB0279DB02FF55
:1089F000DB02FFDB02FFDB02E5DB022F00000000F1
:108A00000000000000000000000000000000000066
:108A10000000000000000000000000000000000056
:108A20000000000000000000000000000000000046
:108A30000000000000000000000000000000000036
:108A40000000000000000000000000000000000026
:108A50000000000000000000000000000000000016
:108A60000000000000000000000000000000000006
:108A700000000000000000000000000000000000F6
:108A8000000000000000000000000000BB022DDB21
:108A900002E3DB02FFDB02FFDB02FFDB026E000012
:108AA00000000000000000000000000000000000C6
:108AB00000000000000000000000000000000000B6
:108AC00000000000000000000000000000000000A6
:108AD00000000000000000BB0206DB02ABDB02FF6F
:108AE000DB02FFDB02FFDB02B11C03080000000019
:108AF0000000000000000000000000000000000076
:108B00000000000000000000000000000000000065
:108B10000000000000000000000000000000000055
:108B20000000000000000000000000000000000045
:108B30000000000000000000000000000000000035
:108B40000000000000000000000000000000000025
:108B50000000000000000000000000000000000015
:108B60000000000000000000000000000000000005
:108B70000000000000000000000000005B0207DBB6
:108B800002B2DB02FFDB02FFDB02FFDB02A1180205
:108B900004000000000000000000000000000000D1
:108BA00000000000000000000000000000000000C5
:108BB00000000000000000000000000000000000B5
:108BC000000000000000009B0213DB02CADB02FF72
:108BD000DB02FFDB02FFDB02800000000000000080
:108BE0000000000000000000000000000000000085
:108BF0000000000000000000000000000000000075
:108C00000000000000000000000000000000000064
:108C10000000000000000000000000000000000054
:108C20000000000000000000000000000000000044
:108C30000000000000000000000000000000000034
:108C40000000000000000000000000000000000024
:108C50000000000000000000000000000000000014
:108C6000000000000000000000000000000000DB29
:108C7000027FDB02FFDB02FFDB02FFDB02CCDB0259
:108C800014000000000000000000000000000000D0
:108C900000000000000000000000000000000000D4
:108CA00000000000000000000000000000000000C4
:108CB00000000000000000DB021ADB02DADB02FF2A
:108CC000DB02FFDB02FEDB026100000000000000AF
:108CD0000000000000000000000000000000000094
:108CE0000000000000000000000000000000000084
:108CF0000000000000000000000000000000000074
:108D00000000000000000000000000000000000063
:108D10000000000000000000000000000000000053
:108D20000000000000000000000000000000000043
:108D30000000000000000000000000000000000033
:108D40000000000000000000000000000000000023
:108D5000000000000000000000000000000000DB38
:108D60000261DB02FEDB02FFDB02FFDB02D8FB025B
:108D700019000000000000000000000000000000DA
:108D800000000000000000000000000000000000E3
:108D900000000000000000000000000000000000D3
:108DA00000000000000000DB0220DB02E3DB02FF2A
:108DB000DB02FFDB02F9DB025300000000000000D1
:108DC00000000000000000000000000000000000A3
:108DD0000000000000000000000000000000000093
:108DE0000000000000000000000000000000000083
:108DF0000000000000000000000000000000000073
:108E00000000000000000000000000000000000062
:108E10000000000000000000000000000000000052
:108E20000000000000000000000000000000000042
:108E30000000000000000000000000000000000032
:108E4000000000000000000000000000000000DB47
:108E50000257DB02FADB02FFDB02FFDB02DDBB02B3
:108E60001B000000000000000000000000000000E7
:108E700000000000000000000000000000000000F2
:108E800000000000000000000000000000000000E2
:108E900000000000000000DB021ADB02D7DB02FF4B
:108EA000DB02FFDB02FEDB026000000000000000CE
:108EB00000000000000000000000000000000000B2
:108EC00000000000000000000000000000000000A2
:108ED0000000000000000000000000000000000092
:108EE0000000000000000000000000000000000082
:108EF0000000000000000000000000000000000072
:108F00000000000000000000000000000000000061
:108F10000000000000000000000000000000000051
:108F20000000000000000000000000000000000041
:108F3000000000000000000000000000000000DB56
:108F4000025FDB02FEDB02FFDB02FFDB02DEBB02B5
:108F50001B000000000000000000000000000000F6
:108F60000000000000000000000000000000000001
:108F700000000000000000000000000000000000F1
:108F8000000000000000009C0210DB02C4DB02FFB6
:108F9000DB02FFDB02FFDB027A00000000000000C2
:108FA00000000000000000000000000000000000C1
:108FB00000000000000000000000000000000000B1
:108FC00000000000000000000000000000000000A1
:108FD0000000000000000000000000000000000091
:108FE0000000000000000000000000000000000081
:108FF0000000000000000000000000000000000071
:109000000000000000000000000000000000000060
:109010000000000000000000000000000000000050
:10902000000000000000000000000000000000DB65
:109030000278DB02FFDB02FFDB02FFDB02C1BC02C6
:109040000F00000000000000000000000000000011
:109050000000000000000000000000000000000010
:109060000000000000000000000000000000000000
:10907000000000000000005B0207DB02AFDB02FF24
:10908000DB02FFDB02FFDB02B31C03080000000071
:1090900000000000000000000000000000000000D0
:1090A00000000000000000000000000000000000C0
:1090B00000000000000000000000000000000000B0
:1090C00000000000000000000000000000000000A0
:1090D0000000000000000000000000000000000090
:1090E0000000000000000000000000000000000080
:1090F0000000000000000000000000000000000070
:10910000000000000000000000000000000000005F
:10911000000000000000000000000000BC0209DBAD
:1091200002B2DB02FFDB02FFDB02FFDB02A518025B
:10913000040000000000000000000000000000002B
:10914000000000000000000000000000000000001F
:10915000000000000000000000000000000000000F
:1091600000000000000000000000DB0275DB02FFD1
:10917000DB02FFDB02FFDB02E6BB02300000000087
:1091800000000000000000000000000000000000DF
:1091900000000000000000000000000000000000CF
:1091A00000000000000000000000000000000000BF
:1091B00000000000000000000000000000000000AF
:1091C000000000000000000000000000000000009F
:1091D000000000000000000000000000000000008F
:1091E000000000000000000000000000000000007F
:1091F000000000000000000000000000000000006F
:10920000000000000000000000000000DB0232DB74
:1092100002E9DB02FFDB02FFDB02FFDB0272000080
:10922000000000000000000000000000000000003E
:10923000000000000000000000000000000000002E
:10924000000000000000000000000000000000001E
:1092500000000000000000000000DB0235DB02EC33
:10926000DB02FFDB02FFDB02FFDB028D1F040200DB
:1092700000000000000000000000000000000000EE
:1092800000000000000000000000000000000000DE
:1092900000000000000000000000000000000000CE
:1092A00000000000000000000000000000000000BE
:1092B00000000000000000000000000000000000AE
:1092C000000000000000000000000000000000009E
:1092D000000000000000000000000000000000008E
:1092E000000000000000000000000000000000007E
:1092F0000000000000000000001F0001DB028BDB0B
:1093000002FFDB02FFDB02FFDB02EADB02350000CB
:10931000000000000000000000000000000000004D
:10932000000000000000000000000000000000003D
:10933000000000000000000000000000000000002D
:1093400000000000000000000000BB020CDB02B7C0
:10935000DB02FFDB02FFDB02FFDB02E5DB023D009D
:1093600000000000000000000000000000000000FD
:1093700000000000000000000000000000000000ED
:1093800000000000000000000000000000000000DD
:1093900000000000000000000000000000000000CD
:1093A00000000000000000000000000000000000BD
:1093B00000000000000000000000000000000000AD
:1093C000000000000000000000000000000000009D
:1093D000000000000000000000000000000000008D
:1093E000000000000000000000DB023DDB02E7DBC4
:1093F00002FFDB02FFDB02FFDB02B7FA020B000019
:10940000000000000000000000000000000000005C
:10941000000000000000000000000000000000004C
:10942000000000000000000000000000000000003C
:1094300000000000000000000000000000DB0250FF
:10944000DB02F2DB02FFDB02FFDB02FFDB02C5BB5C
:1094500002270000000000000000000000000000E3
:1094600000000000000000000000000000000000FC
:1094700000000000000000000000000000000000EC
:1094800000000000000000000000000000000000DC
:1094900000000000000000000000000000000000CC
:1094A00000000000000000000000000000000000BC
:1094B00000000000000000000000000000000000AC
:1094C000000000000000000000000000000000009C
:1094D000000000000000DB0223DB02C7DB02FFDB31
:1094E00002FFDB02FFDB02F5DB025200000000009E
:1094F000000000000000000000000000000000006C
:10950000000000000000000000000000000000005B
:10951000000000000000000000000000000000004B
:1095200000000000000000000000000000FA020B34
:10953000DB02A6DB02FFDB02FFDB02FFDB02FFDB5D
:1095400002C0DB022F00000000000000000000004D
:10955000000000000000000000000000000000000B
:1095600000000000000000000000000000000000FB
:1095700000000000000000000000000000000000EB
:1095800000000000000000000000000000000000DB
:1095900000000000000000000000000000000000CB
:1095A00000000000000000000000000000000000BB
:1095B00000000000000000000000000000000000AB
:1095C000000000DB0231DB02BCDB02FFDB02FFDB61
:1095D00002FFDB02FFDB02A4BC0209000000000066
:1095E000000000000000000000000000000000007B
:1095F000000000000000000000000000000000006B
:10960000000000000000000000000000000000005A
:10961000000000000000000000000000000000004A
:10962000DB022CDB02D2DB02FFDB02FFDB02FFDB13
:1096300002FFDB02D5DB025FFA021100000000002E
:10964000000000000000000000000000000000001A
:10965000000000000000000000000000000000000A
:1096600000000000000000000000000000000000FA
:1096700000000000000000000000000000000000EA
:1096800000000000000000000000000000000000DA
:1096900000000000000000000000000000000000CA
:1096A00000000000000000000000000000BB0212EB
:1096B000DB0262DB02D6DB02FFDB02FFDB02FFDB49
:1096C00002FFDB02D3BB022A000000000000000002
:1096D000000000000000000000000000000000008A
:1096E000000000000000000000000000000000007A
:1096F000000000000000000000000000000000006A
:109700000000000000000000000000000000000059
:10971000000000DB0245DB02E4DB02FFDB02FFDBD3
:1097200002FFDB02FFDB02F8DB02BFDB0269DB02C8
:1097300034FC0216FB020EBC0209BC0209BC020981
:10974000BC0209BC0209BC0209BC0209BC0209BC7A
:109750000209BC0209BC0209BC0209BC0209BC0224
:1097600009BC0209BC0209BC0209BC0209BC02090D
:10977000BC0209BC0209BC0209BC0209BC0209BC4A
:109780000209BC0209BC0209BC0209BC02097A0236
:109790000ABC020FFC0216DB0231DB026EDB02C1E7
:1097A000DB02FBDB02FFDB02FFDB02FFDB02FFDB96
:1097B00002E3DB024800000000000000000000009F
:1097C0000000000000000000000000000000000099
:1097D0000000000000000000000000000000000089
:1097E0000000000000000000000000000000000079
:1097F0000000000000000000000000000000000069
:109800000000001F0402DB0253DB02D9DB02FFDB96
:1098100002FFDB02FFDB02FFDB02FFDB02FEDB02FB
:10982000EADB02D1DB02BFDB02B3DB02B3DB02B354
:10983000DB02B3DB02B3DB02B3DB02B3DB02B3DB7D
:1098400002B3DB02B3DB02B3DB02B3DB02B3DB0246
:10985000B3DB02B3DB02B3DB02B3DB02B3DB02B385
:10986000DB02B3DB02B3DB02B3DB02B3DB02B3DB4D
:1098700002B3DB02B3DB02B3DB02B3DB02B3DB0216
:10988000B5DB02C0DB02D2DB02EADB02FEDB02FF59
:10989000DB02FFDB02FFDB02FFDB02FFDB02E0DBC0
:1098A000024E000000000000000000000000000068
:1098B00000000000000000000000000000000000A8
:1098C0000000000000000000000000000000000098
:1098D0000000000000000000000000000000000088
:1098E0000000000000000000000000000000000078
:1098F000000000000000000000BB0236DB02C1DBFC
:1099000002FFDB02FFDB02FFDB02FFDB02FFDB0209
:10991000FFDB02FFDB02FFDB02FFDB02FFDB02FFFC
:10992000DB02FFDB02FFDB02FFDB02FFDB02FFDB10
:1099300002FFDB02FFDB02FFDB02FFDB02FFDB02D9
:10994000FFDB02FFDB02FFDB02FFDB02FFDB02FFCC
:10995000DB02FFDB02FFDB02FFDB02FFDB02FFDBE0
:1099600002FFDB02FFDB02FFDB02FFDB02FFDB02A9
:10997000FFDB02FFDB02FFDB02FFDB02FFDB02FF9C
:10998000DB02FFDB02FFDB02FEDB02C3DB02400087
:1099900000000000000000000000000000000000C7
:1099A00000000000000000000000000000000000B7
:1099B00000000000000000000000000000000000A7
:1099C0000000000000000000000000000000000097
:1099D0000000000000000000000000000000000087
:1099E000000000000000000000000000FB021CDB83
:1099F000027ADB02D6DB02FEDB02FFDB02FFDB02C8
:109A0000FFDB02FFDB02FFDB02FFDB02FFDB02FF0B
:109A1000DB02FFDB02FFDB02FFDB02FFDB02FFDB1F
:109A200002FFDB02FFDB02FFDB02FFDB02FFDB02E8
:109A3000FFDB02FFDB02FFDB02FFDB02FFDB02FFDB
:109A4000DB02FFDB02FFDB02FFDB02FFDB02FFDBEF
:109A500002FFDB02FFDB02FFDB02FFDB02FFDB02B8
:109A6000FFDB02FFDB02FFDB02FFDB02FFDB02FFAB
:109A7000DB02FEDB02D9DB0279BB0218000000002A
:109A800000000000000000000000000000000000D6
:109A900000000000000000000000000000000000C6
:109AA00000000000000000000000000000000000B6
:109AB00000000000000000000000000000000000A6
:109AC0000000000000000000000000000000000096
:109AD0000000000000000000000000000000000086
:109AE0000000FB0222DB026DDB02B3DB02E5DB02DE
:109AF000F8DB02FEDB02FFDB02FFDB02FFDB02FF23
:109B0000DB02FFDB02FFDB02FFDB02FFDB02FFDB2E
:109B100002FFDB02FFDB02FFDB02FFDB02FFDB02F7
:109B2000FFDB02FFDB02FFDB02FFDB02FFDB02FFEA
:109B3000DB02FFDB02FFDB02FFDB02FFDB02FFDBFE
:109B400002FFDB02FFDB02FFDB02FFDB02FFDB02C7
:109B5000FFDB02FFDB02FFDB02F9DB02E6DB02BC1C
:109B6000DB0271DB022000000000000000000000AA
:109B700000000000000000000000000000000000E5
:109B800000000000000000000000000000000000D5
:109B900000000000000000000000000000000000C5
:109BA00000000000000000000000000000000000B5
:109BB00000000000000000000000000000000000A5
:109BC0000000000000000000000000000000000095
:109BD00000000000000000007D020ADB022CDB0216
:109BE00050DB0262DB0279DB027FDB027FDB027F7C
:109BF000DB027FDB027FDB027FDB027FDB027FDBBE
:109C0000027FDB027FDB027FDB027FDB027FDB0286
:109C10007FDB027FDB027FDB027FDB027FDB027FF9
:109C2000DB027FDB027FDB027FDB027FDB027FDB8D
:109C3000027FDB027FDB027FDB027FDB027FDB0256
:109C40007FDB0279DB0268DB0254DB022B9B020D17
:109C50000000000000000000000000000000000004
:109C600000000000000000000000000000000000F4
:109C700000000000000000000000000000000000E4
:109C800000000000000000000000000000000000D4
:109C900000000000000000000000000000000000C4
:109CA00000000000000000000000000000000000B4
:109CB00000000000000000000000000000000000A4
:109CC0000000000000000000000000000000000094
:109CD0000000000000000000000000000000000084
:109CE0000000000000000000000000000000000074
:109CF0000000000000000000000000000000000064
:109D00000000000000000000000000000000000053
:109D10000000000000000000000000000000000043
:109D20000000000000000000000000000000000033
:109D30000000000000000000000000000000000023
:109D40000000000000000000000000000000000013
:109D50000000000000000000000000000000000003
:109D600000000000000000000000000000000000F3
:109D700000000000000000000000000000000000E3
:109D800000000000000000000000000000000000D3
:109D900000000000000000000000000000000000C3
:109DA00000000000000000000000000000000000B3
:109DB00000000000000000000000000000000000A3
:109DC0000000000000000000000000000000000093
:109DD0000000000000000000000000000000000083
:109DE0000000000000000000000000000000000073
:109DF0000000000000000000000000000000000063
:109E00000000000000000000000000000000000052
:109E10000000000000000000000000000000000042
:109E20000000000000000000000000000000000032
:109E30000000000000000000000000000000000022
:109E40000000000000000000000000000000000012
:109E50000000000000000000000000000000000002
:109E600000000000000000000000000000000000F2
:109E700000000000000000000000000000000000E2
:109E800000000000000000000000000000000000D2
:109E900000000000000000000000000000000000C2
:109EA00000000000000000000000000000000000B2
:109EB00000000000000000000000000000000000A2
:109EC0000000000000000000000000000000000092
:109ED0000000000000000000000000000000000082
:109EE0000000000000000000000000000000000072
:109EF0000000000000000000000000000000000062
:109F00000000000000000000000000000000000051
:109F10000000000000000000000000000000000041
:109F20000000000000000000000000000000000031
:109F30000000000000000000000000000000000021
:109F40000000000000000000000000000000000011
:109F50000000000000000000000000000000000001
:109F600000000000000000000000000000000000F1
:109F700000000000000000000000000000000000E1
:109F800000000000000000000000000000000000D1
:109F900000000000000000000000000000000000C1
:109FA00000000000000000000000000000000000B1
:109FB00000000000000000000000000000000000A1
:109FC0000000000000000000000000000000000091
:109FD0000000000000000000000000000000000081
:109FE0000000000000000000000000000000000071
:109FF0000000000000000000000000000000000061
:10A000000000000000000000000000000000000050
:10A010000000000000000000000000000000000040
:10A020000000000000000000000000000000000030
:10A030000000000000000000000000000000000020
:10A040000000000000000000000000000000000010
:10A050000000000000000000000000000000000000
:10A0600000000000000000000000000000000000F0
:10A0700000000000000000000000000000000000E0
:10A0800000000000000000000000000000000000D0
:10A0900000000000000000000000000000000000C0
:10A0A00000000000000000000000000000000000B0
:10A0B00000000000000000000000000000000000A0
:10A0C0000000000000000000000000000000000090
:10A0D0000000000000000000000000000000000080
:10A0E0000000000000000000000000000000000070
:10A0F0000000000000000000000000000000000060
:10A10000000000000000000000000000000000004F
:10A11000000000000000000000000000000000003F
:10A12000000000000000000000000000000000002F
:10A13000000000000000000000000000000000001F
:10A14000000000000000000000000000000000000F
:10A1500000000000000000000000000000000000FF
:10A1600000000000000000000000000000000000EF
:10A1700000000000000000000000000000000000DF
:10A1800000000000000000000000000000000000CF
:10A1900000000000000000000000000000000000BF
:10A1A00000000000000000000000000000000000AF
:10A1B000000000000000000000000000000000009F
:10A1C000000000000000000000000000000000008F
:10A1D000000000000000000000000000000000007F
:10A1E000000000000000000000000000000000006F
:10A1F000000000000000000000000000000000005F
:10A20000000000000000000000000000000000004E
:10A21000000000000000000000000000000000003E
:10A22000000000000000000000000000000000002E
:10A23000000000000000000000000000000000001E
:10A24000000000000000000000000000000000000E
:10A2500000000000000000000000000000000000FE
:10A2600000000000000000000000000000000000EE
:10A2700000000000000000000000000000000000DE
:10A2800000000000000000000000000000000000CE
:10A2900000000000000000000000000000000000BE
:10A2A00000000000000000000000000000000000AE
:10A2B000000000000000000000000000000000009E
:10A2C000000000000000000000000000000000008E
:10A2D000000000000000000000000000000000007E
:10A2E000000000000000000000000000000000006E
:10A2F000000000000000000000000000000000005E
:10A30000000000000000000000000000000000004D
:10A31000000000000000000000000000000000003D
:10A32000000000000000000000000000000000002D
:10A33000000000000000000000000000000000001D
:10A34000000000000000000000000000000000000D
:10A3500000000000000000000000000000000000FD
:10A3600000000000000000000000000000000000ED
:10A3700000000000000000000000000000000000DD
:10A3800000000000000000000000000000000000CD
:10A3900000000000000000000000000000000000BD
:10A3A00000000000000000000000000000000000AD
:10A3B000000000000000000000000000000000009D
:10A3C000000000000000000000000000000000008D
:10A3D000000000000000000000000000000000007D
:10A3E000000000000000000000000000000000006D
:10A3F000000000000000000000000000000000005D
:10A40000000000000000000000000000000000004C
:10A41000000000000000000000000000000000003C
:10A42000000000000000000000000000000000002C
:10A43000000000000000000000000000000000001C
:10A44000000000000000000000000000000000000C
:10A4500000000000000000000000000000000000FC
:10A4600000000000000000000000000000000000EC
:10A4700000000000000000000000000000000000DC
:10A4800000000000000000000000000000000000CC
:10A4900000000000000000000000000000000000BC
:10A4A00000000000000000000000000000000000AC
:10A4B000000000000000000000000000000000009C
:10A4C000000000000000000000000000000000008C
:10A4D000000000000000000000000000000000007C
:10A4E000000000000000000000000000000000006C
:10A4F000000000000000000000000000000000005C
:10A50000000000000000000000000000000000004B
:10A51000000000000000000000000000000000003B
:10A52000000000000000000000000000000000002B
:10A53000000000000000000000000000000000001B
:10A54000000000000000000000000000000000000B
:10A5500000000000000000000000000000000000FB
:10A5600000000000000000000000000000000000EB
:10A5700000000000000000000000000000000000DB
:10A5800000000000000000000000000000000000CB
:10A5900000000000000000000000000000000000BB
:10A5A00000000000000000000000000000000000AB
:10A5B000000000000000000000000000000000009B
:10A5C000000000000000000000000000000000008B
:10A5D000000000000000000000000000000000007B
:10A5E000000000000000000000000000000000006B
:10A5F000000000000000000000000000000000005B
:10A60000000000000000000000000000000000004A
:10A61000000000000000000000000000000000003A
:10A62000000000000000000000000000000000002A
:10A63000000000000000000000000000000000001A
:10A64000000000000000000000000000000000000A
:10A6500000000000000000000000000000000000FA
:10A6600000000000000000000000000000000000EA
:10A6700000000000000000000000000000000000DA
:10A6800000000000000000000000000000000000CA
:10A6900000000000000000000000000000000000BA
:10A6A00000000000000000000000000000000000AA
:10A6B000000000000000000000000000000000009A
:10A6C000000000000000000000000000000000008A
:10A6D000000000000000000000000000000000007A
:10A6E000000000000000000000000000000000006A
:10A6F000000000000000000000000000000000005A
:10A700000000000000000000000000000000000049
:10A710000000000000000000000000000000000039
:10A720000000000000000000000000000000000029
:10A730000000000000000000000000000000000019
:10A740000000000000000000000000000000000009
:10A7500000000000000000000000000000000000F9
:10A7600000000000000000000000000000000000E9
:10A7700000000000000000000000000000000000D9
:10A7800000000000000000000000000000000000C9
:10A7900000000000000000000000000000000000B9
:10A7A00000000000000000000000000000000000A9
:10A7B0000000000000000000000000000000000099
:10A7C0000000000000000000000000000000000089
:10A7D0000000000000000000000000000000000079
:10A7E0000000000000000000000000000000000069
:10A7F0000000000000000000000000000000000059
:10A800000000000000000000000000000000000048
:10A810000000000000000000000000000000000038
:10A820000000000000000000000000000000000028
:10A830000000000000000000000000000000000018
:10A840000000000000000000000000000000000008
:10A8500000000000000000000000000000000000F8
:10A8600000000000000000000000000000000000E8
:10A8700000000000000000000000000000000000D8
:10A8800000000000000000000000000000000000C8
:10A8900000000000000000000000000000000000B8
:10A8A00000000000000000000000000000000000A8
:10A8B0000000000000000000000000000000000098
:10A8C0000000000000000000000000000000000088
:10A8D0000000000000000000000000000000000078
:10A8E0000000000000000000000000000000000068
:10A8F0000000000000000000000000000000000058
:10A900000000000000000000000000000000000047
:10A910000000000000000000000000000000000037
:10A920000000000000000000000000000000000027
:10A930000000000000000000000000000000000017
:10A940000000000000000000000000000000000007
:10A9500000000000000000000000000000000000F7
:10A9600000000000000000000000000000000000E7
:10A9700000000000000000000000000000000000D7
:10A9800000000000000000000000000000000000C7
:10A9900000000000000000000000000000000000B7
:10A9A00000000000000000000000000000000000A7
:10A9B0000000000000000000000000000000000097
:10A9C0000000000000000000000000000000000087
:10A9D0000000000000000000000000000000000077
:10A9E0000000000000000000000000000000000067
:10A9F0000000000000000000000000000000000057
:10AA00000000000000000000000000000000000046
:10AA10000000000000000000000000000000000036
:10AA20000000000000000000000000000000000026
:10AA30000000000000000000000000000000000016
:10AA40000000000000000000000000000000000006
:10AA500000000000000000000000000000000000F6
:10AA600000000000000000000000000000000000E6
:10AA700000000000000000000000000000000000D6
:10AA800000000000000000000000000000000000C6
:10AA900000000000000000000000000000000000B6
:10AAA00000000000000000000000000000000000A6
:10AAB0000000000000000000000000000000000096
:10AAC0000000000000000000000000000000000086
:10AAD0000000000000000000000000000000000076
:10AAE0000000000000000000000000000000000066
:10AAF0000000000000000000000000000000000056
:10AB00000000000000000000000000000000000045
:10AB10000000000000000000000000000000000035
:10AB20000000000000000000000000000000000025
:10AB30000000000000000000000000000000000015
:10AB40000000000000000000000000000000000005
:10AB500000000000000000000000000000000000F5
:10AB600000000000000000000000000000000000E5
:10AB700000000000000000000000000000000000D5
:10AB800000000000000000000000000000000000C5
:10AB900000000000000000000000000000000000B5
:10ABA00000000000000000000000000000000000A5
:10ABB0000000000000000000000000000000000095
:10ABC0000000000000000000000000000000000085
:10ABD0000000000000000000000000000000000075
:10ABE0000000000000000000000000000000000065
:10ABF0000000000000000000000000000000000055
:10AC00000000000000000000000000000000000044
:10AC10000000000000000000000000000000000034
:10AC20000000000000000000000000000000000024
:10AC30000000000000000000000000000000000014
:10AC40000000000000000000000000000000000004
:10AC500000000000000000000000000000000000F4
:10AC600000000000000000000000000000000000E4
:10AC70000000000000000000000000000540010A84
:10AC8000004B00007C610308000000000000000091
:10AC900000000000000000000000000000000000B4
:10ACA00000000000000000000000000000000000A4
:10ACB0000000000000000000000000000000000094
:10ACC0000000000000000000000000000000000084
:10ACD0000000000000000000000000000000000074
:10ACE0000000000000000000000000000000000064
:10ACF0000000000000000000000000000000000054
:10AD00000000000000000000000000000000000043
:10AD10000000000000000000000000000000000033
:10AD20000000000000000000000000000000000023
:10AD30000000000000000000000000000000000013
:10AD40000000000000000000000000000000000003
:10AD500000000000000000000000000000000000F3
:10AD600000000000000000000000000000000000E3
:10AD700000000000000000000000000000000000D3
:10AD800000000000000000000000000000000000C3
:10AD900000000000000000000000000000000000B3
:10ADA00000000000000000000000000000000000A3
:10ADB0000000000000000000000000000000000093
:10ADC0000000000000000000000000000000000083
:10ADD0000000000000000000000000000000000073
:10ADE0000000000000000000000000000000000063
:10ADF0000000000000000000000000000000000053
:10AE00000000000000000000000000000000000042
:10AE10000000000000000000000000000000000032
:10AE20000000000000000000000000000000000022
:10AE30000000000000000000000000000000000012
:10AE40000000000000000000000000000000000002
:10AE500000000000000000000000000000000000F2
:10AE600000000000000000000000000000000000E2
:10AE700000000000000000000000000000000000D2
:10AE800000000000000000000000000000000000C2
:10AE900000000000000000000000000000000000B2
:10AEA00000000000000000000000000000000000A2
:10AEB0000000000000000000000000000000000092
:10AEC0000000000000000000000000000000000082
:10AED0000000000000000000000000000000000072
:10AEE0000000000000000000000000000000000062
:10AEF0000000000000000000000000000000000052
:10AF00000000000000000000000000000000000041
:10AF10000000000000000000000000000000000031
:10AF20000000000000000000000000000000000021
:10AF30000000000000000000000000000000000011
:10AF40000000000000000000000000000000000001
:10AF500000000000000000000000000000000000F1
:10AF600000000000000000000000000000000000E1
:10AF700000000000000000000000000000000000D1
:10AF800000000000000000000000000000000000C1
:10AF900000000000000000000000000000000000B1
:10AFA00000000000000000000000000000000000A1
:10AFB0000000000000000000000000000000000091
:10AFC0000000000000000000000000000000000081
:10AFD0000000000000000000000000000000000071
:10AFE0000000000000000000000000000000000061
:10AFF0000000000000000000000000000000000051
:10B000000000000000000000000000000000000040
:10B010000000000000000000000000000000000030
:10B020000000000000000000000000000000000020
:10B030000000000000000000000000000000000010
:10B040000000000000000000000000000000000000
:10B0500000000000000000000000000000000000F0
:10B0600000000000000000000000000000000000E0
:10B0700000000000000000000000000000000000D0
:10B0800000000000000000000000000000000000C0
:10B0900000000000000000000000000000000000B0
:10B0A00000000000000000000000000000000000A0
:10B0B0000000000000000000000000000000000090
:10B0C0000000000000000000000000000000000080
:10B0D0000000000000000000000000000000000070
:10B0E0000000000000000000000000000000000060
:10B0F0000000000000000000000000000000000050
:10B10000000000000000000000000000000000003F
:10B11000000000000000000000000000000000002F
:10B12000000000000000000000000000000000001F
:10B13000000000000000000000000000000000000F
:10B1400000000000000000000000000000000000FF
:10B1500000000000000000000000000000000000EF
:10B1600000000000000000000000000000000000DF
:10B1700000000000000000000000000000000000CF
:10B1800000000000000000000000000000000000BF
:10B1900000000000000000000000000000000000AF
:10B1A000000000000000000000000000000000009F
:10B1B000000000000000000000000000000000008F
:10B1C000000000000000000000000000000000007F
:10B1D000000000000000000000000000000000006F
:10B1E000000000000000000000000000000000005F
:10B1F000000000000000000000000000000000004F
:10B20000000000000000000000000000000000003E
:10B21000000000000000000000000000000000002E
:10B22000000000000000000000000000000000001E
:10B23000000000000000000000000000000000000E
:10B2400000000000000000000000000000000000FE
:10B2500000000000000000000000000000000000EE
:10B2600000000000000000000000000000000000DE
:10B2700000000000000000000000000000000000CE
:10B2800000000000000000000000000000000000BE
:10B2900000000000000000000000000000000000AE
:10B2A000000000000000000000000000000000009E
:10B2B000000000000000000000000000000000008E
:10B2C000000000000000000000000000000000007E
:10B2D000000000000000000000000000000000006E
:10B2E000000000000000000000000000000000005E
:10B2F000000000000000000000000000000000004E
:10B30000000000000000000000000000000000003D
:10B31000000000000000000000000000000000002D
:10B32000000000000000000000000000000000001D
:10B33000000000000000000000000000000000000D
:10B3400000000000000000000000000000000000FD
:10B3500000000000000000000000000000000000ED
:10B3600000000000000000000000000000000000DD
:10B3700000000000000000000000000000000000CD
:10B3800000000000000000000000000000000000BD
:10B3900000000000000000000000000000000000AD
:10B3A000000000000000000000000000000000009D
:10B3B000000000000000000000000000000000008D
:10B3C000000000000000000000000000000000007D
:10B3D000000000000000000000000000000000006D
:10B3E000000000000000000000000000000000005D
:10B3F000000000000000000000000000000000004D
:10B40000000000000000000000000000000000003C
:10B41000000000000000000000000000000000002C
:10B42000000000000000000000000000000000001C
:10B43000000000000000000000000000000000000C
:10B4400000000000000000000000000000000000FC
:10B4500000000000000000000000000000000000EC
:10B4600000000000000000000000000000000000DC
:10B4700000000000000000000000000000000000CC
:10B4800000000000000000000000000000000000BC
:10B4900000000000000000000000000000000000AC
:10B4A000000000000000000000000000000000009C
:10B4B000000000000000000000000000000000008C
:10B4C000000000000000000000000000000000007C
:10B4D000000000000000000000000000000000006C
:10B4E000000000000000000000000000000000005C
:10B4F000000000000000000000000000000000004C
:10B50000000000000000000000000000000000003B
:10B51000000000000000000000000000000000002B
:10B52000000000000000000000000000000000001B
:10B53000000000000000000000000000000000000B
:10B5400000000000000000000000000000000000FB
:10B5500000000000000000000000000000000000EB
:10B5600000000000000000BF0203FA020B9C021062
:10B57000FC02117A020ABF02030000000000000072
:10B5800000000000000000000000000000000000BB
:10B5900000000000000000000000000000000000AB
:10B5A000000000000000000000000000000000009B
:10B5B000000000000000000000000000000000008B
:10B5C000000000000000000000000000000000007B
:10B5D000000000000000000000000000000000006B
:10B5E000000000000000000000000000000000005B
:10B5F000000000000000000000000000000000004B
:10B60000000000000000000000000000000000003A
:10B61000000000000000000000000000000000002A
:10B62000000000000000000000000000000000001A
:10B63000000000000000000000000000000000000A
:10B640000000000000000000000000BC0209DB0256
:10B6500026DB0255DB028DDB02A5DB02B7DB02C372
:10B66000DB02C4DB02B4DB02A3DB0286DB0255FB98
:10B6700002255B020700000000000000000000003F
:10B6800000000000000000000000000000000000BA
:10B6900000000000000000000000000000000000AA
:10B6A000000000000000000000000000000000009A
:10B6B000000000000000000000000000000000008A
:10B6C000000000000000000000000000000000007A
:10B6D000000000000000000000000000000000006A
:10B6E000000000000000000000000000000000005A
:10B6F000000000000000000000000000000000004A
:10B700000000000000000000000000000000000039
:10B710000000000000000000000000000000000029
:10B720000000000000000000000000000000000019
:10B730000000000000DB0214DB025CDB02B3DB0272
:10B74000E1DB02FBDB02FFDB02FFDB02FFDB02FFD0
:10B75000DB02FFDB02FFDB02FFDB02FFDB02FADBC7
:10B7600002E0DB02B4DB025DBB021200000000005D
:10B7700000000000000000000000000000000000C9
:10B7800000000000000000000000000000000000B9
:10B7900000000000000000000000000000000000A9
:10B7A0000000000000000000000000000000000099
:10B7B0000000000000000000000000000000000089
:10B7C0000000000000000000000000000000000079
:10B7D0000000000000000000000000000000000069
:10B7E0000000000000000000000000000000000059
:10B7F0000000000000000000000000000000000049
:10B800000000000000000000000000000000000038
:10B810000000000000000000000000000000009B8D
:10B82000020DDB0264DB02C6DB02F9DB02FFDB0296
:10B83000FFDB02FFDB02FFDB02FFDB02FFDB02FFBD
:10B84000DB02FFDB02FFDB02FFDB02FFDB02FFDBD1
:10B8500002FFDB02FFDB02F8DB02BFDB025F9C02C0
:10B8600010000000000000000000000000000000C8
:10B8700000000000000000000000000000000000C8
:10B8800000000000000000000000000000000000B8
:10B8900000000000000000000000000000000000A8
:10B8A0000000000000000000000000000000000098
:10B8B0000000000000000000000000000000000088
:10B8C0000000000000000000000000000000000078
:10B8D0000000000000000000000000000000000068
:10B8E0000000000000000000000000000000000058
:10B8F0000000000000000000000000000000000048
:10B90000000000000000000000000000DB0228DB57
:10B9100002A3DB02FADB02FFDB02FFDB02FFDB023A
:10B92000FFDB02FFDB02FFDB02FFDB02FFDB02FFCC
:10B93000DB02FFDB02FFDB02FFDB02FFDB02FFDBE0
:10B9400002FFDB02FFDB02FFDB02FFDB02F9DB02AF
:10B95000A7BB022A00000000000000000000000059
:10B9600000000000000000000000000000000000D7
:10B9700000000000000000000000000000000000C7
:10B9800000000000000000000000000000000000B7
:10B9900000000000000000000000000000000000A7
:10B9A0000000000000000000000000000000000097
:10B9B0000000000000000000000000000000000087
:10B9C0000000000000000000000000000000000077
:10B9D0000000000000000000000000000000000067
:10B9E0000000000000000000000000000000000057
:10B9F0000000000000001F0001DB0251DB02D5DB6C
:10BA000002FFDB02FFDB02FFDB02FFDB02FFDB02E8
:10BA1000FFDB02EBDB02C9DB02A1DB028BDB027383
:10BA2000DB0275DB0289DB02A1DB02C8DB02F0DB93
:10BA300002FFDB02FFDB02FFDB02FFDB02FFDB02B8
:10BA4000FFDB02D5DB02571F0001000000000000F1
:10BA500000000000000000000000000000000000E6
:10BA600000000000000000000000000000000000D6
:10BA700000000000000000000000000000000000C6
:10BA800000000000000000000000000000000000B6
:10BA900000000000000000000000000000000000A6
:10BAA0000000000000000000000000000000000096
:10BAB0000000000000000000000000000000000086
:10BAC0000000000000000000000000000000000076
:10BAD0000000000000000000000000000000000066
:10BAE0000000001F0001DB0257DB02E6DB02FFDB88
:10BAF00002FFDB02FFDB02FFDB02FEDB02CEDB022A
:10BB000077DB0235FA02111F04020000000000007A
:10BB1000000000000000BF0203BB0212DB023DDB9D
:10BB2000027EDB02D1DB02FEDB02FFDB02FFDB0277
:10BB3000FFDB02FFDB02ECDB025E1F000100000006
:10BB400000000000000000000000000000000000F5
:10BB500000000000000000000000000000000000E5
:10BB600000000000000000000000000000000000D5
:10BB700000000000000000000000000000000000C5
:10BB800000000000000000000000000000000000B5
:10BB900000000000000000000000000000000000A5
:10BBA0000000000000000000000000000000000095
:10BBB0000000000000000000000000000000000085
:10BBC0000000000000000000000000000000000075
:10BBD000000000DB0255DB02E5DB02FFDB02FFDBDE
:10BBE00002FFDB02FFDB02DFDB0276FB021C000050
:10BBF0000000000000000000000000000000000045
:10BC00000000000000000000000000000000000034
:10BC10000000BB0221DB027ADB02DFDB02FFDB027A
:10BC2000FFDB02FFDB02FFDB02EBDB025C0000005C
:10BC30000000000000000000000000000000000004
:10BC400000000000000000000000000000000000F4
:10BC500000000000000000000000000000000000E4
:10BC600000000000000000000000000000000000D4
:10BC700000000000000000000000000000000000C4
:10BC800000000000000000000000000000000000B4
:10BC900000000000000000000000000000000000A4
:10BCA0000000000000000000000000000000000094
:10BCB0000000000000000000000000000000000084
:10BCC000BB0239DB02E0DB02FFDB02FFDB02FFDB52
:10BCD00002FFDB02C2DB02370000000000000000B0
:10BCE0000000000000000000000000000000000054
:10BCF0000000000000000000000000000000000044
:10BD00000000000000000000BB0236DB02BFDB02C7
:10BD1000FFDB02FFDB02FFDB02FFDB02E2DB0238BC
:10BD20000000000000000000000000000000000013
:10BD30000000000000000000000000000000000003
:10BD400000000000000000000000000000000000F3
:10BD500000000000000000000000000000000000E3
:10BD600000000000000000000000000000000000D3
:10BD700000000000000000000000000000000000C3
:10BD800000000000000000000000000000000000B3
:10BD900000000000000000000000000000000000A3
:10BDA00000000000000000000000000000BB0218BE
:10BDB000DB02BDDB02FFDB02FFDB02FFDB02FFDB9E
:10BDC00002AAFB021F0000000000000000000000AB
:10BDD0000000000000000000000000000000000063
:10BDE0000000000000000000000000000000000053
:10BDF0000000000000000000000000DB0220DB0269
:10BE0000A6DB02FEDB02FFDB02FFDB02FFDB02B987
:10BE1000BB0218000000000000000000000000004D
:10BE20000000000000000000000000000000000012
:10BE30000000000000000000000000000000000002
:10BE400000000000000000000000000000000000F2
:10BE500000000000000000000000000000000000E2
:10BE600000000000000000000000000000000000D2
:10BE700000000000000000000000000000000000C2
:10BE800000000000000000000000000000000000B2
:10BE9000000000000000000000001F0001DB028520
:10BEA000DB02FFDB02FFDB02FFDB02FFDB02B4BBD6
:10BEB0000218000000000000000000000000000068
:10BEC0000000000000000000000000000000000072
:10BED0000000000000000000000000000000000062
:10BEE0000000000000000000000000000000BB0295
:10BEF00015DB02B2DB02FFDB02FFDB02FFDB02FD30
:10BF0000DB02821F000100000000000000000000B2
:10BF10000000000000000000000000000000000021
:10BF20000000000000000000000000000000000011
:10BF30000000000000000000000000000000000001
:10BF400000000000000000000000000000000000F1
:10BF500000000000000000000000000000000000E1
:10BF600000000000000000000000000000000000D1
:10BF700000000000000000000000000000000000C1
:10BF800000000000000000000000DB022CDB02E1EA
:10BF9000DB02FFDB02FFDB02FFDB02D2BB022A0077
:10BFA0000000000000000000000000000000000091
:10BFB0000000000000000000000000000000000081
:10BFC0000000000000000000000000000000000071
:10BFD0000000000000000000000000000000000061
:10BFE00000BB022DDB02D2DB02FFDB02FFDB02FF24
:10BFF000DB02E0DB022C000000000000000000007B
:10C000000000000000000000000000000000000030
:10C010000000000000000000000000000000000020
:10C020000000000000000000000000000000000010
:10C030000000000000000000000000000000000000
:10C0400000000000000000000000000000000000F0
:10C0500000000000000000000000000000000000E0
:10C0600000000000000000000000000000000000D0
:10C07000000000000000001F0402DB028ADB02FF58
:10C08000DB02FFDB02FFDB02F5DB025700000000F2
:10C0900000000000000000000000000000000000A0
:10C0A0000000000000000000000000000000000090
:10C0B0000000000000000000000000000000000080
:10C0C0000000000000000000000000000000000070
:10C0D00000000000DB025ADB02F5DB02FFDB02FF9F
:10C0E000DB02FFDB028A1F040200000000000000E8
:10C0F0000000000000000000000000000000000040
:10C10000000000000000000000000000000000002F
:10C11000000000000000000000000000000000001F
:10C12000000000000000000000000000000000000F
:10C1300000000000000000000000000000000000FF
:10C1400000000000000000000000000000000000EF
:10C1500000000000000000000000000000000000DF
:10C1600000000000000000FB021FDB02DADB02FF20
:10C17000DB02FFDB02FFDB02B1FA020B0000000072
:10C1800000000000000000000000000000000000AF
:10C19000000000000000000000000000000000009F
:10C1A000000000000000000000000000000000008F
:10C1B000000000000000000000000000000000007F
:10C1C000000000009B020DDB02B2DB02FFDB02FF7E
:10C1D000DB02FFDB02D6FB021C00000000000000B7
:10C1E000000000000000000000000000000000004F
:10C1F000000000000000000000000000000000003F
:10C20000000000000000000000000000000000002E
:10C21000000000000000000000000000000000001E
:10C22000000000000000000000000000000000000E
:10C2300000000000000000000000000000000000FE
:10C2400000000000000000000000000000000000EE
:10C2500000000000000000DB0253DB02F8DB02FFFD
:10C26000DB02FFDB02F3DB024B00000000000000FA
:10C2700000000000000000000000000000000000BE
:10C2800000000000000000000000000000000000AE
:10C29000000000000000000000000000000000009E
:10C2A000000000000000000000000000000000008E
:10C2B00000000000000000DB0250DB02F6DB02FFA2
:10C2C000DB02FFDB02F8DB0253000000000000008D
:10C2D000000000000000000000000000000000005E
:10C2E000000000000000000000000000000000004E
:10C2F000000000000000000000000000000000003E
:10C30000000000000000000000000000000000002D
:10C31000000000000000000000000000000000001D
:10C32000000000000000000000000000000000000D
:10C3300000000000000000000000000000000000FD
:10C3400000000000000000DB0297DB02FFDB02FFC1
:10C35000DB02FFDB02CDBB02150000000000000085
:10C3600000000000000000000000000000000000CD
:10C3700000000000000000000000000000000000BD
:10C3800000000000000000000000000000000000AD
:10C39000000000000000000000000000000000009D
:10C3A00000000000000000FB0219DB02D0DB02FFEE
:10C3B000DB02FFDB02FFDB028E000000000000005A
:10C3C000000000000000000000000000000000006D
:10C3D000000000000000000000000000000000005D
:10C3E000000000000000000000000000000000004D
:10C3F000000000000000000000000000000000003D
:10C40000000000000000000000000000000000002C
:10C41000000000000000000000000000000000001C
:10C42000000000000000000000000000000000000C
:10C43000009C0210DB0243DB02D8DB02FFDB02FFC1
:10C44000DB02FFDB028D00000000000000000000A6
:10C4500000000000000000000000000000000000DC
:10C4600000000000000000000000000000000000CC
:10C4700000000000000000000000000000000000BC
:10C4800000000000000000000000000000000000AC
:10C49000000000000000001F0001DB0292DB02FF31
:10C4A000DB02FFDB02FFDB02D5DB0242BB020C003A
:10C4B000000000000000000000000000000000007C
:10C4C000000000000000000000000000000000006C
:10C4D000000000000000000000000000000000005C
:10C4E000000000000000000000000000000000004C
:10C4F000000000000000000000000000000000003C
:10C50000000000000000000000000000000000002B
:10C510000000000000000000000000FC0216DB022A
:10C5200066DB02C2DB02F0DB02FFDB02FFDB02FFA5
:10C53000DB02FCDB025700000000000000000000EE
:10C5400000000000000000000000000000000000EB
:10C5500000000000000000000000000000000000DB
:10C5600000000000000000000000000000000000CB
:10C5700000000000000000000000000000000000BB
:10C5800000000000000000000000DB0259DB02FC9C
:10C59000DB02FFDB02FFDB02FFDB02EEDB02B8DBCC
:10C5A0000263BB0212000000000000000000000057
:10C5B000000000000000000000000000000000007B
:10C5C000000000000000000000000000000000006B
:10C5D000000000000000000000000000000000005B
:10C5E000000000000000000000000000000000004B
:10C5F000000000000000000000000000000000003B
:10C600000000000000BF0203DB024FDB02C7DB02B9
:10C61000FBDB02FFDB02FFDB02FFDB02FFDB02FFD3
:10C62000DB02F8DB02400000000000000000000018
:10C6300000000000000000000000000000000000FA
:10C6400000000000000000000000000000000000EA
:10C6500000000000000000000000000000000000DA
:10C6600000000000000000000000000000000000CA
:10C6700000000000000000000000DB0243DB02F7C6
:10C68000DB02FFDB02FFDB02FFDB02FFDB02FFDB83
:10C6900002FADB02BADB02465A0305000000000082
:10C6A000000000000000000000000000000000008A
:10C6B000000000000000000000000000000000007A
:10C6C000000000000000000000000000000000006A
:10C6D000000000000000000000000000000000005A
:10C6E000000000000000000000000000000000004A
:10C6F0000000FA020BDB0278DB02EEDB02FFDB025A
:10C70000FFDB02FFDB02FFDB02FFDB02FFDB02FFDE
:10C71000DB02ECDB02310000000000000000000042
:10C720000000000000000000000000000000000009
:10C7300000000000000000000000000000000000F9
:10C7400000000000000000000000000000000000E9
:10C7500000000000000000000000000000000000D9
:10C7600000000000000000000000DB022FDB02EAF6
:10C77000DB02FFDB02FFDB02FFDB02FFDB02FFDB92
:10C7800002FFDB02FFDB02EDDB027D1C0308000081
:10C790000000000000000000000000000000000099
:10C7A0000000000000000000000000000000000089
:10C7B0000000000000000000000000000000000079
:10C7C0000000000000000000000000000000000069
:10C7D000000000000000000000000000000000BC9D
:10C7E0000209DB028DDB02FBDB02FFDB02FFDB0267
:10C7F000FFDB02FFDB02FDDB02DFDB02ADDB0287DA
:10C80000DB02639C0210000000000000000000003A
:10C810000000000000000000000000000000000018
:10C820000000000000000000000000000000000008
:10C8300000000000000000000000000000000000F8
:10C8400000000000000000000000000000000000E8
:10C85000000000000000000000009C0210DB0263EA
:10C86000DB0285DB02AADB02DEDB02FDDB02FFDB93
:10C8700002FFDB02FFDB02FFDB02F8DB027F1C03AF
:10C8800008000000000000000000000000000000A0
:10C890000000000000000000000000000000000098
:10C8A0000000000000000000000000000000000088
:10C8B0000000000000000000000000000000000078
:10C8C000000000000000000000000000BF0203DBC9
:10C8D0000279DB02F8DB02FFDB02FFDB02FFDB0297
:10C8E000FFDB02D2DB0270DB02235B0207000000E9
:10C8F0000000000000000000000000000000000038
:10C900000000000000000000000000000000000027
:10C910000000000000000000000000000000000017
:10C920000000000000000000000000000000000007
:10C9300000000000000000000000000000000000F7
:10C9400000000000000000000000000000000000E7
:10C95000000000BB0206FB0225DB0277DB02D7DB0F
:10C9600002FFDB02FFDB02FFDB02FFDB02F7DB0281
:10C970007ABF020300000000000000000000000079
:10C9800000000000000000000000000000000000A7
:10C990000000000000000000000000000000000097
:10C9A0000000000000000000000000000000000087
:10C9B000000000000000000000000000DB024DDB72
:10C9C00002EFDB02FFDB02FFDB02FFDB02F8DB0230
:10C9D0009DFB02220000000000000000000000009B
:10C9E0000000000000000000000000000000000047
:10C9F0000000000000000000000000000000000037
:10CA00000000000000000000000000000000000026
:10CA10000000000000000000000000000000000016
:10CA20000000000000000000000000000000000006
:10CA300000000000000000000000000000000000F6
:10CA4000000000000000000000000000DB0223DB0B
:10CA5000029CDB02F8DB02FFDB02FFDB02FFDB02F2
:10CA6000EDDB0248000000000000000000000000B4
:10CA700000000000000000000000000000000000B6
:10CA800000000000000000000000000000000000A6
:10CA90000000000000000000000000000000000096
:10CAA000000000000000000000FB0219DB02C4DBF4
:10CAB00002FFDB02FFDB02FFDB02FADB02807D020A
:10CAC0000A0000000000000000000000000000005C
:10CAD0000000000000000000000000000000000056
:10CAE0000000000000000000000000000000000046
:10CAF0000000000000000000000000000000000036
:10CB00000000000000000000000000000000000025
:10CB10000000000000000000000000000000000015
:10CB20000000000000000000000000000000000005
:10CB30000000000000000000000000000000009B5A
:10CB4000020DDB0282DB02F8DB02FFDB02FFDB020D
:10CB5000FFDB02C1BB021800000000000000000063
:10CB600000000000000000000000000000000000C5
:10CB700000000000000000000000000000000000B5
:10CB800000000000000000000000000000000000A5
:10CB9000000000000000000000DB026FDB02FEDB93
:10CBA00002FFDB02FFDB02FFDB02977D020A0000CF
:10CBB0000000000000000000000000000000000075
:10CBC0000000000000000000000000000000000065
:10CBD0000000000000000000000000000000000055
:10CBE0000000000000000000000000000000000045
:10CBF0000000000000000000000000000000000035
:10CC00000000000000000000000000000000000024
:10CC10000000000000000000000000000000000014
:10CC20000000000000000000000000000000000004
:10CC30000000FA020BDB0298DB02FEDB02FFDB02E4
:10CC4000FFDB02FDDB0267000000000000000000C7
:10CC500000000000000000000000000000000000D4
:10CC600000000000000000000000000000000000C4
:10CC700000000000000000000000000000000000B4
:10CC8000000000000000BB0212DB02C3DB02FFDB7E
:10CC900002FFDB02FFDB02CDBC021E000000000031
:10CCA0000000000000000000000000000000000084
:10CCB0000000000000000000000000000000000074
:10CCC0000000000000000000000000000000000064
:10CCD0000000000000000000000000000000000054
:10CCE0000000000000000000000000000000000044
:10CCF0000000000000000000000000000000000034
:10CD00000000000000000000000000000000000023
:10CD10000000000000000000000000000000000013
:10CD20000000000000BC021EDB02D0DB02FFDB02C1
:10CD3000FFDB02FFDB02C39B0213000000000000C8
:10CD400000000000000000000000000000000000E3
:10CD500000000000000000000000000000000000D3
:10CD600000000000000000000000000000000000C3
:10CD7000000000000000DB0248DB02F5DB02FFDB05
:10CD800002FFDB02FCDB026A000000000000000082
:10CD90000000000000000000000000000000000093
:10CDA0000000000000000000000000000000000083
:10CDB0000000000000000000000000000000000073
:10CDC0000000000000000000000000000000000063
:10CDD0000000000000000000000000000000000053
:10CDE0000000000000000000000000000000000043
:10CDF0000000000000000000000000000000000033
:10CE00000000000000000000000000000000000022
:10CE10000000000000000000DB026BDB02FDDB0213
:10CE2000FFDB02FFDB02F4DB024300000000000036
:10CE300000000000000000000000000000000000F2
:10CE400000000000000000000000000000000000E2
:10CE500000000000000000000000000000000000D2
:10CE6000000000000000DB0284DB02FFDB02FFDBCE
:10CE700002FFDB02D8FB021F0000000000000000E0
:10CE800000000000000000000000000000000000A2
:10CE90000000000000000000000000000000000092
:10CEA0000000000000000000000000000000000082
:10CEB0000000000000000000000000000000000072
:10CEC0000000000000000000000000000000000062
:10CED0000000000000000000000000000000000052
:10CEE0000000000000000000000000000000000042
:10CEF0000000000000000000000000000000000032
:10CF00000000000000000000DB0220DB02DADB0290
:10CF1000FFDB02FFDB02FFDB027800000000000005
:10CF20000000000000000000000000000000000001
:10CF300000000000000000000000000000000000F1
:10CF400000000000000000000000000000000000E1
:10CF50000000001C0308DB02B1DB02FFDB02FFDB89
:10CF600002FFDB029D1F0402000000000000000021
:10CF700000000000000000000000000000000000B1
:10CF800000000000000000000000000000000000A1
:10CF90000000000000000000000000000000000091
:10CFA0000000000000000000000000000000000081
:10CFB0000000000000000000000000000000000071
:10CFC0000000000000000000000000000000000061
:10CFD0000000000000000000000000000000000051
:10CFE0000000000000000000000000000000000041
:10CFF0000000000000000000180204DB02A6DB02B3
:10D00000FFDB02FFDB02FFDB02AB5B02070000007D
:10D010000000000000000000000000000000000010
:10D020000000000000000000000000000000000000
:10D0300000000000000000000000000000000000F0
:10D04000000000BB0212DB02C8DB02FFDB02FFDBD9
:10D0500002FFDB027300000000000000000000007F
:10D0600000000000000000000000000000000000C0
:10D0700000000000000000000000000000000000B0
:10D0800000000000000000000000000000000000A0
:10D090000000000000000000000000000000000090
:10D0A0000000000000000000000000000000000080
:10D0B0000000000000000000000000000000000070
:10D0C0000000000000000000000000000000000060
:10D0D0000000000000000000000000000000000050
:10D0E0000000000000000000000000DB027ADB020C
:10D0F000FFDB02FFDB02FFDB02C7BB021200000006
:10D10000000000000000000000000000000000001F
:10D11000000000000000000000000000000000000F
:10D1200000000000000000000000000000000000FF
:10D13000000000BB0218DB02D6DB02FFDB02FFDBD4
:10D1400002FFDB026500000000000000000000009C
:10D1500000000000000000000000000000000000CF
:10D1600000000000000000000000000000000000BF
:10D1700000000000000000000000000000000000AF
:10D18000000000000000000000000000000000009F
:10D19000000000000000000000000000000000008F
:10D1A000000000000000000000000000000000007F
:10D1B000000000000000000000000000000000006F
:10D1C000000000000000000000000000000000005F
:10D1D0000000000000000000000000DB0267DB022E
:10D1E000FFDB02FFDB02FFDB02D0FC0216000000C7
:10D1F000000000000000000000000000000000002F
:10D20000000000000000000000000000000000001E
:10D21000000000000000000000000000000000000E
:10D22000000000DC0217DB02D3DB02FFDB02FFDBC6
:10D2300002FEDB02610000000000000000000000B0
:10D2400000000000000000000000000000000000DE
:10D2500000000000000000000000000000000000CE
:10D2600000000000000000000000000000000000BE
:10D2700000000000000000000000000000000000AE
:10D28000000000000000000000000000000000009E
:10D29000000000000000000000000000000000008E
:10D2A000000000000000000000000000000000007E
:10D2B000000000000000000000000000000000006E
:10D2C0000000000000000000000000DB0261DB0243
:10D2D000FEDB02FFDB02FFDB02D7BB02180000000F
:10D2E000000000000000000000000000000000003E
:10D2F000000000000000000000000000000000002E
:10D30000000000000000000000000000000000001D
:10D310000000009C0210DB02C3DB02FFDB02FFDB2C
:10D3200002FFDB02750000000000000000000000AA
:10D3300000000000000000000000000000000000ED
:10D3400000000000000000000000000000000000DD
:10D3500000000000000000000000000000000000CD
:10D3600000000000000000000000000000000000BD
:10D3700000000000000000000000000000000000AD
:10D38000000000000000000000000000000000009D
:10D39000000000000000000000000000000000008D
:10D3A000000000000000000000000000000000007D
:10D3B0000000000000000000000000DB0272DB0241
:10D3C000FFDB02FFDB02FFDB02C8BB021200000032
:10D3D000000000000000000000000000000000004D
:10D3E000000000000000000000000000000000003D
:10D3F000000000000000000000000000000000002D
:10D400000000005B0207DB02AFDB02FFDB02FFDB99
:10D4100002FFDB029C1F040200000000000000006D
:10D4200000000000000000000000000000000000FC
:10D4300000000000000000000000000000000000EC
:10D4400000000000000000000000000000000000DC
:10D4500000000000000000000000000000000000CC
:10D4600000000000000000000000000000000000BC
:10D4700000000000000000000000000000000000AC
:10D48000000000000000000000000000000000009C
:10D49000000000000000000000000000000000008C
:10D4A00000000000000000001F0402DB029CDB0201
:10D4B000FFDB02FFDB02FFDB02AA5A0305000000CC
:10D4C000000000000000000000000000000000005C
:10D4D000000000000000000000000000000000004C
:10D4E000000000000000000000000000000000003C
:10D4F000000000000000DB0290DB02FFDB02FFDB2C
:10D5000002FFDB02D1BB0218000000000000000097
:10D51000000000000000000000000000000000000B
:10D5200000000000000000000000000000000000FB
:10D5300000000000000000000000000000000000EB
:10D5400000000000000000000000000000000000DB
:10D5500000000000000000000000000000000000CB
:10D5600000000000000000000000000000000000BB
:10D5700000000000000000000000000000000000AB
:10D58000000000000000000000000000000000009B
:10D590000000000000000000FB021CDB02D5DB02E3
:10D5A000FFDB02FFDB02FFDB02890000000000005E
:10D5B000000000000000000000000000000000006B
:10D5C000000000000000000000000000000000005B
:10D5D000000000000000000000000000000000004B
:10D5E000000000000000DB024CDB02F7DB02FFDB87
:10D5F00002FFDB02F7DB0257000000000000000022
:10D60000000000000000000000000000000000001A
:10D61000000000000000000000000000000000000A
:10D6200000000000000000000000000000000000FA
:10D6300000000000000000000000000000000000EA
:10D6400000000000000000000000000000000000DA
:10D6500000000000000000000000000000000000CA
:10D6600000000000000000000000000000000000BA
:10D6700000000000000000000000000000000000AA
:10D680000000000000000000DB0258DB02F8DB02B3
:10D69000FFDB02FFDB02F6DB024C000000000000B3
:10D6A000000000000000000000000000000000007A
:10D6B000000000000000000000000000000000006A
:10D6C000000000000000000000000000000000005A
:10D6D000000000000000DB021ADB02D2DB02FFDBED
:10D6E00002FFDB02FFDB02BCFA02110000000000B7
:10D6F000000000000000000000000000000000002A
:10D700000000000000000000000000000000000019
:10D710000000000000000000000000000000000009
:10D7200000000000000000000000000000000000F9
:10D7300000000000000000000000000000000000E9
:10D7400000000000000000000000000000000000D9
:10D7500000000000000000000000000000000000C9
:10D7600000000000000000000000000000000000B9
:10D7700000000000009B0213DB02BFDB02FFDB02A4
:10D78000FFDB02FFDB02CFFC0216000000000000FE
:10D790000000000000000000000000000000000089
:10D7A0000000000000000000000000000000000079
:10D7B0000000000000000000000000000000000069
:10D7C000000000000000000000DB027EDB02FFDB47
:10D7D00002FFDB02FFDB02FBDB02825A03050000D3
:10D7E0000000000000000000000000000000000039
:10D7F0000000000000000000000000000000000029
:10D800000000000000000000000000000000000018
:10D810000000000000000000000000000000000008
:10D8200000000000000000000000000000000000F8
:10D8300000000000000000000000000000000000E8
:10D8400000000000000000000000000000000000D8
:10D8500000000000000000000000000000000000C8
:10D860000000BF0203DB0284DB02FDDB02FFDB0200
:10D87000FFDB02FFDB027F00000000000000000071
:10D880000000000000000000000000000000000098
:10D890000000000000000000000000000000000088
:10D8A0000000000000000000000000000000000078
:10D8B000000000000000000000BB0221DB02D1DB01
:10D8C00002FFDB02FFDB02FFDB02F2DB0267180272
:10D8D0000400000000000000000000000000000044
:10D8E0000000000000000000000000000000000038
:10D8F0000000000000000000000000000000000028
:10D900000000000000000000000000000000000017
:10D910000000000000000000000000000000000007
:10D9200000000000000000000000000000000000F7
:10D9300000000000000000000000000000000000E7
:10D94000000000000000000000000000000000BF18
:10D950000203DB0268DB02F3DB02FFDB02FFDB0218
:10D96000FFDB02D3DB02200000000000000000000B
:10D9700000000000000000000000000000000000A7
:10D980000000000000000000000000000000000097
:10D990000000000000000000000000000000000087
:10D9A000000000000000000000000000DB0260DB5F
:10D9B00002F4DB02FFDB02FFDB02FFDB02EFDB0234
:10D9C00082FA0211000000000000000000000000C8
:10D9D0000000000000000000000000000000000047
:10D9E0000000000000000000000000000000000037
:10D9F0000000000000000000000000000000000027
:10DA00000000000000000000000000000000000016
:10DA10000000000000000000000000000000000006
:10DA200000000000000000000000000000000000F6
:10DA30000000000000000000000000009C0210DB5D
:10DA4000027FDB02F2DB02FFDB02FFDB02FFDB0215
:10DA5000F6DB026100000000000000000000000092
:10DA600000000000000000000000000000000000B6
:10DA700000000000000000000000000000000000A6
:10DA80000000000000000000000000000000000096
:10DA9000000000000000000000000000BB0206DBE8
:10DAA0000289DB02FDDB02FFDB02FFDB02FFDB02A0
:10DAB000FCDB02B5DB024EBB02121F0001000000BE
:10DAC0000000000000000000000000000000000056
:10DAD0000000000000000000000000000000000046
:10DAE0000000000000000000000000000000000036
:10DAF0000000000000000000000000000000000026
:10DB00000000000000000000000000000000000015
:10DB10000000000000000000000000000000000005
:10DB2000000000000000DB0214DB0252DB02B9DB64
:10DB300002FBDB02FFDB02FFDB02FFDB02FEDB029C
:10DB40008F5B0207000000000000000000000000E2
:10DB500000000000000000000000000000000000C5
:10DB600000000000000000000000000000000000B5
:10DB700000000000000000000000000000000000A5
:10DB8000000000000000000000000000000000DBBA
:10DB90000214DB02A4DB02FEDB02FFDB02FFDB027E
:10DBA000FFDB02FFDB02F2DB02C3DB0292DB02637C
:10DBB000DB024CDB023EDB023EDB023EDB023EDBF5
:10DBC000023EDB023EDB023EDB023EDB023EDB02CC
:10DBD0003EDB023EDB023EDB023EDB023EDB023E80
:10DBE000DB023EDB023EDB023EDB023EDB023EDBD3
:10DBF000023EDB023EDB023EDB023EDB023EDB029C
:10DC00003EDB023EDB023EDB023EDB0240DB024E3D
:10DC1000DB0265DB028FDB02CADB02F5DB02FFDB26
:10DC200002FFDB02FFDB02FFDB02FDDB02A2FC02E4
:10DC300016000000000000000000000000000000CE
:10DC400000000000000000000000000000000000D4
:10DC500000000000000000000000000000000000C4
:10DC600000000000000000000000000000000000B4
:10DC700000000000000000000000000000000000A4
:10DC800000009B0213DB028ADB02F7DB02FFDB02F0
:10DC9000FFDB02FFDB02FFDB02FFDB02FFDB02FD3B
:10DCA000DB02FADB02F8DB02F8DB02F8DB02F8DB6E
:10DCB00002F8DB02F8DB02F8DB02F8DB02F8DB0239
:10DCC000F8DB02F8DB02F8DB02F8DB02F8DB02F833
:10DCD000DB02F8DB02F8DB02F8DB02F8DB02F8DB40
:10DCE00002F8DB02F8DB02F8DB02F8DB02F8DB0209
:10DCF000F8DB02F8DB02F8DB02F8DB02F8DB02FA01
:10DD0000DB02FDDB02FFDB02FFDB02FFDB02FFDBEE
:10DD100002FFDB02FFDB02F8DB0291BC020F000016
:10DD200000000000000000000000000000000000F3
:10DD300000000000000000000000000000000000E3
:10DD400000000000000000000000000000000000D3
:10DD500000000000000000000000000000000000C3
:10DD600000000000000000000000000000000000B3
:10DD700000000000007D020ADB0268DB02D8DB0243
:10DD8000FFDB02FFDB02FFDB02FFDB02FFDB02FF48
:10DD9000DB02FFDB02FFDB02FFDB02FFDB02FFDB5C
:10DDA00002FFDB02FFDB02FFDB02FFDB02FFDB0225
:10DDB000FFDB02FFDB02FFDB02FFDB02FFDB02FF18
:10DDC000DB02FFDB02FFDB02FFDB02FFDB02FFDB2C
:10DDD00002FFDB02FFDB02FFDB02FFDB02FFDB02F5
:10DDE000FFDB02FFDB02FFDB02FFDB02FFDB02FFE8
:10DDF000DB02FFDB02FFDB02FFDB02FFDB02FFDBFC
:10DE000002FFDB02D4DB0261FA020B00000000001B
:10DE10000000000000000000000000000000000002
:10DE200000000000000000000000000000000000F2
:10DE300000000000000000000000000000000000E2
:10DE400000000000000000000000000000000000D2
:10DE500000000000000000000000000000000000C2
:10DE60000000000000000000000000DB0228DB02D0
:10DE700086DB02D8DB02F8DB02FFDB02FFDB02FFFE
:10DE8000DB02FFDB02FFDB02FFDB02FFDB02FFDB6B
:10DE900002FFDB02FFDB02FFDB02FFDB02FFDB0234
:10DEA000FFDB02FFDB02FFDB02FFDB02FFDB02FF27
:10DEB000DB02FFDB02FFDB02FFDB02FFDB02FFDB3B
:10DEC00002FFDB02FFDB02FFDB02FFDB02FFDB0204
:10DED000FFDB02FFDB02FFDB02FFDB02FFDB02FFF7
:10DEE000DB02FFDB02FFDB02FFDB02F9DB02D8DB38
:10DEF0000285DB022300000000000000000000009B
:10DF00000000000000000000000000000000000011
:10DF10000000000000000000000000000000000001
:10DF200000000000000000000000000000000000F1
:10DF300000000000000000000000000000000000E1
:10DF400000000000000000000000000000000000D1
:10DF500000000000000000000000000000001F049E
:10DF600002BC021EDB0252DB0294DB02C4DB02D0E5
:10DF7000DB02DEDB02E4DB02E3DB02E3DB02E3DB0A
:10DF800002E3DB02E3DB02E3DB02E3DB02E3DB02CF
:10DF9000E3DB02E3DB02E3DB02E3DB02E3DB02E3DE
:10DFA000DB02E3DB02E3DB02E3DB02E3DB02E3DBD6
:10DFB00002E3DB02E3DB02E3DB02E3DB02E3DB029F
:10DFC000E3DB02E3DB02E3DB02E3DB02E3DB02DEB3
:10DFD000DB02D7DB02BEDB0296DB0258BC021E1F4F
:10DFE0000001000000000000000000000000000030
:10DFF0000000000000000000000000000000000021
:10E000000000000000000000000000000000000010
:10E010000000000000000000000000000000000000
:10E0200000000000000000000000000000000000F0
:10E0300000000000000000000000000000000000E0
:10E0400000000000000000000000000000000000D0
:10E05000000000000000001F0001FA020BFC021685
:10E06000BC0224DB0229DB0229DB0229DB0229DBDB
:10E070000229DB0229DB0229DB0229DB0229DB0280
:10E0800029DB0229DB0229DB0229DB0229DB022949
:10E09000DB0229DB0229DB0229DB0229DB0229DB87
:10E0A0000229DB0229DB0229DB0229DB0229DB0250
:10E0B00029DB0229DB0229DB0229DB0229BC02243D
:10E0C000FB021C7A020A1F00010000000000000091
:10E0D0000000000000000000000000000000000040
:10E0E0000000000000000000000000000000000030
:10E0F0000000000000000000000000000000000020
:10E10000000000000000000000000000000000000F
:10E1100000000000000000000000000000000000FF
:10E1200000000000000000000000000000000000EF
:10E1300000000000000000000000000000000000DF
:10E1400000000000000000000000000000000000CF
:10E1500000000000000000000000000000000000BF
:10E1600000000000000000000000000000000000AF
:10E17000000000000000000000000000000000009F
:10E18000000000000000000000000000000000008F
:10E19000000000000000000000000000000000007F
:10E1A000000000000000000000000000000000006F
:10E1B000000000000000000000000000000000005F
:10E1C000000000000000000000000000000000004F
:10E1D000000000000000000000000000000000003F
:10E1E000000000000000000000000000000000002F
:10E1F000000000000000000000000000000000001F
:10E20000000000000000000000000000000000000E
:10E2100000000000000000000000000000000000FE
:10E22000000000000000000000000060FE0560FE2D
:10E230005360FE8C60FE5260FE050000000000008E
:10E2400000000000000000000000000000000000CE
:10E2500000000000000000000000000000000000BE
:10E260000000000000000000000000000080FE2B05
:10E2700060FE7D60FE7340FE210000000000000093
:10E28000000000000000000000000000000000008E
:10E29000000000000000000000000000000000007E
:10E2A00000000000000000000000000020FE0D60E3
:10E2B000FE6360FE8A60FE41E0FF01000000000096
:10E2C000000000000000000000000000000000004E
:10E2D000000000000000000000000000000000003E
:10E2E000000000000000000000000000000000002E
:10E2F000000000000000000000000000000000001E
:10E30000000000000000000000000000000000000D
:10E31000000000000000000000000060FE5A60FEE7
:10E32000F260FEFF60FEF160FE570000000000009A
:10E3300000000000000000000000000000000000DD
:10E3400000000000000000000000000000000000CD
:10E350000000000000000000000040FE1C60FEC540
:10E3600060FEFF60FEFF60FEA400FE0800000000EB
:10E37000000000000000000000000000000000009D
:10E38000000000000000000000000000000000008D
:10E39000000000000000000000E0FF0160FE7E6061
:10E3A000FEFC60FEFF60FEE060FE36000000000044
:10E3B000000000000000000000000000000000005D
:10E3C000000000000000000000000000000000004D
:10E3D000000000000000000000000000000000003D
:10E3E000000000000000000000000000000000002D
:10E3F000000000000000000000000000000000001D
:10E40000000000000000000080FE1060FEC460FEFE
:10E41000FF60FEFF60FEFF60FE8D00000000000058
:10E4200000000000000000000000000000000000EC
:10E4300000000000000000000000000000000000DC
:10E440000000000000000000000060FE7160FEFFA0
:10E4500060FEFF60FEFF60FEDE60FE220000000046
:10E4600000000000000000000000000000000000AC
:10E47000000000000000000000000000000000009C
:10E4800000000000000000000060FE2860FEE06068
:10E49000FEFF60FEFF60FEFF60FE64000000000003
:10E4A000000000000000000000000000000000006C
:10E4B000000000000000000000000000000000005C
:10E4C000000000000000000000000000000000004C
:10E4D000000000000000000000000000000000003C
:10E4E000000000000000000000000000000000002C
:10E4F000000000000000000060FE5760FEF760FEB4
:10E50000FF60FEFF60FEFD60FE6400000000000092
:10E5100000000000000000000000000000000000FB
:10E5200000000000000000000000000000000000EB
:10E530000000000000000060FE1960FECB60FEFFDE
:10E5400060FEFF60FEFF60FEBE60FE0F0000000088
:10E5500000000000000000000000000000000000BB
:10E5600000000000000000000000000000000000AB
:10E5700000000000000000000060FE8060FEFF6000
:10E58000FEFF60FEFF60FEEF80FE3E000000000028
:10E59000000000000000000000000000000000007B
:10E5A000000000000000000000000000000000006B
:10E5B000000000000000000000000000000000005B
:10E5C000000000000000000000000000000000004B
:10E5D000000000000000000000000000000000003B
:10E5E000000000000040FE0E60FEB760FEFF60FE0F
:10E5F000FF60FEFF60FED560FE1E00000000000010
:10E60000000000000000000000000000A0FE066006
:10E61000FE3A60FE4A40FE170000000000000000C5
:10E620000000000000000060FE6760FEFB60FEFF6F
:10E6300060FEFF60FEFC60FE620000000000000063
:10E64000000000000000000000000040FE0960FE25
:10E650003D80FE4340FE0E00000000000000000070
:10E6600000000000000060FE2260FED860FEFF6037
:10E67000FEFF60FEFF60FEB6A0FE0C000000000082
:10E68000000000000000000000000000000000008A
:10E69000000000000000000000000000000000007A
:10E6A000000000000000000000000000000000006A
:10E6B000000000000000000000000000000000005A
:10E6C000000000000000000000000000000000004A
:10E6D000000000000080FE4360FEF160FEFF60FE6F
:10E6E000FF60FEFF60FE7F000000000000000000F1
:10E6F00000000000000000000000000060FE6A60F2
:10E70000FEEB60FEF760FEB460FE18000000000043
:10E710000000000080FE1060FEC060FEFF60FEFF93
:10E7200060FEFF60FECB60FE1900000000000000EC
:10E73000000000000000000060FE0560FE8560FE35
:10E74000EF60FEF360FE9780FE0B0000000000000B
:10E7500000000000000060FE6A60FEFD60FEFF60D9
:10E76000FEFF60FEF860FE570000000000000000A1
:10E770000000000000000000000000000000000099
:10E780000000000000000000000000000000000089
:10E790000000000000000000000000000000000079
:10E7A0000000000000000000000000000000000069
:10E7B0000000000000000000000000000000000059
:10E7C000000000000060FE6960FEFF60FEFF60FE6A
:10E7D000FF60FEDB40FE260000000000000000009D
:10E7E00000000000000000000040FE2660FEDA602D
:10E7F000FEFF60FEFF60FEF860FE4E0000000000BD
:10E800000000000060FE2260FEDE60FEFF60FEFF92
:10E8100060FEFE60FE6F00000000000000000000CF
:10E82000000000000000000060FE3B60FEEC60FEA7
:10E83000FF60FEFF60FEF080FE340000000000007C
:10E8400000000000000060FE9060FEFF60FEFF60C0
:10E85000FEFF60FEBFA0FE110000000000000000EF
:10E8600000000000000000000000000000000000A8
:10E870000000000000000000000000000000000098
:10E880000000000000000000000000000000000088
:10E890000000000000000000000000000000000078
:10E8A0000000000000000000000000000000000068
:10E8B000000000000060FE3560FEE060FEFF60FECC
:10E8C000FA60FE7BE0FF0100000000000000000095
:10E8D00000000000000000000060FE7D60FEFF60A0
:10E8E000FEFF60FEFF60FEF080FE3E0000000000C4
:10E8F0000000000080FE0B60FEAA60FEFF60FEFFCD
:10E9000060FEC860FE1E0000000000000000000065
:10E91000000000000060FD0360FE9560FEFF60FEE9
:10E92000FF60FEFF60FEE760FE2C000000000000BC
:10E9300000000000000060FE5460FEF060FEFF601A
:10E94000FEEF60FE56000000000000000000000026
:10E9500000000000000000000000000000000000B7
:10E9600000000000000000000000000000000000A7
:10E970000000000000000000000000000000000097
:10E980000000000000000000000000000000000087
:10E990000000000000000000000000000000000077
:10E9A0000000000000E0FF0160FE3B60FE7E60FEB4
:10E9B0005BA0FE0C00000000000000000000000052
:10E9C00000000000000080FE1F60FED360FEFF60BC
:10E9D000FEFF60FEFF60FEBA60FE0F000000000058
:10E9E0000000000000000060FE2260FE7960FE7EF4
:10E9F00080FE2B000000000000000000000000006E
:10EA0000000000000080FE2F60FEE560FEFF60FE5B
:10EA1000FF60FEFF60FE9EA0FE06000000000000FA
:10EA200000000000000060FE0560FE4C60FE80609B
:10EA3000FE4960FE0500000000000000000000002C
:10EA400000000000000000000000000000000000C6
:10EA500000000000000000000000000000000000B6
:10EA600000000000000000000000000000000000A6
:10EA70000000000000000000000000000000000096
:10EA80000000000000000000000000000000000086
:10EA90000000000000000000000000000000000076
:10EAA0000000000000000000000000000000000066
:10EAB00000000000000060FE6D60FEFE60FEFF6072
:10EAC000FEFF60FEF860FE5B00000000000000003A
:10EAD0000000000000000000000000000000000036
:10EAE0000000000000000000000000000000000026
:10EAF000000000000060FE8560FEFF60FEFF60FE1B
:10EB0000FF60FEEE60FE410000000000000000001B
:10EB100000000000000000000000000000000000F5
:10EB200000000000000000000000000000000000E5
:10EB300000000000000000000000000000000000D5
:10EB400000000000000000000000000000000000C5
:10EB500000000000000000000000000000000000B5
:10EB600000000000000000000000000000000000A5
:10EB70000000000000000000000000000000000095
:10EB80000000000000000000000000000000000085
:10EB90000000000000000000000000000000000075
:10EBA00000000060FE0560FEA960FEFF60FEFF60E1
:10EBB000FEFF60FEC240FE120000000000000000E8
:10EBC0000000000000000000000000000000000045
:10EBD0000000000000000000000000000000000035
:10EBE000000060FE0A60FEC260FEFF60FEFF60FE85
:10EBF000FF60FEAD00FE0800000000000000000005
:10EC00000000000000000000000000000000000004
:10EC100000000000000000000000000000000000F4
:10EC200000000000000000000000000000000000E4
:10EC300000000000000000000000000000000000D4
:10EC400000000000000000000000000000000000C4
:10EC500000000000000000000000000000000000B4
:10EC600000000000000000000000000000000000A4
:10EC70000000000000000000000000000000000094
:10EC80000000000000000000000000000000000084
:10EC9000000000E0FF0260FE8D60FEFF60FEFF608E
:10ECA000FEFA60FE610000000000000000000000AD
:10ECB0000000000000000000000000000000000054
:10ECC0000000000000000000000000000000000044
:10ECD0000000A0FE0660FEA860FEFF60FEFF60FE72
:10ECE000F160FE4A0000000000000000000000008B
:10ECF0000000000000000000000000000000000014
:10ED00000000000000000000000000000000000003
:10ED100000000000000000000000000000000000F3
:10ED200000000000000000000000000000000000E3
:10ED300000000000000000000000000000000000D3
:10ED400000000000000000000000000000000000C3
:10ED500000000000000000000000000000000000B3
:10ED600000000000000000000000000000000000A3
:10ED70000000000000000000000000000000000093
:10ED800000000000000040FE2160FE9B60FEBF60AE
:10ED9000FE7920FE0D0000000000000000000000D1
:10EDA0000000000000000000000000000000000063
:10EDB0000000000000000000000000000000000053
:10EDC000000000000080FE2A60FEA360FEBB60FE23
:10EDD0006460FE050000000000000000000000006C
:10EDE0000000000000000000000000000000000023
:10EDF0000000000000000000000000000000000013
:10EE00000000000000000000000000000000000002
:10EE100000000000000000000000000000000000F2
:10EE200000000000000000000000000000000000E2
:10EE300000000000000000000000000000000000D2
:10EE400000000000000000000000000000000000C2
:10EE500000000000000000000000000000000000B2
:10EE600000000000000000000000000000000000A2
:10EE700000000000000000000060FE0540FE0EE003
:10EE8000FF01000000000000000000000000000082
:10EE90000000000000000000000000000000000072
:10EEA0000000000000000000000000000000000062
:10EEB0000000000000000000E0FE07A0FE0C0000C3
:10EEC0000000000000000000000000000000000042
:10EED0000000000000000000000000000000000032
:10EEE0000000000000000000000000000000000022
:10EEF0000000000000000000000000000000000012
:10EF00000000000000000000000000000000000001
:10EF100000000000000000000000000000000000F1
:10EF200000000000000000000000000000000000E1
:10EF300000000000000000000000000000000000D1
:10EF400000000000000000000000000000000000C1
:10EF500000000000000000000000000000000000B1
:10EF600000000000000000000000000000000000A1
:10EF70000000000000000000000000000000000091
:10EF80000000000000000000000000000000000081
:10EF90000000000000000000000000000000000071
:10EFA0000000000000000000000000000000000061
:10EFB0000000000000000000000000000000000051
:10EFC0000000000000000000000000000000000041
:10EFD0000000000000000000000000000000000031
:10EFE0000000000000000000000000000000000021
:10EFF0000000000000000000000000000000000011
:10F000000000000000000000000000000000000000
:10F0100000000000000000000000000000000000F0
:10F0200000000000000000000000000000000000E0
:10F0300000000000000000000000000000000000D0
:10F0400000000000000000000000000000000000C0
:10F0500000000000000000000000000000000000B0
:10F0600000000000000000000000000000000000A0
:10F070000000000000000000000000000000000090
:10F080000000000000000000000000000000000080
:10F090000000000000000000000000000000000070
:10F0A0000000000000000000000000000000000060
:10F0B0000000000000000000000000000000000050
:10F0C0000000000000000000000000000000000040
:10F0D0000000000000000000000000000000000030
:10F0E0000000000000000000000000000000000020
:10F0F0000000000000000000000000000000000010
:10F1000000000000000000000000000000000000FF
:10F1100000000000000000000000000000000000EF
:10F1200000000000000000000000000000000000DF
:10F1300000000000000000000000000000000000CF
:10F1400000000000000000000000000000000000BF
:10F1500000000000000000000000000000000000AF
:10F16000000000000000000000000000000000009F
:10F17000000000000000000000000000000000008F
:10F18000000000000000000000000000000000007F
:10F19000000000000000000000000000000000006F
:10F1A000000000000000000000000000000000005F
:10F1B000000000000000000000000000000000004F
:10F1C000000000000000000000000000000000003F
:10F1D000000000000000000000000000000000002F
:10F1E000000000000000000000000000000000001F
:10F1F000000000000000000000000000000000000F
:10F2000000000000000000000000000000000000FE
:10F2100000000000000000000000000000000000EE
:10F2200000000000000000000000000000000000DE
:10F2300000000000000000000000000000000000CE
:10F2400000000000000000000000000000000000BE
:10F2500000000000000000000000000000000000AE
:10F26000000000000000000000000000000000009E
:10F27000000000000000000000000000000000008E
:10F28000000000000000000000000000000000007E
:10F29000000000000000000000000000000000006E
:10F2A000000000000000000000000000000000005E
:10F2B000000000000000000000000000000000004E
:10F2C000000000000000000000000000000000003E
:10F2D000000000000000000000000000000000002E
:10F2E000000000000000000000000000000000001E
:10F2F000000000000000000000000000000000000E
:10F3000000000000000000000000000000000000FD
:10F3100000000000000000000000000000000000ED
:10F3200000000000000000000000000000000000DD
:10F3300000000000000000000000000000000000CD
:10F3400000000000000000000000000000000000BD
:10F3500000000000000000000000000000000000AD
:10F36000000000000000000000000000000000009D
:10F37000000000000000000000000000000000008D
:10F38000000000000000000000000000000000007D
:10F39000000000000000000000000000000000006D
:10F3A000000000000000000000000000000000005D
:10F3B000000000000000000000000000000000004D
:10F3C000000000000000000000000000000000003D
:10F3D000000000000000000000000000000000002D
:10F3E000000000000000000000000000000000001D
:10F3F000000000000000000000000000000000000D
:10F4000000000000000000000000000000000000FC
:10F4100000000000000000000000000000000000EC
:10F4200000000000000000000000000000000000DC
:10F4300000000000000000000000000000000000CC
:10F4400000000000000000000000000000000000BC
:10F4500000000000000000000000000000000000AC
:10F46000000000000000000000000000000000009C
:10F47000000000000000000000000000000000008C
:10F48000000000000000000000000000000000007C
:10F49000000000000000000000000000000000006C
:10F4A000000000000000000000000000000000005C
:10F4B000000000000000000000000000000000004C
:10F4C000000000000000000000000000000000003C
:10F4D000000000000000000000000000000000002C
:10F4E000000000000000000000000000000000001C
:10F4F000000000000000000000000000000000000C
:10F5000000000000000000000000000000000000FB
:10F5100000000000000000000000000000000000EB
:10F5200000000000000000000000000000000000DB
:10F5300000000000000000000000000000000000CB
:10F5400000000000000000000000000000000000BB
:10F5500000000000000000000000000000000000AB
:10F56000000000000000000000000000000000009B
:10F57000000000000000000000000000000000008B
:10F58000000000000000000000000000000000007B
:10F59000000000000000000000000000000000006B
:10F5A000000000000000000000000000000000005B
:10F5B000000000000000000000000000000000004B
:10F5C000000000000000000000000000000000003B
:10F5D000000000000000000000000000000000002B
:10F5E000000000000000000000000000000000001B
:10F5F000000000000000000000000000000000000B
:10F6000000000000000000000000000000000000FA
:10F6100000000000000000000000000000000000EA
:10F6200000000000000000000000000000000000DA
:10F6300000000000000000000000000000000000CA
:10F6400000000000000000000000000000000000BA
:10F6500000000000000000000000000000000000AA
:10F66000000000000000000000000000000000009A
:10F67000000000000000000000000000000000008A
:10F68000000000000000000000000000000000007A
:10F69000000000000000000000000000000000006A
:10F6A000000000000000000000000000000000005A
:10F6B000000000000000000000000000000000004A
:10F6C000000000000000000000000000000000003A
:10F6D000000000000000000000000000000000002A
:10F6E000000000000000000000000000000000001A
:10F6F000000000000000000000000000000000000A
:10F7000000000000000000000000000000000000F9
:10F7100000000000000000000000000000000000E9
:10F7200000000000000000000000000000000000D9
:10F7300000000000000000000000000000000000C9
:10F7400000000000000000000000000000000000B9
:10F7500000000000000000000000000000000000A9
:10F760000000000000000000000000000000000099
:10F770000000000000000000000000000000000089
:10F7800000000000000000000540010A004B0000DE
:10F7900088AC03080000000000000000000000002A
:10F7A0000000000000000000000000000000000059
:10F7B0000000000000000000000000000000000049
:10F7C0000000000000000000000000000000000039
:10F7D0000000000000000000000000000000000029
:10F7E0000000000000000000000000000000000019
:10F7F0000000000000000000000000000000000009
:10F8000000000000000000000000000000000000F8
:10F8100000000000000000000000000000000000E8
:10F8200000000000000000000000000000000000D8
:10F8300000000000000000000000000000000000C8
:10F8400000000000000000000000000000000000B8
:10F8500000000000000000000000000000000000A8
:10F860000000000000000000000000000000000098
:10F870000000000000000000000000000000000088
:10F880000000000000000000000000000000000078
:10F890000000000000000000000000000000000068
:10F8A0000000000000000000000000000000000058
:10F8B0000000000000000000000000000000000048
:10F8C0000000000000000000000000000000000038
:10F8D0000000000000000000000000000000000028
:10F8E0000000000000000000000000000000000018
:10F8F0000000000000000000000000000000000008
:10F9000000000000000000000000000000000000F7
:10F9100000000000000000000000000000000000E7
:10F9200000000000000000000000000000000000D7
:10F9300000000000000000000000000000000000C7
:10F9400000000000000000000000000000000000B7
:10F9500000000000000000000000000000000000A7
:10F960000000000000000000000000000000000097
:10F970000000000000000000000000000000000087
:10F980000000000000000000000000000000000077
:10F990000000000000000000000000000000000067
:10F9A0000000000000000000000000000000000057
:10F9B0000000000000000000000000000000000047
:10F9C0000000000000000000000000000000000037
:10F9D0000000000000000000000000000000000027
:10F9E0000000000000000000000000000000000017
:10F9F0000000000000000000000000000000000007
:10FA000000000000000000000000000000000000F6
:10FA100000000000000000000000000000000000E6
:10FA200000000000000000000000000000000000D6
:10FA300000000000000000000000000000000000C6
:10FA400000000000000000000000000000000000B6
:10FA500000000000000000000000000000000000A6
:10FA60000000000000000000000000000000000096
:10FA70000000000000000000000000000000000086
:10FA80000000000000000000000000000000000076
:10FA90000000000000000000000000000000000066
:10FAA0000000000000000000000000000000000056
:10FAB0000000000000000000000000000000000046
:10FAC0000000000000000000000000000000000036
:10FAD0000000000000000000000000000000000026
:10FAE0000000000000000000000000000000000016
:10FAF0000000000000000000000000000000000006
:10FB000000000000000000000000000000000000F5
:10FB100000000000000000000000000000000000E5
:10FB200000000000000000000000000000000000D5
:10FB300000000000000000000000000000000000C5
:10FB400000000000000000000000000000000000B5
:10FB500000000000000000000000000000000000A5
:10FB60000000000000000000000000000000000095
:10FB70000000000000000000000000000000000085
:10FB80000000000000000000000000000000000075
:10FB90000000000000000000000000000000000065
:10FBA0000000000000000000000000000000000055
:10FBB0000000000000000000000000000000000045
:10FBC0000000000000000000000000000000000035
:10FBD0000000000000000000000000000000000025
:10FBE0000000000000000000000000000000000015
:10FBF0000000000000000000000000000000000005
:10FC000000000000000000000000000000000000F4
:10FC100000000000000000000000000000000000E4
:10FC200000000000000000000000000000000000D4
:10FC300000000000000000000000000000000000C4
:10FC400000000000000000000000000000000000B4
:10FC500000000000000000000000000000000000A4
:10FC60000000000000000000000000000000000094
:10FC70000000000000000000000000000000000084
:10FC80000000000000000000000000000000000074
:10FC90000000000000000000000000000000000064
:10FCA0000000000000000000000000000000000054
:10FCB0000000000000000000000000000000000044
:10FCC0000000000000000000000000000000000034
:10FCD0000000000000000000000000000000000024
:10FCE0000000000000000000000000000000000014
:10FCF0000000000000000000000000000000000004
:10FD000000000000000000000000000000000000F3
:10FD100000000000000000000000000000000000E3
:10FD200000000000000000000000000000000000D3
:10FD300000000000000000000000000000000000C3
:10FD400000000000000000000000000000000000B3
:10FD500000000000000000000000000000000000A3
:10FD60000000000000000000000000000000000093
:10FD70000000000000000000000000000000000083
:10FD80000000000000000000000000000000000073
:10FD90000000000000000000000000000000000063
:10FDA0000000000000000000000000000000000053
:10FDB0000000000000000000000000000000000043
:10FDC0000000000000000000000000000000000033
:10FDD0000000000000000000000000000000000023
:10FDE0000000000000000000000000000000000013
:10FDF0000000000000000000000000000000000003
:10FE000000000000000000000000000000000000F2
:10FE100000000000000000000000000000000000E2
:10FE200000000000000000000000000000000000D2
:10FE300000000000000000000000000000000000C2
:10FE400000000000000000000000000000000000B2
:10FE500000000000000000000000000000000000A2
:10FE60000000000000000000000000000000000092
:10FE70000000000000000000000000000000000082
:10FE80000000000000000000000000000000000072
:10FE90000000000000000000000000000000000062
:10FEA0000000000000000000000000000000000052
:10FEB0000000000000000000000000000000000042
:10FEC0000000000000000000000000000000000032
:10FED0000000000000000000000000000000000022
:10FEE0000000000000000000000000000000000012
:10FEF0000000000000000000000000000000000002
:10FF000000000000000000000000000000000000F1
:10FF100000000000000000000000000000000000E1
:10FF200000000000000000000000000000000000D1
:10FF300000000000000000000000000000000000C1
:10FF400000000000000000000000000000000000B1
:10FF500000000000000000000000000000000000A1
:10FF60000000000000000000000000000000000091
:10FF70000000000000000000000000000000000081
:10FF80000000000000000000000000000000000071
:10FF90000000000000000000000000000000000061
:10FFA0000000000000000000000000000000000051
:10FFB0000000000000000000000000000000000041
:10FFC0000000000000000000000000000000000031
:10FFD0000000000000000000000000000000000021
:10FFE0000000000000000000000000000000000011
:10FFF0000000000000000000000000000000000001
:020000040804EE
:1000000000000000000000000000000000000000F0
:1000100000000000000000000000000000000000E0
:1000200000000000000000000000000000000000D0
:1000300000000000000000000000000000000000C0
:1000400000000000000000000000000000000000B0
:1000500000000000000000000000000000000000A0
:100060000000000000000000000000000000000090
:1000700000000000000000000060FE1480FE15E09B
:10008000FF0200000000000000000000000000006F
:100090000000000000000000000000000000000060
:1000A0000000000000000000000000000000000050
:1000B0000000000000000000000000000000000040
:1000C0000000000000000000000000000000000030
:1000D0000000000000000000000000000000000020
:1000E0000000000000000000000000000000000010
:1000F0000000000000000000000000000000000000
:1001000000000000000000000000000000000000EF
:1001100000000000000000000000000000000000DF
:1001200000000000000000000000000000000000CF
:1001300000000000000000000000000000000000BF
:1001400000000000000000000000000000000000AF
:10015000000000000000000000000000000000009F
:10016000000000E0FF0160FE5760FECD60FED06041
:10017000FE5CE0FF01000000000000000000000045
:10018000000000000000000000000000000000006F
:10019000000000000000000000000000000000005F
:1001A000000000000000000000000000000000004F
:1001B000000000000000000000000000000000003F
:1001C000000000000000000000000000000000002F
:1001D000000000000000000000000000000000001F
:1001E000000000000000000000000000000000000F
:1001F00000000000000000000000000000000000FF
:1002000000000000000000000000000000000000EE
:1002100000000000000000000000000000000000DE
:1002200000000000000000000000000000000000CE
:1002300000000000000000000000000000000000BE
:1002400000000000000000000000000000000000AE
:1002500000000040FE2160FEDA60FEFF60FEFF60ED
:10026000FED980FE20000000000000000000000019
:10027000000000000000000000000000000000007E
:10028000000000000000000000000000000000006E
:10029000000000000000000000000000000000005E
:1002A000000000000000000000000000000000004E
:1002B000000000000000000000000000000000003E
:1002C000000000000000000000000000000000002E
:1002D000000000000000000000000000000000001E
:1002E000000000000000000000000000000000000E
:1002F00000000000000000000000000000000000FE
:1003000000000000000000000000000000000000ED
:1003100000000000000000000000000000000000DD
:1003200000000000000000000000000000000000CD
:1003300000000000000000000000000000000000BD
:1003400000000040FE3960FEEE60FEFF60FEFF60D0
:10035000FEEE40FE3900000000000000000000003A
:10036000000000000000000000000000000000008D
:10037000000000000000000000000000000000007D
:10038000000000000000000000000000000000006D
:10039000000000000000000000000000000000005D
:1003A000000000000000000000000000000000004D
:1003B000000000000000000000000000000000003D
:1003C000000000000000000000000000000000002D
:1003D000000000000000000000000000000000001D
:1003E000000000000000000000000000000000000D
:1003F00000000000000000000000000000000000FD
:1004000000000000000000000000000000000000EC
:1004100000000000000000000000000000000000DC
:1004200000000000000000000000000000000000CC
:1004300000000060FE3A60FEEE60FEFF60FEFF60BE
:10044000FEEE60FE3A000000000000000000000028
:10045000000000000000000000000000000000009C
:10046000000000000000000000000000000000008C
:10047000000000000000000000000000000000007C
:10048000000000000000000000000000000000006C
:10049000000000000000000000000000000000005C
:1004A000000000000000000000000000000000004C
:1004B000000000000000000000000000000000003C
:1004C000000000000000000000000000000000002C
:1004D000000000000000000000000000000000001C
:1004E000000000000000000000000000000000000C
:1004F00000000000000000000000000000000000FC
:1005000000000000000000000000000000000000EB
:1005100000000000000000000000000000000000DB
:1005200000000040FE3960FEEE60FEFF60FEFF60EE
:10053000FEEE40FE39000000000000000000000058
:1005400000000000000000000000000000000000AB
:10055000000000000000000000000000000000009B
:10056000000000000000000000000000000000008B
:10057000000000000000000000000000000000007B
:10058000000000000000000000000000000000006B
:10059000000000000000000000000000000000005B
:1005A000000000000000000000000000000000004B
:1005B000000000000000000000000000000000003B
:1005C000000000000000000000000000000000002B
:1005D000000000000000000000000000000000001B
:1005E000000000000000000000000000000000000B
:1005F00000000000000000000000000000000000FB
:1006000000000000000000000000000000000000EA
:1006100000000040FE3960FEEE60FEFF60FEFF60FD
:10062000FEEE40FE39000000000000000000000067
:1006300000000000000000000000000000000000BA
:1006400000000000000000000000000000000000AA
:10065000000000000000000000000000000000009A
:10066000000000000000000000000000000000008A
:10067000000000000000000000000000000000007A
:10068000000000000000000000000000000000006A
:10069000000000000000000000000000000000005A
:1006A000000000000000000000000000000000004A
:1006B000000000000000000000000000000000003A
:1006C000000000000000000000000000000000002A
:1006D000000000000000000000000000000000001A
:1006E000000000000000000000000000000000000A
:1006F00000000000000000000000000000000000FA
:1007000000000040FE3960FEEE60FEFF60FEFF600C
:10071000FEEE40FE39000000000000000000000076
:1007200000000000000000000000000000000000C9
:1007300000000000000000000000000000000000B9
:1007400000000000000000000000000000000000A9
:100750000000000000000000000000000000000099
:100760000000000000000000000000000000000089
:100770000000000000000000000000000000000079
:100780000000000000000000000000000000000069
:100790000000000000000000000000000000000059
:1007A0000000000000000000000000000000000049
:1007B0000000000000000000000000000000FE0437
:1007C00040FE0900000000000000000000000000E2
:1007D0000000000000000000000000000000000019
:1007E0000000000000000000000000000000000009
:1007F00000000060FE3A60FEEE60FEFF60FEFF60FB
:10080000FEEE60FE3A000000000000000000000064
:1008100000000000000000000000000000000000D8
:1008200000000000000000000000000000000000C8
:100830000000000000A0FE0C60FE050000000000AB
:1008400000000000000000000000000000000000A8
:100850000000000000000000000000000000000098
:100860000000000000000000000000000000000088
:100870000000000000000000000000000000000078
:100880000000000000000000000000000000000068
:100890000000000000000000000000000000000058
:1008A0000000000000000000000060FE2460FE9ACE
:1008B00060FEB560FE6F00FE080000000000000052
:1008C0000000000000000000000000000000000028
:1008D0000000000000000000000000000000000018
:1008E00000000060FE3260FEEC60FEFF60FEFF6014
:1008F000FEED60FE3500000000000000000000007A
:1009000000000000000000000000000000000000E7
:100910000000000000000000000000000000006077
:10092000FE0A60FE6D60FEBB60FE9880FE25000042
:1009300000000000000000000000000000000000B7
:1009400000000000000000000000000000000000A7
:100950000000000000000000000000000000000097
:100960000000000000000000000000000000000087
:100970000000000000000000000000000000000077
:100980000000000000000000000000000000000067
:100990000000000000000060FD0360FE9660FEFFA6
:1009A00060FEFF60FEF860FE8000FE0800000000B0
:1009B0000000000000000000000000000000000037
:1009C0000000000000000000000000000000000027
:1009D00000000040FE1360FEC260FEFF60FEFF608C
:1009E000FEC060FE140000000000000000000000D7
:1009F00000000000000000000000000000000000F7
:100A000000000000000000000000000040FE09603F
:100A1000FE8860FEFB60FEFF60FEFF60FE9460FDEE
:100A200003000000000000000000000000000000C3
:100A300000000000000000000000000000000000B6
:100A400000000000000000000000000000000000A6
:100A50000000000000000000000000000000000096
:100A60000000000000000000000000000000000086
:100A70000000000000000000000000000000000076
:100A800000000000000000A0FE0C60FEBB60FEFF46
:100A900060FEFF60FEFF60FEF760FE7F00FE080064
:100AA0000000000000000000000000000000000046
:100AB0000000000000000000000000000000000036
:100AC00000000000000060FE3560FE9060FE906057
:100AD000FE2E0000000000000000000000000000EA
:100AE0000000000000000000000000000000000006
:100AF00000000000000000000040FE0960FE87606A
:100B0000FEFB60FEFF60FEFF60FEFF60FEB660FE63
:100B10000A000000000000000000000000000000CB
:100B200000000000000000000000000000000000C5
:100B300000000000000000000000000000000000B5
:100B400000000000000000000000000000000000A5
:100B50000000000000000000000000000000000095
:100B60000000000000000000000000000000000085
:100B70000000000000000000000060FE6B60FEF757
:100B800060FEFF60FEFF60FEFF60FEF760FE80001B
:100B9000FE0800000000000000000000000000004F
:100BA0000000000000000000000000000000000045
:100BB0000000000000000000000000000000000035
:100BC0000000000000000000000000000000000025
:100BD0000000000000000000000000000000000015
:100BE00000000000000040FE0960FE8860FEFB601F
:100BF000FEFF60FEFF60FEFF60FEF860FE6E00001C
:100C000000000000000000000000000000000000E4
:100C100000000000000000000000000000000000D4
:100C200000000000000000000000000000000000C4
:100C300000000000000000000000000000000000B4
:100C400000000000000000000000000000000000A4
:100C50000000000000000000000000000000000094
:100C60000000000000000000000000FE0860FE80A0
:100C700060FEF760FEFF60FEFF60FEFF60FEF76053
:100C8000FE7F00FE080000000000000000000000E1
:100C90000000000000000000000000000000000054
:100CA000E0FE0740FE1260FE2380FE2F60FE3060F3
:100CB000FE2280FE16E0FE0700000000000000009B
:100CC0000000000000000000000000000000000024
:100CD00000000040FE0960FE8760FEFB60FEFF60D2
:100CE000FEFF60FEFF60FEF860FE8880FE0B0000E5
:100CF00000000000000000000000000000000000F4
:100D000000000000000000000000000000000000E3
:100D100000000000000000000000000000000000D3
:100D200000000000000000000000000000000000C3
:100D300000000000000000000000000000000000B3
:100D400000000000000000000000000000000000A3
:100D50000000000000000000000000000000FE088D
:100D600060FE7F60FEF760FEFF60FEFF60FEFF60DA
:100D7000FEF860FE77E0FF020000000000000000C7
:100D80000000000000000080FE1060FE3A60FE7C63
:100D900060FEB860FECD60FEDD60FEE960FEEB60E7
:100DA000FEDC60FED060FEB360FE7B60FE3FA0FE16
:100DB0001100000000000000000000000000000022
:100DC000E0FF0260FE7B60FEFB60FEFF60FEFF60F6
:100DD000FEFF60FEF860FE87A0FE0C000000000031
:100DE0000000000000000000000000000000000003
:100DF00000000000000000000000000000000000F3
:100E000000000000000000000000000000000000E2
:100E100000000000000000000000000000000000D2
:100E200000000000000000000000000000000000C2
:100E300000000000000000000000000000000000B2
:100E400000000000000000000000000000000000A2
:100E500000FE0860FE8060FEF760FEFF60FEFF603F
:100E6000FEFF60FED480FE1A0000000000000000BB
:100E70000040FE1360FE6660FEC260FEEE60FEFF94
:100E800060FEFF60FEFF60FEFF60FEFF60FEFF6031
:100E9000FEFF60FEFF60FEFF60FEFF60FEF060FE92
:100EA000C060FE5EA0FE1100000000000000000017
:100EB00060FE1960FED360FEFF60FEFF60FEFF6013
:100EC000FEF860FE88A0FE0C00000000000000009C
:100ED0000000000000000000000000000000000012
:100EE0000000000000000000000000000000000002
:100EF00000000000000000000000000000000000F2
:100F000000000000000000000000000000000000E1
:100F100000000000000000000000000000000000D1
:100F200000000000000000000000000000000000C1
:100F300000000000000000000000000000000000B1
:100F400000000000FE0860FE7F60FEF860FEFF60AB
:100F5000FEFF60FEC540FE1200000060FD0360FE63
:100F60004960FEBC60FEFB60FEFF60FEFF60FEFFAE
:100F700060FEFF60FEFF60FEFF60FEFF60FEFF6040
:100F8000FEFF60FEFF60FEFF60FEFF60FEFF60FE92
:100F9000FF60FEF860FEC060FE5160FE05000000CC
:100FA00040FE1360FEC560FEFF60FEFF60FEF9605C
:100FB000FE87A0FE0C000000000000000000000002
:100FC0000000000000000000000000000000000021
:100FD0000000000000000000000000000000000011
:100FE0000000000000000000000000000000000001
:100FF00000000000000000000000000000000000F1
:1010000000000000000000000000000000000000E0
:1010100000000000000000000000000000000000D0
:1010200000000000000000000000000000000000C0
:1010300000000000000040FE0960FE6F60FECE6010
:10104000FEC460FE4900000060FE0A60FE7A60FE99
:10105000EE60FEFF60FEFF60FEFF60FEFF60FEFFD1
:1010600060FEFF60FEFF60FEFF60FEFF60FEFF604F
:10107000FEFF60FEFF60FEFF60FEFF60FEFF60FEA1
:10108000FF60FEFF60FEFF60FEEE60FE7A40FE093C
:1010900000000060FE4B60FEC460FED360FE758001
:1010A000FE0B000000000000000000000000000037
:1010B0000000000000000000000000000000000030
:1010C0000000000000000000000000000000000020
:1010D0000000000000000000000000000000000010
:1010E0000000000000000000000000000000000000
:1010F00000000000000000000000000000000000F0
:1011000000000000000000000000000000000000DF
:1011100000000000000000000000000000000000CF
:1011200000000000000000000000000080FE16A08B
:10113000FE1100000080FE1660FE9A60FEFA60FE5E
:10114000FF60FEFF60FEFF60FEFF60FEFF60FEFED0
:1011500060FEE560FEB760FE9160FE7E60FE776037
:10116000FE8660FEA260FEC760FEED60FEFF60FED0
:10117000FF60FEFF60FEFF60FEFF60FEF860FE990C
:1011800080FE1500000040FE1260FE19E0FF010025
:10119000000000000000000000000000000000004F
:1011A000000000000000000000000000000000003F
:1011B000000000000000000000000000000000002F
:1011C000000000000000000000000000000000001F
:1011D000000000000000000000000000000000000F
:1011E00000000000000000000000000000000000FF
:1011F00000000000000000000000000000000000EF
:1012000000000000000000000000000000000000DE
:1012100000000000000000000000000000000000CE
:101220000000A0FE0C60FE9960FEFF60FEFF60FE05
:10123000FF60FEFF60FEFF60FEFC60FEC060FE6AB5
:1012400060FE2C60FE0A00000000000000000000AC
:10125000000060FD0340FE1260FE3A60FE8E60FEFC
:10126000DF60FEFF60FEFF60FEFF60FEFF60FEFFCE
:1012700060FE9B80FE0B00000000000000000000EC
:10128000000000000000000000000000000000005E
:10129000000000000000000000000000000000004E
:1012A000000000000000000000000000000000003E
:1012B000000000000000000000000000000000002E
:1012C000000000000000000000000000000000001E
:1012D000000000000000000000000000000000000E
:1012E00000000000000000000000000000000000FE
:1012F00000000000000000000000000000000000EE
:10130000000000000000000000000000000000607D
:10131000FD0360FE7B60FEFB60FEFF60FEFF60FE83
:10132000FF60FEFF60FEE260FE7140FE1300000001
:1013300000000000000000000000000000000000AD
:10134000000000000000000000000000000060FE3F
:101350002D60FE9D60FEF660FEFF60FEFF60FEFFFA
:1013600060FEFA60FE7660FD0300000000000000F1
:10137000000000000000000000000000000000006D
:10138000000000000000000000000000000000005D
:10139000000000000000000000000000000000004D
:1013A000000000000000000000000000000000003D
:1013B000000000000000000000000000000000002D
:1013C000000000000000000000000000000000001D
:1013D000000000000000000000000000000000000D
:1013E00000000000000000000000000000000000FD
:1013F000000000000000000000000000000000608D
:10140000FE4C60FEEE60FEFF60FEFF60FEFF60FED1
:10141000FF60FECC60FE3D00000000000000000008
:1014200000000000000000000000000000000000BC
:1014300000000000000000000000000000000000AC
:101440000040FE0960FE6F60FEEE60FEFF60FEFF82
:1014500060FEFF60FEEC60FE4E0000000000000039
:10146000000000000000000000000000000000007C
:10147000000000000000000000000000000000006C
:10148000000000000000000000000000000000005C
:10149000000000000000000000000000000000004C
:1014A000000000000000000000000000000000003C
:1014B000000000000000000000000000000000002C
:1014C000000000000000000000000000000000001C
:1014D000000000000000000000000000000000000C
:1014E00000000000000000000000000060FE0F602F
:1014F000FEBB60FEFF60FEFF60FEFF60FEFF60FE61
:10150000CD80FE2F00000000000000000000000061
:1015100000000000000000000000000000000000CB
:1015200000000000000000000000000000000000BB
:101530000000000000000060FE6160FEF160FEFF40
:1015400060FEFF60FEFF60FEBC60FE0F000000005A
:10155000000000000000000000000000000000008B
:10156000000000000000000000000000000000007B
:10157000000000000000000000000000000000006B
:10158000000000000000000000000000000000005B
:10159000000000000000000000000000000000004B
:1015A000000000000000000000000000000000003B
:1015B000000000000000000000000000000000002B
:1015C000000000000000000000000000000000001B
:1015D00000000000000000000000000060FE5E60EF
:1015E000FEF860FEFF60FEFF60FEFF60FEE160FE51
:1015F0003A000000000000000000000000000000B1
:1016000000000000000000000000000000000000DA
:1016100000000000000000000000000000000000CA
:101620000000000000000060FD0360FE8160FEFC21
:1016300060FEFF60FEFF60FEF860FE6100000000DB
:10164000000000000000000000000000000000009A
:10165000000000000000000000000000000000008A
:10166000000000000000000000000000000000007A
:10167000000000000000000000000000000000006A
:10168000000000000000000000000000000000005A
:10169000000000000000000000000000000000004A
:1016A000000000000000000000000000000000003A
:1016B000000000000000000000000000000000002A
:1016C00000000000000000000080FE1060FEC3600B
:1016D000FEFF60FEFF60FEFF60FEFC60FE7100002A
:1016E00000000000000000000000000000000000FA
:1016F00000000000000000000000000000000000EA
:1017000000000000000000000000000000000000D9
:101710000000000000000000000040FE1360FEB862
:1017200060FEFF60FEFF60FEFF60FEC440FE120030
:1017300000000000000000000000000000000000A9
:101740000000000000000000000000000000000099
:101750000000000000000000000000000000000089
:101760000000000000000000000000000000000079
:101770000000000000000000000000000000000069
:101780000000000000000000000000000000000059
:101790000000000000000000000000000000000049
:1017A0000000000000000000000000000000000039
:1017B00000000000000000000040FE3960FEEE6006
:1017C000FEFF60FEFF60FEFF60FEC760FE140000CB
:1017D0000000000000000000000000000000000009
:1017E00000000000000000000000000000000000F9
:1017F00000000000000000000000000000000000E9
:101800000000000000000000000000000060FE4C2E
:1018100060FEF360FEFF60FEFF60FEF060FE4000D1
:1018200000000000000000000000000000000000B8
:1018300000000000000000000000000000000000A8
:101840000000000000000000000000000000000098
:101850000000000000000000000000000000000088
:101860000000000000000000000000000000000078
:101870000000000000000000000000000000000068
:101880000000000000000000000000000000000058
:101890000000000000000000000000000000000048
:1018A00000000000000000000060FE7760FEFF60A6
:1018B000FEFF60FEFF60FEFD60FE6D0000000000A8
:1018C0000000000000000000000000000000000018
:1018D0000000000000000000000000000000000008
:1018E00000000000000000000000000000000000F8
:1018F0000000000000000000000000000020FE0DBD
:1019000060FEB860FEFF60FEFF60FEFF60FE8200CA
:1019100000000000000000000000000000000000C7
:1019200000000000000000000000000000000000B7
:1019300000000000000000000000000000000000A7
:101940000000000000000000000000000000000097
:101950000000000000000000000000000000000087
:101960000000000000000000000000000000000077
:101970000000000000000000000000000000000067
:101980000000000000000000000000000000000057
:10199000000000000000E0FE0760FEB760FEFF6090
:1019A000FEFF60FEFF60FEE160FE27000000000019
:1019B0000000000000000000000000000000000027
:1019C0000000000000000000000000000000000017
:1019D0000000000000000000000000000000000007
:1019E00000000000000000000000000000000000F7
:1019F00060FE6E60FEFF60FEFF60FEFF60FEB4E012
:101A0000FE070000000000000000000000000000D1
:101A100000000000000000000000000000000000C6
:101A200000000000000000000000000000000000B6
:101A300000000000000000000000000000000000A6
:101A40000000000000000000000000000000000096
:101A50000000000000000000000000000000000086
:101A60000000E0FF0280FE1F60FE3860FE3A40FE8C
:101A70003940FE3940FE3960FE3A60FE3780FE167E
:101A800000000000000080FE1660FED160FEFF60D6
:101A9000FEFF60FEFF60FEB760FE0A00000000006F
:101AA0000000000000000000000000000000000036
:101AB0000000000000000000000000000000000026
:101AC0000000000000000000000000000000000016
:101AD0000000000000000000000000000000000006
:101AE00060FE3A60FEF160FEFF60FEFF60FECE60C9
:101AF000FE1400000000000060FE1460FE3560FE71
:101B00003A40FE3940FE3940FE3960FE3A40FE3927
:101B100080FE20E0FF020000000000000000000046
:101B200000000000000000000000000000000000B5
:101B300000000000000000000000000000000000A5
:101B40000000000000000000000000000000000095
:101B5000000060FE6060FEDC60FEEE60FEEE60FE97
:101B6000EE60FEEE60FEEE60FEEE60FEEE60FEC138
:101B700060FE3000000040FE2160FEDB60FEFF6082
:101B8000FEFF60FEFF60FE96000000000000000007
:101B90000000000000000000000000000000000045
:101BA0000000000000000000000000000000000035
:101BB0000000000000000000000000000000000025
:101BC0000000000000000000000000000000000015
:101BD00060FE1E60FED860FEFF60FEFF60FEDB4020
:101BE000FE2100000080FE2F60FEC060FEED60FE62
:101BF000EE60FEEE60FEEE60FEEE60FEEE60FEEE7B
:101C000060FED960FE5C00000000000000000000E3
:101C100000000000000000000000000000000000C4
:101C200000000000000000000000000000000000B4
:101C30000000000000000000000000000000004064
:101C4000FE1260FEC860FEFF60FEFF60FEFF60FEE9
:101C5000FF60FEFF60FEFF60FEFF60FEFF60FEFFB4
:101C600060FE9300000060FE2E60FEE860FEFF60F4
:101C7000FEFF60FEFF60FE7C000000000000000030
:101C80000000000000000000000000000000000054
:101C90000000000000000000000000000000000044
:101CA0000000000000000000000000000000000034
:101CB0000000000000000000000000000000000024
:101CC00080FE1060FECA60FEFF60FEFF60FEEB60FB
:101CD000FE3000000060FE9260FEFF60FEFF60FECE
:101CE000FF60FEFF60FEFF60FEFF60FEFF60FEFF24
:101CF00060FEFF60FECC40FE13000000000000000C
:101D000000000000000000000000000000000000D3
:101D100000000000000000000000000000000000C3
:101D20000000000000000000000000000000004073
:101D3000FE1360FECA60FEFF60FEFF60FEFF60FEF5
:101D4000FF60FEFF60FEFF60FEFF60FEFF60FEFFC3
:101D500060FE9300000080FE2F60FEE960FEFF60E1
:101D6000FEFF60FEFF60FE77000000000000000044
:101D70000000000000000000000000000000000063
:101D80000000000000000000000000000000000053
:101D90000000000000000000000000000000000043
:101DA0000000000000000000000000000000000033
:101DB00040FE0E60FEC860FEFF60FEFF60FEE76052
:101DC000FE2D00000060FE9560FEFF60FEFF60FEDD
:101DD000FF60FEFF60FEFF60FEFF60FEFF60FEFF33
:101DE00060FEFF60FECA40FE13000000000000001D
:101DF00000000000000000000000000000000000E3
:101E000000000000000000000000000000000000D2
:101E100000000000000000000000000000000000C2
:101E2000000060FE5960FEDC60FEEE60FEEE60FECB
:101E3000EE60FEEE60FEEE60FEEE60FEEE60FEC165
:101E400080FE2F00000040FE2160FEDB60FEFF6090
:101E5000FEFF60FEFF60FE85000000000000000045
:101E60000000000000000000000000000000000072
:101E70000000000000000000000000000000000062
:101E80000000000000000000000000000000000052
:101E90000000000000000000000000000000000042
:101EA00080FE1660FED160FEFF60FEFF60FEDB403C
:101EB000FE2100000060FE3160FEBE60FEED60FEAF
:101EC000EE60FEEE60FEEE60FEEE60FEEE60FEEEA8
:101ED00060FEDD60FE5C000000000000000000000D
:101EE00000000000000000000000000000000000F2
:101EF00000000000000000000000000000000000E2
:101F000000000000000000000000000000000000D1
:101F10000000E0FF0260FE2260FE3860FE3A40FEF4
:101F20003940FE3940FE3960FE3A60FE3780FE16C9
:101F300000000000000060FE1460FECE60FEFF6046
:101F4000FEFF60FEFF60FEA1E0FF02000000000057
:101F50000000000000000000000000000000000081
:101F60000000000000000000000000000000000071
:101F70000000000000000000000000000000000061
:101F80000000000000000000000000000000000051
:101F900060FE2860FEE360FEFF60FEFF60FECE4054
:101FA000FE1300000000000040FE1360FE3560FEDE
:101FB0003A40FE3940FE3940FE3960FE3A40FE3973
:101FC00060FE22E0FF0200000000000000000000B0
:101FD0000000000000000000000000000000000001
:101FE00000000000000000000000000000000000F1
:101FF00000000000000000000000000000000000E1
:1020000000000000000000000000000000000000D0
:1020100000000000000000000000000000000000C0
:10202000000000000000E0FE0760FEB760FEFF60F9
:10203000FEFF60FEFF60FEC960FE140000000000AD
:102040000000000000000000000000000000000090
:102050000000000000000000000000000000000080
:102060000000000000000000000000000000000070
:102070000000000000000000000000000000000060
:1020800060FE4B60FEF860FEFF60FEFF60FEB3A0E6
:10209000FE0600000000000000000000000000003C
:1020A0000000000000000000000000000000000030
:1020B0000000000000000000000000000000000020
:1020C0000000000000000000000000000000000010
:1020D0000000000000000000000000000000000000
:1020E00000000000000000000000000000000000F0
:1020F00000000000000000000000000000000000E0
:1021000000000000000000000000000000000000CF
:1021100000000000000000000060FE7960FEFF602B
:10212000FEFF60FEFF60FEF060FE3F00000000006A
:10213000000000000000000000000000000000009F
:10214000000000000000000000000000000000008F
:10215000000000000000000000000000000000007F
:10216000000000000000000000000000000000006F
:1021700060FE8E60FEFF60FEFF60FEFF60FE750089
:10218000000000000000000000000000000000004F
:10219000000000000000000000000000000000003F
:1021A000000000000000000000000000000000002F
:1021B000000000000000000000000000000000001F
:1021C000000000000000000000000000000000000F
:1021D00000000000000000000000000000000000FF
:1021E00000000000000000000000000000000000EF
:1021F00000000000000000000000000000000000DF
:1022000000000000000000000060FE3A60FEED608B
:10221000FEFF60FEFF60FEFF60FE8DE0FF0100003C
:1022200000000000000000000000000000000000AE
:10223000000000000000000000000000000000009E
:10224000000000000000000000000000000000008E
:102250000000000000000000000000000080FE20E0
:1022600060FED560FEFF60FEFF60FEED60FE3600A2
:10227000000000000000000000000000000000005E
:10228000000000000000000000000000000000004E
:10229000000000000000000000000000000000003E
:1022A000000000000000000000000000000000002E
:1022B000000000000000000000000000000000001E
:1022C000000000000000000000000000000000000E
:1022D00000000000000000000000000000000000FE
:1022E00000000000000000000000000000000000EE
:1022F00000000000000000000060FE0F60FEBE60F5
:10230000FEFF60FEFF60FEFF60FEE080FE2F00002B
:1023100000000000000000000000000000000000BD
:1023200000000000000000000000000000000000AD
:10233000000000000000000000000000000000009D
:102340000000000000000000000000000060FE76B9
:1023500060FEFE60FEFF60FEFF60FEC840FE1300F0
:10236000000000000000000000000000000000006D
:10237000000000000000000000000000000000005D
:10238000000000000000000000000000000000004D
:10239000000000000000000000000000000000003D
:1023A000000000000000000000000000000000002D
:1023B000000000000000000000000000000000001D
:1023C000000000000000000000000000000000000D
:1023D00000000000000000000000000000000000FD
:1023E00000000000000000000000000060FE5F60D0
:1023F000FEF860FEFF60FEFF60FEFF60FEA080FE54
:102400000B000000000000000000000000000000C1
:1024100000000000000000000000000000000000BC
:1024200000000000000000000000000000000000AC
:102430000000000000000000000060FE3360FEDECF
:1024400060FEFF60FEFF60FEFA60FE6200000000BA
:10245000000000000000000000000000000000007C
:10246000000000000000000000000000000000006C
:10247000000000000000000000000000000000005C
:10248000000000000000000000000000000000004C
:10249000000000000000000000000000000000003C
:1024A000000000000000000000000000000000002C
:1024B000000000000000000000000000000000001C
:1024C000000000000000000000000000000000000C
:1024D00000000000000000000000000040FE12604C
:1024E000FEBA60FEFF60FEFF60FEFF60FEF660FE6B
:1024F0006FE0FF020000000000000000000000008C
:1025000000000000000000000000000000000000CB
:1025100000000000000000000000000000000000BB
:102520000000000000000060FE1960FEB460FEFFC5
:1025300060FEFF60FEFF60FEB960FE0F000000005D
:10254000000000000000000000000000000000008B
:10255000000000000000000000000000000000007B
:10256000000000000000000000000000000000006B
:10257000000000000000000000000000000000005B
:10258000000000000000000000000000000000004B
:10259000000000000000000000000000000000003B
:1025A000000000000000000000000000000000002B
:1025B000000000000000000000000000000000001B
:1025C00000000000000000000000000000000060AB
:1025D000FE4B60FEEE60FEFF60FEFF60FEFF60FEF1
:1025E000ED60FE6460FE05000000000000000000D9
:1025F00000000000000000000000000000000000DB
:1026000000000000000000000000000000000000CA
:102610000000000060FE1960FEAA60FEFF60FEFF81
:1026200060FEFF60FEEF60FE4C0000000000000056
:10263000000000000000000000000000000000009A
:10264000000000000000000000000000000000008A
:10265000000000000000000000000000000000007A
:10266000000000000000000000000000000000006A
:10267000000000000000000000000000000000005A
:10268000000000000000000000000000000000004A
:10269000000000000000000000000000000000003A
:1026A000000000000000000000000000000000002A
:1026B00000000000000000000000000000000060BA
:1026C000FD0360FE7960FEF960FEFF60FEFF60FEC4
:1026D000FF60FEF060FE82A0FE110000000000001E
:1026E00000000000000000000000000000000000EA
:1026F00000000000000000000000000000000000DA
:102700000060FE3160FEB660FEFF60FEFF60FEFF0F
:1027100060FEFB60FE7C00FE040000000000000084
:1027200000000000000000000000000000000000A9
:102730000000000000000000000000000000000099
:102740000000000000000000000000000000000089
:102750000000000000000000000000000000000079
:102760000000000000000000000000000000000069
:102770000000000000000000000000000000000059
:102780000000000000000000000000000000000049
:102790000000000000000000000000000000000039
:1027A0000000000000000000000000000000000029
:1027B000000080FE0B60FE9860FEFE60FEFF60FE83
:1027C000FF60FEFF60FEFC60FEB460FE49A0FE0CF0
:1027D00000000000000000000000000000000000F9
:1027E000000000000000000000000040FE1C60FE31
:1027F0007060FEDF60FEFF60FEFF60FEFF60FEFFB8
:1028000060FE9680FE0B000000000000000000004B
:1028100000000000000000000000000000000000B8
:1028200000000000000000000000000000000000A8
:102830000000000000000000000000000000000098
:102840000000000000000000000000000000000088
:102850000000000000000000000000000000000078
:102860000000000000000000000000000000000068
:102870000000000000000000000000000000000058
:102880000000000000000000000000000000000048
:10289000000000000000000000E0FF0140FE178083
:1028A000FE1000000080FE1560FE9C60FEF960FED8
:1028B000FF60FEFF60FEFF60FEFF60FEF160FEB99C
:1028C00060FE7460FE3A40FE2040FE1240FE0E8024
:1028D000FE1680FE2560FE4960FE8960FED360FE24
:1028E000FC60FEFF60FEFF60FEFF60FEFA60FE958A
:1028F00080FE1500000020FE0D80FE15E0FF0100A7
:1029000000000000000000000000000000000000C7
:1029100000000000000000000000000000000000B7
:1029200000000000000000000000000000000000A7
:102930000000000000000000000000000000000097
:102940000000000000000000000000000000000087
:102950000000000000000000000000000000000077
:102960000000000000000000000000000000000067
:102970000000000000000000000000000000000057
:1029800000000000000040FE0960FE7A60FED26098
:10299000FEC560FE50000000A0FE0C60FE7960FEE7
:1029A000EE60FEFF60FEFF60FEFF60FEFF60FEFF68
:1029B00060FEFF60FEF060FEDA60FECC60FEC86084
:1029C000FED160FEE060FEF660FEFF60FEFF60FE8E
:1029D000FF60FEFF60FEFF60FEF160FE7A60FE0AAF
:1029E00000000060FE4060FEBB60FECE60FE730033
:1029F000FE080000000000000000000000000000D1
:102A000000000000000000000000000000000000C6
:102A100000000000000000000000000000000000B6
:102A200000000000000000000000000000000000A6
:102A30000000000000000000000000000000000096
:102A40000000000000000000000000000000000086
:102A50000000000000000000000000000000000076
:102A60000000000000000000000000000000000066
:102A700000000040FE0960FE8760FEFB60FEFF6014
:102A8000FEFF60FEC4A0FE1100000060FD0360FEBA
:102A90004C60FEC060FEF960FEFF60FEFF60FEFF5E
:102AA00060FEFF60FEFF60FEFF60FEFF60FEFF60F5
:102AB000FEFF60FEFF60FEFF60FEFF60FEFF60FE47
:102AC000FF60FEF960FEBD60FE5200FE04000000E3
:102AD00060FE0A60FEB860FEFF60FEFF60FEF86008
:102AE000FE7F00FE08000000000000000000000063
:102AF00000000000000000000000000000000000D6
:102B000000000000000000000000000000000000C5
:102B100000000000000000000000000000000000B5
:102B200000000000000000000000000000000000A5
:102B30000000000000000000000000000000000095
:102B40000000000000000000000000000000000085
:102B50000000000000000000000000000000000075
:102B600040FE0960FE8860FEFB60FEFF60FEFF60C5
:102B7000FEFF60FED140FE170000000000000000D4
:102B80000080FE1560FE6460FEBF60FEED60FEFF2B
:102B900060FEFF60FEFF60FEFF60FEFF60FEFF6004
:102BA000FEFF60FEFF60FEFF60FEFF60FEEF60FE66
:102BB000C060FE5EA0FE11000000000000000000EA
:102BC00040FE1260FECB60FEFF60FEFF60FEFF6015
:102BD000FEF760FE8000FE0800000000000000001C
:102BE00000000000000000000000000000000000E5
:102BF00000000000000000000000000000000000D5
:102C000000000000000000000000000000000000C4
:102C100000000000000000000000000000000000B4
:102C200000000000000000000000000000000000A4
:102C30000000000000000000000000000000000094
:102C40000000000000000000000000000040FE093D
:102C500060FE8760FEFB60FEFF60FEFF60FEFF60BF
:102C6000FEF960FE78E0FF010000000000000000B7
:102C70000000000000000060FE0F60FE3A60FE7978
:102C800060FEB760FED060FEDC60FEE960FEEB60D7
:102C9000FEDD60FECF60FEBB60FE7C60FE3C60FE41
:102CA0000F00000000000000000000000000000015
:102CB000E0FF0160FE7360FEF860FEFF60FEFF60F3
:102CC000FEFF60FEF760FE7F00FE080000000000CF
:102CD00000000000000000000000000000000000F4
:102CE00000000000000000000000000000000000E4
:102CF00000000000000000000000000000000000D4
:102D000000000000000000000000000000000000C3
:102D100000000000000000000000000000000000B3
:102D200000000000000000000000000000000000A3
:102D30000000000000000000000040FE0960FE8866
:102D400060FEFB60FEFF60FEFF60FEFF60FEF8605D
:102D5000FE87A0FE0C000000000000000000000044
:102D60000000000000000000000000000000000063
:102D7000E0FE0780FE1660FE2280FE2F60FE3060BF
:102D8000FE2360FE1400FE080000000000000000AA
:102D90000000000000000000000000000000000033
:102DA00000000000FE0860FE7F60FEF760FEFF602E
:102DB000FEFF60FEFF60FEF760FE8000FE08000080
:102DC0000000000000000000000000000000000003
:102DD00000000000000000000000000000000000F3
:102DE00000000000000000000000000000000000E3
:102DF00000000000000000000000000000000000D3
:102E000000000000000000000000000000000000C2
:102E100000000000000000000000000000000000B2
:102E20000000000000000000000060FE6F60FEFB7C
:102E300060FEFF60FEFF60FEFF60FEF860FE88A09F
:102E4000FE0C000000000000000000000000000078
:102E50000000000000000000000000000000000072
:102E60000000000000000000000000000000000062
:102E70000000000000000000000000000000000052
:102E80000000000000000000000000000000000042
:102E900000000000000000FE0860FE8060FEF76099
:102EA000FEFF60FEFF60FEFF60FEF760FE6B00004D
:102EB0000000000000000000000000000000000012
:102EC0000000000000000000000000000000000002
:102ED00000000000000000000000000000000000F2
:102EE00000000000000000000000000000000000E2
:102EF00000000000000000000000000000000000D2
:102F000000000000000000000000000000000000C1
:102F10000000000000000060FE0A60FEB660FEFFD8
:102F200060FEFF60FEFF60FEF860FE87A0FE0C0002
:102F30000000000000000000000000000000000091
:102F40000000000000000000000000000000000081
:102F500000000000000060FE3260FE9560FE91609F
:102F6000FE33000000000000000000000000000030
:102F70000000000000000000000000000000000051
:102F800000000000000000000000FE0860FE7F60FE
:102F9000FEF760FEFF60FEFF60FEFF60FEBBA0FE6E
:102FA0000C00000000000000000000000000000015
:102FB0000000000000000000000000000000000011
:102FC0000000000000000000000000000000000001
:102FD00000000000000000000000000000000000F1
:102FE00000000000000000000000000000000000E1
:102FF00000000000000000000000000000000000D1
:103000000000000000000060FD0360FE9560FEFF10
:1030100060FEFF60FEF860FE88A0FE0C000000006D
:1030200000000000000000000000000000000000A0
:103030000000000000000000000000000000000090
:1030400000000060FE1460FEC160FEFF60FEFF60D5
:10305000FEC280FE1500000000000000000000001D
:103060000000000000000000000000000000000060
:1030700000000000000000000000000000FE0860EA
:10308000FE8060FEF760FEFF60FEFF60FE9A60FE5D
:10309000050000000000000000000000000000002B
:1030A0000000000000000000000000000000000020
:1030B0000000000000000000000000000000000010
:1030C0000000000000000000000000000000000000
:1030D00000000000000000000000000000000000F0
:1030E00000000000000000000000000000000000E0
:1030F0000000000000000000000060FE2460FE9C54
:1031000060FEBB60FE6C80FE0B0000000000000053
:1031100000000000000000000000000000000000AF
:10312000000000000000000000000000000000009F
:1031300000000060FE3560FEED60FEFF60FEFF6097
:10314000FEEC40FE34000000000000000000000023
:10315000000000000000000000000000000000006F
:10316000000000000000000000000000000000005F
:10317000FE0860FE6B60FEB660FE9D60FE240000EF
:10318000000000000000000000000000000000003F
:10319000000000000000000000000000000000002F
:1031A000000000000000000000000000000000001F
:1031B000000000000000000000000000000000000F
:1031C00000000000000000000000000000000000FF
:1031D00000000000000000000000000000000000EF
:1031E0000000000000000000000000000060FE057C
:1031F000A0FE0C0000000000000000000000000025
:1032000000000000000000000000000000000000BE
:1032100000000000000000000000000000000000AE
:1032200000000060FE3A60FEEE60FEFF60FEFF60A0
:10323000FEEE60FE3A00000000000000000000000A
:10324000000000000000000000000000000000007E
:10325000000000000000000000000000000000006E
:10326000000000000060FE0A60FE05000000000093
:10327000000000000000000000000000000000004E
:10328000000000000000000000000000000000003E
:10329000000000000000000000000000000000002E
:1032A000000000000000000000000000000000001E
:1032B000000000000000000000000000000000000E
:1032C00000000000000000000000000000000000FE
:1032D00000000000000000000000000000000000EE
:1032E00000000000000000000000000000000000DE
:1032F00000000000000000000000000000000000CE
:1033000000000000000000000000000000000000BD
:1033100000000040FE3960FEEE60FEFF60FEFF60D0
:10332000FEEE40FE3900000000000000000000003A
:10333000000000000000000000000000000000008D
:10334000000000000000000000000000000000007D
:10335000000000000000000000000000000000006D
:10336000000000000000000000000000000000005D
:10337000000000000000000000000000000000004D
:10338000000000000000000000000000000000003D
:10339000000000000000000000000000000000002D
:1033A000000000000000000000000000000000001D
:1033B000000000000000000000000000000000000D
:1033C00000000000000000000000000000000000FD
:1033D00000000000000000000000000000000000ED
:1033E00000000000000000000000000000000000DD
:1033F00000000000000000000000000000000000CD
:1034000000000040FE3960FEEE60FEFF60FEFF60DF
:10341000FEEE40FE39000000000000000000000049
:10342000000000000000000000000000000000009C
:10343000000000000000000000000000000000008C
:10344000000000000000000000000000000000007C
:10345000000000000000000000000000000000006C
:10346000000000000000000000000000000000005C
:10347000000000000000000000000000000000004C
:10348000000000000000000000000000000000003C
:10349000000000000000000000000000000000002C
:1034A000000000000000000000000000000000001C
:1034B000000000000000000000000000000000000C
:1034C00000000000000000000000000000000000FC
:1034D00000000000000000000000000000000000EC
:1034E00000000000000000000000000000000000DC
:1034F00000000040FE3960FEEE60FEFF60FEFF60EF
:10350000FEEE40FE39000000000000000000000058
:1035100000000000000000000000000000000000AB
:10352000000000000000000000000000000000009B
:10353000000000000000000000000000000000008B
:10354000000000000000000000000000000000007B
:10355000000000000000000000000000000000006B
:10356000000000000000000000000000000000005B
:10357000000000000000000000000000000000004B
:10358000000000000000000000000000000000003B
:10359000000000000000000000000000000000002B
:1035A000000000000000000000000000000000001B
:1035B000000000000000000000000000000000000B
:1035C00000000000000000000000000000000000FB
:1035D00000000000000000000000000000000000EB
:1035E00000000060FE3A60FEEE60FEFF60FEFF60DD
:1035F000FEEE60FE3A000000000000000000000047
:1036000000000000000000000000000000000000BA
:1036100000000000000000000000000000000000AA
:10362000000000000000000000000000000000009A
:10363000000000000000000000000000000000008A
:10364000000000000000000000000000000000007A
:10365000000000000000000000000000000000006A
:10366000000000000000000000000000000000005A
:10367000000000000000000000000000000000004A
:10368000000000000000000000000000000000003A
:10369000000000000000000000000000000000002A
:1036A000000000000000000000000000000000001A
:1036B000000000000000000000000000000000000A
:1036C00000000000000000000000000000000000FA
:1036D00000000060FE3560FEED60FEFF60FEFF60F2
:1036E000FEEE60FE38000000000000000000000058
:1036F00000000000000000000000000000000000CA
:1037000000000000000000000000000000000000B9
:1037100000000000000000000000000000000000A9
:103720000000000000000000000000000000000099
:103730000000000000000000000000000000000089
:103740000000000000000000000000000000000079
:103750000000000000000000000000000000000069
:103760000000000000000000000000000000000059
:103770000000000000000000000000000000000049
:103780000000000000000000000000000000000039
:103790000000000000000000000000000000000029
:1037A0000000000000000000000000000000000019
:1037B0000000000000000000000000000000000009
:1037C00000000040FE2060FEDA60FEFF60FEFF6049
:1037D000FED960FE1E000000000000000000000096
:1037E00000000000000000000000000000000000D9
:1037F00000000000000000000000000000000000C9
:1038000000000000000000000000000000000000B8
:1038100000000000000000000000000000000000A8
:103820000000000000000000000000000000000098
:103830000000000000000000000000000000000088
:103840000000000000000000000000000000000078
:103850000000000000000000000000000000000068
:103860000000000000000000000000000000000058
:103870000000000000000000000000000000000048
:103880000000000000000000000000000000000038
:103890000000000000000000000000000000000028
:1038A0000000000000000000000000000000000018
:1038B000000000E0FF0260FE5760FECD60FECC60BD
:1038C000FE5BE0FF010000000000000000000000BF
:1038D00000000000000000000000000000000000E8
:1038E00000000000000000000000000000000000D8
:1038F00000000000000000000000000000000000C8
:1039000000000000000000000000000000000000B7
:1039100000000000000000000000000000000000A7
:103920000000000000000000000000000000000097
:103930000000000000000000000000000000000087
:103940000000000000000000000000000000000077
:103950000000000000000000000000000000000067
:103960000000000000000000000000000000000057
:103970000000000000000000000000000000000047
:103980000000000000000000000000000000000037
:103990000000000000000000000000000000000027
:1039A00000000000000000000060FE1440FE130054
:1039B0000000000000000000000000000000000007
:1039C00000000000000000000000000000000000F7
:1039D00000000000000000000000000000000000E7
:1039E00000000000000000000000000000000000D7
:1039F00000000000000000000000000000000000C7
:103A000000000000000000000000000000000000B6
:103A100000000000000000000000000000000000A6
:103A20000000000000000000000000000000000096
:103A30000000000000000000000000000000000086
:103A40000000000000000000000000000000000076
:103A50000000000000000000000000000000000066
:103A60000000000000000000000000000000000056
:103A70000000000000000000000000000000000046
:103A80000000000000000000000000000000000036
:103A90000000000000000000000000000000000026
:103AA0000000000000000000000000000000000016
:103AB0000000000000000000000000000000000006
:103AC00000000000000000000000000000000000F6
:103AD00000000000000000000000000000000000E6
:103AE00000000000000000000000000000000000D6
:103AF00000000000000000000000000000000000C6
:103B000000000000000000000000000000000000B5
:103B100000000000000000000000000000000000A5
:103B20000000000000000000000000000000000095
:103B30000000000000000000000000000000000085
:103B40000000000000000000000000000000000075
:103B50000000000000000000000000000000000065
:103B60000000000000000000000000000000000055
:103B70000000000000000000000000000000000045
:103B80000000000000000000000000000000000035
:103B90000000000000000000000000000000000025
:103BA0000000000000000000000000000000000015
:103BB0000000000000000000000000000000000005
:103BC00000000000000000000000000000000000F5
:103BD00000000000000000000000000000000000E5
:103BE00000000000000000000000000000000000D5
:103BF00000000000000000000000000000000000C5
:103C000000000000000000000000000000000000B4
:103C100000000000000000000000000000000000A4
:103C20000000000000000000000000000000000094
:103C30000000000000000000000000000000000084
:103C40000000000000000000000000000000000074
:103C50000000000000000000000000000000000064
:103C60000000000000000000000000000000000054
:103C70000000000000000000000000000000000044
:103C80000000000000000000000000000000000034
:103C90000000000000000000000000000000000024
:103CA0000000000000000000000000000000000014
:103CB0000000000000000000000000000000000004
:103CC00000000000000000000000000000000000F4
:103CD00000000000000000000000000000000000E4
:103CE00000000000000000000000000000000000D4
:103CF00000000000000000000000000000000000C4
:103D000000000000000000000000000000000000B3
:103D100000000000000000000000000000000000A3
:103D20000000000000000000000000000000000093
:103D30000000000000000000000000000000000083
:103D40000000000000000000000000000000000073
:103D50000000000000000000000000000000000063
:103D60000000000000000000000000000000000053
:103D70000000000000000000000000000000000043
:103D80000000000000000000000000000000000033
:103D90000000000000000000000000000000000023
:103DA0000000000000000000000000000000000013
:103DB0000000000000000000000000000000000003
:103DC00000000000000000000000000000000000F3
:103DD00000000000000000000000000000000000E3
:103DE00000000000000000000000000000000000D3
:103DF00000000000000000000000000000000000C3
:103E000000000000000000000000000000000000B2
:103E100000000000000000000000000000000000A2
:103E20000000000000000000000000000000000092
:103E30000000000000000000000000000000000082
:103E40000000000000000000000000000000000072
:103E50000000000000000000000000000000000062
:103E60000000000000000000000000000000000052
:103E70000000000000000000000000000000000042
:103E80000000000000000000000000000000000032
:103E90000000000000000000000000000000000022
:103EA0000000000000000000000000000000000012
:103EB0000000000000000000000000000000000002
:103EC00000000000000000000000000000000000F2
:103ED00000000000000000000000000000000000E2
:103EE00000000000000000000000000000000000D2
:103EF00000000000000000000000000000000000C2
:103F000000000000000000000000000000000000B1
:103F100000000000000000000000000000000000A1
:103F20000000000000000000000000000000000091
:103F30000000000000000000000000000000000081
:103F40000000000000000000000000000000000071
:103F50000000000000000000000000000000000061
:103F60000000000000000000000000000000000051
:103F70000000000000000000000000000000000041
:103F80000000000000000000000000000000000031
:103F90000000000000000000000000000000000021
:103FA0000000000000000000000000000000000011
:103FB0000000000000000000000000000000000001
:103FC00000000000000000000000000000000000F1
:103FD00000000000000000000000000000000000E1
:103FE00000000000000000000000000000000000D1
:103FF00000000000000000000000000000000000C1
:1040000000000000000000000000000000000000B0
:1040100000000000000000000000000000000000A0
:104020000000000000000000000000000000000090
:104030000000000000000000000000000000000080
:104040000000000000000000000000000000000070
:104050000000000000000000000000000000000060
:104060000000000000000000000000000000000050
:104070000000000000000000000000000000000040
:104080000000000000000000000000000000000030
:104090000000000000000000000000000000000020
:1040A0000000000000000000000000000000000010
:1040B0000000000000000000000000000000000000
:1040C00000000000000000000000000000000000F0
:1040D00000000000000000000000000000000000E0
:1040E00000000000000000000000000000000000D0
:1040F00000000000000000000000000000000000C0
:1041000000000000000000000000000000000000AF
:10411000000000000000000000000000000000009F
:10412000000000000000000000000000000000008F
:10413000000000000000000000000000000000007F
:10414000000000000000000000000000000000006F
:10415000000000000000000000000000000000005F
:10416000000000000000000000000000000000004F
:10417000000000000000000000000000000000003F
:10418000000000000000000000000000000000002F
:10419000000000000000000000000000000000001F
:1041A000000000000000000000000000000000000F
:1041B00000000000000000000000000000000000FF
:1041C00000000000000000000000000000000000EF
:1041D00000000000000000000000000000000000DF
:1041E00000000000000000000000000000000000CF
:1041F00000000000000000000000000000000000BF
:1042000000000000000000000000000000000000AE
:10421000000000000000000000000000000000009E
:10422000000000000000000000000000000000008E
:10423000000000000000000000000000000000007E
:10424000000000000000000000000000000000006E
:10425000000000000000000000000000000000005E
:10426000000000000000000000000000000000004E
:10427000000000000000000000000000000000003E
:10428000000000000000000000000000000000002E
:10429000000000000540010A004B000094F70308ED
:1042A000001AEFB20001EFA9FF2009F5004FA00F9F
:1042B000D0000CF02F900008F34F800006F53F80EF
:1042C0000007F52F900008F30EE0000CF109F5004F
:1042D0004FA001EFAAFF20002AFFB200003AF44EDF
:1042E000FFF43B78F40006F40006F40006F4000640
:1042F000F40006F40006F40006F40006F40006F4E8
:104300000006F40019EFD60001EFA9EF6009F400F0
:104310001EE00690000BF00000001FD0000003EF2D
:104320004000008FD300000BF8000000CE300000EA
:1043300008F30000000FEAAAAAA30FFFFFFFF40092
:104340005CFEB3007FD89EF409A0002FA0000003FC
:10435000F800058AFD1000BFFE40000003CF5000AA
:104360000000FC0300000DE3FA0002FB0AFD9AFFC7
:104370003006CFFB40000004FC0000002EFC0000D3
:1043800000CBBC000009E1CC00006F50CC0002F96A
:1043900000CC000DD000CC008FB888EE85AFFFFFB9
:1043A000FFFA000000CC00000000CC00000000CCB0
:1043B0000000FFFFFFA001FC99995003F5000000E9
:1043C00005F201000007F9FFF80009FD66BF80044F
:1043D00080000CF000000008F300000008F209D192
:1043E000001ED006FE99EF50004BFFC400005CFE9B
:1043F00091007FC8AFD02FA0003408F1010000CD9C
:104400006EFF900EFF85AF90EF5000BF1DF00006CD
:10441000F4AF10006F45F9000CF00BFC9DF700089D
:10442000EFD6001FFFFFFFF20AAAAAAFE0000000CC
:104430005F60000000DC00000006F40000000ED009
:104440000000006F50000000DF00000003F90000D2
:104450000009F30000000EF00000003FB000000073
:104460004BEFC50005FD77DF700DF1000EF00EC0BB
:10447000000BF008F3001E90008F88E70001BFA931
:10448000FD200DE1001DE13F800006F52FB0000A80
:10449000F40BFD88DFC0007CFFD700006DFE9100AB
:1044A00007FD8AFD000FD0005F602F80000EC02F37
:1044B00090001FE00CF734CFF001CFFFCCF00002EA
:1044C000430DE00000001FA0098000AF400BFB8CF3
:1044D000F900008EFD6000000000000000000000F8
:1044E00003F300000000000009F66666666620001F
:1044F0001FEEEEFFEEEE5000AF2000F800000006C9
:10450000F70000F800000007A5FFFFFFFFFB000019
:1045100005F544FA4443000005F100F800000000EE
:1045200005F100F80000001FFFFFFFFFFFFFF5058A
:10453000555555FA55555100000000F8000000008F
:10454000000000F800000000000000F80000000378
:1045500033333333304FFFFFFFFFF44F4222222526
:10456000F44F30000003F44F30000003F44F3000EC
:104570000003F44FFFFFFFFFF44F75555557F44FFD
:1045800030000003F44F30000003F44F300000030C
:10459000F44F75555557F44FFFFFFFFFF43E2000D1
:1045A0000003E30007FFFFFFFFF40007F444444665
:1045B000F40007F0000003F40007F0000003F4002B
:1045C00007FFFFFFFFF40007F3333336F40008F072
:1045D000000003F40009F4444446F4000BFFFFFF1D
:1045E000FFF4000EA0000003F4003F60000003F49D
:1045F00000AF10000003F406F900006768F30DD067
:1046000000007EFFC002100000000000000000005B
:104610000000000000005004000000000000100A2C
:104620000A0C00003C00100A060D01006300100A8D
:104630000A0C00009F00100A090C0000D500100AA7
:104640000A0C00001101100A0A0C00004D01100AAA
:10465000090C01008301100A0A0C0000BF01100AB6
:104660000A0C0000FB01100A0A0C000037020010BF
:10467000100F00FFAF0200100C0E02FF030300102A
:104680000E0F00FE000010001100120013001400B5
:1046900015001600170018001900545EC565E8667D
:1046A00020000000E96601008446040800000000C4
:1046B0000E000300A04204080C460408A0460408AB
:1046C0000000000000000108BCC001207DB9010805
:1046D000A1B801081000020000FF0100B446040860
:1046E000000000000000000000380236023182188D
:1046F000C30C610631031980D980388E008D80CCBF
:104700006046304318418C60C62036200E000F03EF
:104710000C606606C02C03C03C03C03C03C03C03D5
:1047200040260660630C0F000DFEC30C30C30C3036
:10473000C30C30C30C1F06398360340600C0380E2A
:104740000380E0380C0300C0180600FFE01F0E399C
:1047500081A0300600C0300C1E003003003006007F
:10476000F03B0E3F0000E003801E00D80660198079
:10477000C606181860C186061818FFFC01800600DE
:104780001800607FCC0180200401803006F8E1D859
:10479000180180300600F0370C3F000F861881307A
:1047A00004018033C68EE0D80F01E03C0680D8318A
:1047B0008C1F00FFE00C030040180300C018060027
:1047C000C0300600C0300600C018001F071CE0EC17
:1047D00006C06C0660C7181E031C606C03C03C0357
:1047E000C0770E1F801F0E3183602C0780F01F07DB
:1047F00071E3CC0180300401B0230C3E00F0000FC7
:104800007811C40F00700011000221F844E1C73094
:104810000C0C0181800030000C000180003000068B
:104820000000E0000C00C18030180601C3800FC0FA
:10483000FC0000FC0000000000000000000030064A
:104840000101000001009013111101002600800EEB
:104850000C1101004000800E061103004D00800E77
:104860000B1102006500800E0B1101007D00800E0F
:104870000E1100009B00800E0B110200B300800E91
:104880000B110200CB00800E0B110200E300800E22
:104890000C110100FD00800E0B11010015016007D5
:1048A000020C02001801D00D0B0301061D010017B8
:1048B0001312010148010017030A0A040000050051
:1048C000100011001200130014001500160017004C
:1048D000180019001A005E00E320FAFE2000000014
:1048E000FBFE0100BC4804080000000010000300AB
:1048F000E846040834480408DC48040800000000C6
:10490000000001022C0000207DB90108A1B80108B7
:104910001300000000FE0200F04804080000000040
:104920000000000000780998233086610CC41990BB
:104930001E60009C026C0D8C131846310C620D88B1
:104940000E0000F01E0CC61986C0F03C0F03C0F02C
:104950003C0D86618CC1E00DFEC30C30C30C30C32E
:104960000C30C31F18640F0300C030180C0E07036F
:10497000018040300FFC1F18640C0300C061E00E82
:1049800001C0300D03C0D861F001C01C02C06C0C26
:10499000C08C18C30C60C60CFFF00C00C00C00C02B
:1049A0007F9004010040378E3B0600C0300C03C1ED
:1049B00098E3E01F0C660100C033CF1B86C0F03CBB
:1049C0000D03618C61E0FFC03018060300C0601861
:1049D0000C03008060180603003F186C0F03C0DC56
:1049E000E1E0CC61B03C0F03C0D863F03E18CE1BB1
:1049F00002C0F03C1D873EC0300C064198C3E070F9
:104A0000004418227F9170E77030300C3800180095
:104A10000C0006000300008030601818180E180102
:104A2000F8008010430C218211818880044002012B
:104A3000FFFF06200310018800C4004208610460E3
:104A4000826043E03F0000000040001003FFF88454
:104A50002021080FFFE21080842021F8080002FFC7
:104A6000E08C1021881834040701073C5E03806342
:104A7000FF08C0C333304C8C037B30F3C63030CFDB
:104A8000FC00000000003FF8492612498892662485
:104A9000990926CFFFC063FF0C8041201008040352
:104AA000FF30804620108FFC00480012014488D956
:104AB00026324908D2C634810120CFFFC000007CD5
:104AC000FF910424410910C244609131E7C00111F3
:104AD000FE44409110244409F1FE00000888C2639E
:104AE000198842C318E080000000000000000000A8
:104AF0000000600501010000010000110F1001FF1E
:104B00001F005005020202002000A00C0A0F010045
:104B10003300A00C061002003F00A00C0A0F010099
:104B20005200A00C0A0F01006500A00C0C0F000041
:104B30007C00A00C0A0F02008F00A00C0A0F0200DC
:104B4000A200A00C0A0F0100B500A00C0A0F010082
:104B5000C800A00C0A0F0100DB00001411100101B5
:104B6000FD000014111201FE24010014121101FFB6
:104B70004B010014121101FF72010014121201FE08
:104B80009B010014121201FE000005000E0010002F
:104B90001100120013001400150016001700180071
:104BA0001900E3202951865E096E5F6E477100008F
:104BB0002000000048710100884B0408000000003C
:104BC0001300030024490408E84A0408B04B040811
:104BD0000000000000000102C4C001207DB90108EE
:104BE000A1B801081300020000FE0100C44B040834
:104BF0000000000000000000001FFFFE07FFFF8014
:104C000000000000000000000000000000000000A4
:104C10000000000000003FFFFFFFFFFFFC01C0009D
:104C2000006000001800000E040003038001C07043
:104C300000600E003801800C003007000E019FFF5D
:104C4000C7FFFF30FFE00E00000100001800001851
:104C500000001FFC00180E003806003C0600770616
:104C60000071C600007E00001E00001C30003C38B1
:104C700001F83FFFE0301D80700C00F00C01FC0CCF
:104C800007C38E0180EE00003C00001C00003C00C9
:104C900000F80007F0001FC000060000003FFFFE04
:104CA0000FFFFF8001800000600000180000060078
:104CB00000018000006000FFFFFFBFFFFFE001C0B8
:104CC00000007000003600000D80000330000186F7
:104CD0000000E1C0007038003807001C00F01E0022
:104CE0001F1F0001EF00001900000000006000001D
:104CF0000C000001807F9FFFEC3006018600C03071
:104D0000C0180618FFFCC3006018600C030DFFFFFD
:104D1000FF80000FF00001FE000030C7FFE618C35F
:104D20000CC3186198630C330C6186618FFFCC3122
:104D3000FFF9FE30033006006600C00CC018018089
:104D40000304300060FC00FFFFFFFFFFFFFC0030AA
:104D5000000006000000C0000018000FFFFFF180F7
:104D60006006300C00C6418818DC338318E61C63EB
:104D70000EC1CC6098118C030031906206378CF024
:104D8000C6398718C3B0731826046300C00C6018B6
:104D9000018C0300718060FC30001F800000000067
:104DA0000000000000002008010100000100001EBA
:104DB0001A1902FE5300001E191A02FEA500001E59
:104DC0001A1802FEF300001E1B1B02FE4F01001EFC
:104DD0001B1901FE0000714EFA5809595466C89615
:104DE00020000000C9960100D44D04080000000016
:104DF00006000300F84B04089C4D0408E04D04082D
:104E00000000000000000102340000207DB901080C
:104E1000A1B801081B00020000FD0200F44D0408C7
:104E200000000000000000006DAD80FFFFE0000EFC
:104E30000003800070000E00038000700006000078
:104E400060000600006000060000600006000060D0
:104E500000060000600006000060007E0004030001
:104E6000180C0042300318C008630061FFE18C3069
:104E70000E20C0398301660C0D80302600C019FF5A
:104E8000FC600C0180300600C0180300600C01803B
:104E9000300600C018030000300001E0000CC00024
:104EA0006180030380180701C3071E0C0FE430C89C
:104EB00018C200631800CCC002330000C007FFFF17
:104EC000800C0000300000C0000300000C00003027
:104ED00000001C0000E0180D8060660386180E605C
:104EE000602701806FF70600182000007FF800306F
:104EF00040C182040C10606086030430182300CF88
:104F00001006000030000180000C0000600003006B
:104F100000180FFFFE4186320C3190618C830C64C7
:104F2000186320C3190630C83186418C320C619059
:104F3000660C8330641B033FD831FF8F88300040FC
:104F4000000020000100000801FFFFF018C000C6AB
:104F500040663306218C630C371861B38304080064
:104F600003FFFC0300C00C1C0031C000FC0003C0A8
:104F70000073C03E07FF800700000000FFEFCFFE78
:104F800084846848468484684846848468484684A3
:104F9000FFE84800848008480084800FC8008080B3
:104FA000180801008010080300803007FE7FFFE032
:104FB00006000060000600006000060000600FFFB1
:104FC000FF006000070000D0000980018C0030E085
:104FD000070700E0381C00EF0007400000006000F9
:104FE000030000180000C0000600003003FFFFE0CF
:104FF0000E00007000028000360001980008C0001A
:10500000C3000E0C00F8300E61C0E1830E060EC026
:1050100000240000000020004104020821FFFFFFDF
:10502000FFFF8410402082000000FFFFFE0100F01F
:10503000080780403002000FFFE060830304181867
:1050400020C0C106060830304F81820000100000E9
:105050006101C6180C63004630FFFFFC0003C0006E
:105060003CFFFB0C0180C0180C0180FFF8006000C1
:1050700006003FFFC206042060420604206042068C
:105080003C206000060004FFE0460306301861FF84
:10509000CE4C0642603033FF830000180001DFFF72
:1050A000DE0031B00189800C0DFFFC60030318188D
:1050B0001860C0C18606083030018180F8000020E9
:1050C00000008007FFFF0080800306000C180FFF20
:1050D000FF8000000000007FFF01800C07FFF01838
:1050E00000C0600301FFFC000800033040CC618376
:1050F000319318C066C3011D07FC0018100060FE44
:10510000018230061080FEFFF0671041BC4106119D
:1051100004184B10796643C5013E1104180400675A
:10512000FFF180600602C018090060430183060693
:10513000380EF1C0080000007E3FE211011088081F
:105140008440442202291011688F894400422002C1
:1051500011FF908B0CA45845E242251331088D08AD
:1051600044784221C6110E3088D9044C69E3C180CD
:1051700004007FFFF00180000C00006000030000CD
:10518000180030C00186000C3FE06180030C00185D
:105190006000C30006180030C00186000C3007FF15
:1051A000FFC0080000C000180001FFFE3000020030
:1051B000006FFF0C000000000000007FFF000030C7
:1051C00000030000100001000010000100001900A1
:1051D00001B0000B0000F0000600700301C01C03CA
:1051E00000700801800001FFFA0030180180600C97
:1051F0000180600403000018003FFF0406006030D7
:10520000030180300C01806018030180180C7FFFBF
:1052100080000060FFE0C200818842022308008E07
:1052200020026C8E0B1A1C200830FFE040000000AA
:1052300000027FFC0D1110244441911104444431BB
:105240001111844446111111FFFF207FE0C100813C
:10525000C4020211F8004420011084044218FFFF28
:1052600033000C4C003007FE001008087FE061009E
:10527000818402041FF8304021810086040230102E
:10528000084043E008080020200080803FDFF0084D
:105290000840202100B6840F8E10E8184020F93015
:1052A00082768218CA79C039C400400004046618A6
:1052B000318860C630C608C1B0310430000183FFB8
:1052C0008C1FFC7E0006C000261FF3308081840402
:1052D0000C2027FD01030808187FC0C00007083014
:1052E0002C4103331818C8C18464180061C1FFF44D
:1052F00000000000600003003FFFFD80106C30875D
:10530000030421F03F0000007FFFE0003003018034
:10531000100C0080600FFFFC6078000EC000C6001B
:105320001C30078181E00C0007E00000000018003D
:105330000070FF83600408C030618D83021C1FF081
:1053400030460040183FE7FE08C18022060098184A
:105350000260600B0FF02420408081020204080FDD
:10536000F020204080811E0000100000200000403E
:1053700000008007FFFFC00F00001A000064080152
:105380008C300609C01C1F00783801B0300E603028
:1053900010C070018070031C7007F0703F0078F03F
:1053A0000020000000040180100600401801006089
:1053B0007F8181FE7FF0111840C46106118411467F
:1053C00010CD18476461371FFD9646144D184104EF
:1053D0006104118410461041184107FF04100410A5
:1053E0004010300000E3FFC0C00301000C0000309B
:1053F0000000C000033E000CF8003061FFC18600D1
:105400000618001860006180018600061803196004
:105410000C7D8033C601B80FFE000C03F86010430A
:10542000F88230C41184209E6105920FE860080361
:10543000804036020318907074F701A46FF1204089
:10544000890204481022448113E409F83FCE010286
:10545000000810000001803F067F80120800004015
:10546000200201CFFFE300800004000020000100C3
:1054700001FFCF8802044010220081100408802020
:1054800047FF0600006800063000207FFCFFFFF8A1
:10549000010000080000400002003FFFF98080CCBE
:1054A00004066C2633313998C86CC0406602433616
:1054B00017199C8CCC7436612033010198080CC0FC
:1054C00003C0FFB5800000000000000000000000E5
:1054D00000005006030701FC03000018141402FE2C
:1054E00035000018161501FE6F000018161501FE94
:1054F000A9000018151501FEE1000018151501FEA0
:1055000019010018151601FE53010018141402FEAB
:1055100085010018141302FFB5010018151501FFCD
:10552000ED010018151601FE27020018141602FEE0
:105530005E020018151501FE96020018161601FEEF
:10554000D3020018161601FD10030018151602FDEF
:105550004A030018151201007A030018141602FEFF
:10556000B1030018151602FEEB030018161401FF14
:1055700022040018161501FE5C040018161401FF21
:1055800093040018151501FECB040018151502FE32
:1055900003050018161601FE40050018171501FE38
:1055A0007D050018161600FEBA050018161402FF35
:1055B000F1050018151601FE2B060018151601FE40
:1055C00065060018151401FE9A06001803060B055F
:1055D00000005A4ECA4EF24E8B517452AC53FB53DC
:1055E000FD58FE58FA5D0C5E6B5FE3603663E16662
:1055F000376BE86BBC6CFD6DA56EC170C177537ADB
:10560000E68137886A88848BC38DD68FBC96E0FE8E
:105610002C000000E1FE0100D0550408000000004D
:1056200020000300284E0408C8540408105604083B
:105630000000000000000102CCC001207DB901087B
:10564000A1B801081800040000FE02002456040856
:10565000000000000000000000000000000000004A
:105660000000000000000000000000080808080812
:10567000080800001818000000486C241200000000
:1056800000000000000000000000002424247F121D
:1056900012127F12121200000000081C2A2A0A0CA3
:1056A0001828282A2A1C080800000022251515158C
:1056B0002A585454542200000000000C1212120AFE
:1056C00076252911916E00000006060403000000F3
:1056D0000000000000000000004020101008080832
:1056E00008080810102040000002040808101010DC
:1056F00010101008080402000000000008086B1CCD
:105700001C6B0808000000000000000008080808E2
:105710007F080808080000000000000000000000EA
:105720000000000006060403000000000000000066
:10573000FE0000000000000000000000000000006B
:1057400000000000060600000000804040202010FD
:10575000100808040402020000000018244242421B
:105760004242424224180000000000080E080808C7
:1057700008080808083E00000000003C42424220A1
:1057800020100804427E00000000003C4242201825
:1057900020404042221C0000000000203028242429
:1057A00022227E20207800000000007E0202021AE1
:1057B00026404042221C0000000000382402021A49
:1057C00026424242241800000000007E22221010CF
:1057D00008080808080800000000003C4242422473
:1057E00018244242423C0000000000182442424279
:1057F00064584040241C00000000000000001818FD
:105800000000000018180000000000000000000860
:1058100000000000000808040000004020100804F8
:10582000020408102040000000000000007F00007B
:10583000007F0000000000000000000204081020AB
:1058400040201008040200000000003C4242464094
:1058500020101000181800000000001C225A555596
:1058600055552D42221C0000000000080818141491
:10587000243C224242E700000000001F2222221E98
:1058800022424242221F00000000007C42420101ED
:1058900001010142221C00000000001F224242427E
:1058A00042424242221F00000000003F4212121EEC
:1058B00012120242423F00000000003F4212121E3C
:1058C00012120202020700000000003C2222010125
:1058D00001712122221C0000000000E742424242E6
:1058E0007E42424242E700000000003E08080808ED
:1058F00008080808083E00000000007C1010101086
:10590000101010101010110F0000007722120A0E54
:105910000A1212222277000000000007020202028F
:1059200002020202427F000000000077363636365F
:105930002A2A2A2A2A6B0000000000E346464A4A27
:1059400052525262624700000000001C2241414155
:1059500041414141221C00000000003F42424242BE
:105960003E020202020700000000001C22414141E9
:1059700041414D53321C60000000003F4242423E14
:105980001212222242C700000000007C42420204A0
:1059900018204042423E00000000007F49080808ED
:1059A00008080808081C0000000000E742424242C4
:1059B00042424242423C0000000000E742422224B0
:1059C00024141418080800000000006B49494949D4
:1059D0005555362222220000000000E742242418F8
:1059E0001818242442E70000000000772222141433
:1059F00008080808081C00000000007E2120101084
:105A000008040442423F000000780808080808081B
:105A100008080808080878000000020204040808C2
:105A20000810102020204040001E101010101010F0
:105A30001010101010101E0000384400000000006C
:105A40000000000000000000000000000000000056
:105A500000000000000000FF000608000000000039
:105A60000000000000000000000000000000003CFA
:105A70004278444242FC0000000000030202021A85
:105A800026424242261A00000000000000000038B2
:105A900044020202443800000000006040404078A8
:105AA0004442424264D80000000000000000003C74
:105AB000427E0202423C0000000000F08808087E9E
:105AC00008080808083E0000000000000000007CF4
:105AD00022221C043C42423C000000030202023A23
:105AE0004642424242E700000000000C0C00000E5B
:105AF00008080808083E00000000003030000038A8
:105B0000202020202020221E00000003020202721A
:105B1000120A0E12227700000000000E0808080882
:105B200008080808083E0000000000000000007F90
:105B30009292929292B70000000000000000003B99
:105B40004642424242E70000000000000000003CE4
:105B500042424242423C0000000000000000001BA4
:105B600026424242221E0207000000000000007888
:105B700044424242447840E00000000000000077C8
:105B80004C040404041F0000000000000000007C1E
:105B900042023C40423E0000000000000008083E77
:105BA000080808080830000000000000000000633A
:105BB0004242424262DC000000000000000000E7B8
:105BC000422424140808000000000000000000EB3C
:105BD00049495555222200000000000000000076CF
:105BE00024181818246E000000000000000000E7D0
:105BF0004224241418080806000000000000007E5B
:105C000022100808447E000000C020202020201020
:105C1000202020202020C000101010101010101084
:105C200010101010101010100006080808080810B6
:105C300008080808080806000C32C200000000002E
:105C40000000000000000000000000000000000054
:105C50000000000000000000000000000000000044
:105C60000000000000000000000000000000000034
:105C70000000000000000000000000000000000024
:105C80000000000000000000000000000000000014
:105C90000000000000000000000000000000000004
:105CA00000000000000000000000000000000000F4
:105CB00000000000000000000000000000000000E4
:105CC00000000000000000000000000000000000D4
:105CD00000000000000000000000000000000000C4
:105CE00000000000000000000000000000000000B4
:105CF00000000000000000000000000000000000A4
:105D00000000000000000000000000000000000093
:105D10000000000000000000000000000000000083
:105D20000000000000000000000000000000000073
:105D30000000000000000000000000000000000063
:105D40000000000000000000000000000000000053
:105D50000000000000000000000000000000000043
:105D60000000000000000000000000000000000033
:105D70000000000000000000000000000000000023
:105D80000000000000000000000000000000000013
:105D90000000000000000000000000000000000003
:105DA00000000000000000000000000000000000F3
:105DB00000000000000000000000000000000000E3
:105DC00000000000000000000000000000000000D3
:105DD00000000000000000000000000000000000C3
:105DE00000000000000000000000000000000000B3
:105DF00000000000000000000000000000000000A3
:105E00000000000000000000000000000000000092
:105E10000000000000000000000000000000000082
:105E20000000000000000000000000000000000072
:105E30000000000000000000000000000000000062
:105E40000000000000000000000000000000000052
:105E50000000000000000000000000000000000042
:105E60000000000000000000000000000000000032
:105E70000000000000000000000000000000000022
:105E80000000000000000000000000000000000012
:105E90000000000000000000000000000000000002
:105EA00000000000000000000000000000000000F2
:105EB00000000000000000000000000000000000E2
:105EC00000000000000000000000000000000000D2
:105ED00000000000000000000000000000000000C2
:105EE00000000000000000000000000000000000B2
:105EF00000000000000000000000000000000000A2
:105F00000000000000000000000000000000000091
:105F10000000000000000000000000000000000081
:105F20000000000000000000000000000000000071
:105F30000000000000000000000000000000000061
:105F40000000000000000000000000000000000051
:105F50000000000000000000000000000000000041
:105F60000000000000000000000000000000000031
:105F70000000000000000000000000000000000021
:105F80000000000000000000000000000000000011
:105F90000000000000000000000000000000000001
:105FA00000000000000000000000000000000000F1
:105FB00000000000000000000000000000000000E1
:105FC00000000000000000000000000000000000D1
:105FD00000000000000000000000000000000000C1
:105FE00000000000000000000000000000000000B1
:105FF00000000000000000000000000000000000A1
:106000000000000000000000000000000000000090
:106010000000000000000000000000000000000080
:106020000000000000000000000000000000000070
:106030000000000000000000000000000000000060
:106040000000000000000000000000000000000050
:106050000000000000000000000000000000000040
:106060000000000000000000000000000000000030
:106070000000000000000000000000000000000020
:106080000000000000000000000000000000000010
:106090000000000000000000000000000000000000
:1060A00000000000000000000000000000000000F0
:1060B00000000000000000000000000000000000E0
:1060C00000000000000000000000000000000000D0
:1060D00000000000000000000000000000000000C0
:1060E00000000000000000000000000000000000B0
:1060F00000000000000000000000000000000000A0
:10610000000000000000000000000000000000008F
:10611000000000000000000000000000000000007F
:10612000000000000000000000000000000000006F
:10613000000000000000000000000000000000005F
:10614000000000000000000000000000000000004F
:10615000000000000000000000000000000000003F
:10616000000000000000000000000000000000002F
:10617000000000000000000000000000000000001F
:10618000000000000000000000000000000000000F
:1061900000000000000000000000000000000000FF
:1061A00000000000000000000000000000000000EF
:1061B00000000000000000000000000000000000DF
:1061C00000000000000000000000000000000000CF
:1061D00000000000000000000000000000000000BF
:1061E00000000000000000000000000000000000AF
:1061F000000000000000000000000000000000009F
:10620000000000000000000000000000000000008E
:10621000000000000000000000000000000000007E
:10622000000000000000000000000000000000006E
:10623000000000000000000000000000000000005E
:10624000000000000000000000000000000000004E
:10625000000000000000000000000000000000003E
:10626000000000000000000000000000000000002E
:10627000000000000000000000000000000000001E
:10628000000000000000000000000000000000000E
:1062900000000000000000000000000000000000FE
:1062A00000000000000000000000000000000000EE
:1062B00000000000000000000000000000000000DE
:1062C00000000000000000000000000000000000CE
:1062D00000000000000000000000000000000000BE
:1062E00000000000000000000000000000000000AE
:1062F000000000000000000000000000000000009E
:10630000000000000000000000000000000000008D
:10631000000000000000000000000000000000007D
:10632000000000000000000000000000000000006D
:10633000000000000000000000000000000000005D
:10634000000000000000000000000000000000004D
:10635000000000000000000000000000000000003D
:10636000000000000000000000000000000000002D
:10637000000000000000000000000000000000001D
:10638000000000000000000000000000000000000D
:1063900000000000000000000000000000000000FD
:1063A00000000000000000000000000000000000ED
:1063B00000000000000000000000000000000000DD
:1063C00000000000000000000000000000000000CD
:1063D00000000000000000000000000000000000BD
:1063E00000000000000000000000000000000000AD
:1063F000000000000000000000000000000000009D
:10640000000000000000000000000000000000008C
:10641000000000000000000000000000000000007C
:10642000000000000000000000000000000000006C
:10643000000000000000000000000000000000005C
:10644000000000000000000000000000000000004C
:10645000000000000000000000000000000000003C
:10646000000000000000000000000000000000002C
:10647000000000000000000000000000000000001C
:10648000000000000000000000000000000000000C
:1064900000000000000000000000000000000000FC
:1064A00000000000000000000000000000000000EC
:1064B00000000000000000000000000000000000DC
:1064C00000000000000000000000000000000000CC
:1064D00000000000000000000000000000000000BC
:1064E00000000000000000000000000000000000AC
:1064F000000000000000000000000000000000009C
:10650000000000000000000000000000000000008B
:10651000000000000000000000000000000000007B
:10652000000000000000000000000000000000006B
:10653000000000000000000000000000000000005B
:10654000000000000000000000000000000000004B
:10655000000000000000000000000000000000003B
:10656000000000000000000000000000000000002B
:10657000000000000000000000000000000000001B
:10658000000000000000000000000000000000000B
:1065900000000000000000000000000000000000FB
:1065A00000000000000000000000000000000000EB
:1065B00000000000000000000000000000000000DB
:1065C00000000000000000000000000000000000CB
:1065D00000000000000000000000000000000000BB
:1065E00000000000000000000000000000000000AB
:1065F000000000000000000000000000000000009B
:10660000000000000000000000000000000000008A
:10661000000000000000000000000000000000007A
:10662000000000000000000000000000000000006A
:10663000000000000000000000000000000000005A
:10664000000000000000000000000000000000004A
:10665000000000000000000000000000000000003A
:10666000000000000000000000000000000000002A
:10667000000000000000000000000000000000001A
:10668000000000000000000000000000000000000A
:1066900000000000000000000000000000000000FA
:1066A00000000000000000000000000000000000EA
:1066B00000000000000000000000000000000000DA
:1066C00000000000000000000000000000000000CA
:1066D00000000000000000000000000000000000BA
:1066E00000000000000000000000000000000000AA
:1066F000000000000000000000000000000000009A
:106700000000000000000000000000000000000089
:106710000000000000000000000000000000000079
:106720000000000000000000000000000000000069
:106730000000000000000000000000000000000059
:106740000000000000000000000000000000000049
:106750000000000000000000000000000000000039
:106760000000000000000000000000000000000029
:106770000000000000000000000000000000000019
:106780000000000000000000000000000000000009
:1067900000000000000000000000000000000000F9
:1067A00000000000000000000000000000000000E9
:1067B00000000000000000000000000000000000D9
:1067C00000000000000000000000000000000000C9
:1067D00000000000000000000000000000000000B9
:1067E00000000000000000000000000000000000A9
:1067F0000000000000000000000000000000000099
:106800000000000000000000000000000000000088
:106810000000000000000000000000000000000078
:106820000000000000000000000000000000000068
:106830000000000000000000000000000000000058
:106840000000000000000000000000000000000048
:106850000000000000000000000000000000000038
:106860000000000000000000000000000000000028
:106870000000000000000000000000000000000018
:106880000000000000000000000000000000000008
:1068900000000000000000000000000000000000F8
:1068A00000000000000000000000000000000000E8
:1068B00000000000000000000000000000000000D8
:1068C00000000000000000000000000000000000C8
:1068D00000000000000000000000000000000000B8
:1068E00000000000000000000000000000000000A8
:1068F0000000000000000000000000000000000098
:106900000000000000000000000000000000000087
:106910000000000000000000000000000000000077
:106920000000000000000000000000000000000067
:106930000000000000000000000000000000000057
:106940000000000000000000000000000000000047
:106950000000000000000000000000000000000037
:106960000000000000000000000000000000000027
:106970000000000000000000000000000000000017
:106980000000000000000000000000000000000007
:1069900000000000000000000000000000000000F7
:1069A00000000000000000000000000000000000E7
:1069B00000000000000000000000000000000000D7
:1069C00000000000000000000000000000000000C7
:1069D00000000000000000000000000000000000B7
:1069E00000000000000000000000000000000000A7
:1069F0000000000000000000000000000000000097
:106A00000000000000000000000000000000000086
:106A10000000000000000000000000000000000076
:106A20000000000000000000000000000000000066
:106A30000000000000000000000000000000000056
:106A40000000000000000000000000000000000046
:106A50000000000000000000000000000000000036
:106A60000000000000000000000000000000000026
:106A70000000000000000000000000000000000016
:106A80000000000000000000000000000000000006
:106A900000000000000000000000000000000000F6
:106AA00000000000000000000000000000000000E6
:106AB00000000000000000000000000000000000D6
:106AC00000000000000000000000000000000000C6
:106AD00000000000000000000000000000000000B6
:106AE00000000000000000000000000000000000A6
:106AF0000000000000000000000000000000000096
:106B00000000000000000000000000000000000085
:106B10000000000000000000000000000000000075
:106B20000000000000000000000000000000000065
:106B30000000000000000000000000000000000055
:106B40000000000000000000000000000000000045
:106B50000000000000000000000000000000000035
:106B60000000000000000000000000000000000025
:106B70000000000000000000000000000000000015
:106B80000000000000000000000000000000000005
:106B900000000000000000000000000000000000F5
:106BA00000000000000000000000000000000000E5
:106BB00000000000000000000000000000000000D5
:106BC00000000000000000000000000000000000C5
:106BD00000000000000000000000000000000000B5
:106BE00000000000000000000000000000000000A5
:106BF0000000000000000000000000000000000095
:106C00000000000000000000000000000000000084
:106C10000000000000000000000000000000000074
:106C20000000000000000000000000000000000064
:106C30000000000000000000000000000000000054
:106C40000000000000000000000000000000000044
:106C50000000000000000000000000000000000034
:106C60000000000000000000000000000000000024
:106C70000000000000000000000000000000000014
:106C80000000000000000000000000000000000004
:106C900000000000000000000000000000000000F4
:106CA00000000000000000000000000000000000E4
:106CB00000000000000000000000000000000000D4
:106CC00000000000000000000000000000000000C4
:106CD00000000000000000000000000000000000B4
:106CE00000000000000000000000000000000000A4
:106CF0000000000000000000000000000000000094
:106D00000000000000000000000000000000000083
:106D10000000000000000000000000000000000073
:106D20000000000000000000000000000000000063
:106D30000000000000000000000000000000000053
:106D40000000000000000000000000000000000043
:106D50000000000000000000000000000000000033
:106D60000000000000000000000000000000000023
:106D70000000000000000000000000000000000013
:106D80000000000000000000000000000000000003
:106D900000000000000000000000000000000000F3
:106DA00000000000000000000000000000000000E3
:106DB00000000000000000000000000000000000D3
:106DC00000000000000000000000000000000000C3
:106DD00000000000000000000000000000000000B3
:106DE00000000000000000000000000000000000A3
:106DF0000000000000000000000000000000000093
:106E00000000000000000000000000000000000082
:106E10000000000000000000000000000000000072
:106E20000000000000000000000000000000000062
:106E30000000000000000000000000000000000052
:106E40000000000000000000000000000000000042
:106E50000000000000000000000000000000000032
:106E60000000000000000000000000000000000022
:106E70000000000000000000000000000000000012
:106E80000000000000000000000000000000000002
:106E900000000000000000000000000000000000F2
:106EA00000000000000000000000000000000000E2
:106EB00000000000000000000000000000000000D2
:106EC00000000000000000000000000000000000C2
:106ED00000000000000000000000000000000000B2
:106EE00000000000000000000000000000000000A2
:106EF0000000000000000000000000000000000092
:106F00000000000000000000000000000000000081
:106F10000000000000000000000000000000000071
:106F20000000000000000000000000000000000061
:106F30000000000000000000000000000000000051
:106F40000000000000000000000000000000000041
:106F50000000000000000000000000000000000031
:106F60000000000000000000000000000000000021
:106F70000000000000000000000000000000000011
:106F80000000000000000000000000000000000001
:106F900000000000000000000000000000000000F1
:106FA00000000000000000000000000000000000E1
:106FB00000000000000000000000000000000000D1
:106FC00000000000000000000000000000000000C1
:106FD00000000000000000000000000000000000B1
:106FE00000000000000000000000000000000000A1
:106FF0000000000000000000000000000000000091
:107000000000000000000000000000000000000080
:107010000000000000000000000000000000000070
:107020000000000000000000000000000000000060
:107030000000000000000000000000000000000050
:107040000000000000000000000000000000000040
:107050000000000000000000000000000000000030
:107060000000000000000000000000000000000020
:107070000000000000000000000000000000000010
:107080000000000000000000000000000000000000
:1070900000000000000000000000000000000000F0
:1070A00000000000000000000000000000000000E0
:1070B00000000000000000000000000000000000D0
:1070C00000000000000000000000000000000000C0
:1070D00000000000000000000000000000000000B0
:1070E00000000000000000000000000000000000A0
:1070F0000000000000000000000000000000000090
:10710000000000000000000000000000000000007F
:10711000000000000000000000000000000000006F
:10712000000000000000000000000000000000005F
:10713000000000000000000000000000000000004F
:10714000000000000000000000000000000000003F
:10715000000000000000000000000000000000002F
:10716000000000000000000000000000000000001F
:10717000000000000000000000000000000000000F
:1071800000000000000000000000000000000000FF
:1071900000000000000000000000000000000000EF
:1071A00000000000000000000000000000000000DF
:1071B00000000000000000000000000000000000CF
:1071C00000000000000000000000000000000000BF
:1071D00000000000000000000000000000000000AF
:1071E000000000000000000000000000000000009F
:1071F000000000000000000000000000000000008F
:10720000000000000000000000000000000000007E
:10721000000000000000000000000000000000006E
:10722000000000000000000000000000000000005E
:10723000000000000000000000000000000000004E
:10724000000000000000000000000000000000003E
:10725000000000000000000000000000000000002E
:10726000000000000000000000000000000000001E
:10727000000000000000000000000000000000000E
:1072800000000000000000000000000000000000FE
:1072900000000000000000000000000000000000EE
:1072A00000000000000000000000000000000000DE
:1072B00000000000000000000000000000000000CE
:1072C00000000000000000000000000000000000BE
:1072D00000000000000000000000000000000000AE
:1072E000000000000000000000000000000000009E
:1072F000000000000000000000000000000000008E
:10730000000000000000000000000000000000007D
:10731000000000000000000000000000000000006D
:10732000000000000000000000000000000000005D
:10733000000000000000000000000000000000004D
:10734000000000000000000000000000000000003D
:10735000000000000000000000000000000000002D
:10736000000000000000000000000000000000001D
:10737000000000000000000000000000000000000D
:1073800000000000000000000000000000000000FD
:1073900000000000000000000000000000000000ED
:1073A00000000000000000000000000000000000DD
:1073B00000000000000000000000000000000000CD
:1073C00000000000000000000000000000000000BD
:1073D00000000000000000000000000000000000AD
:1073E000000000000000000000000000000000009D
:1073F000000000000000000000000000000000008D
:10740000000000000000000006F2ECE83699D661AA
:10741000963ABE245E05FA05B1046A4D098EE7CEA0
:1074200047FF00FEC0FCA4FAA97AF163F39C8AEA44
:107430008EE3D3EC7AFE5DFF0FEA12F376F4DAFD09
:107440003DFF37AA59BB9BCCFCE53EF7B87AB99310
:10745000FBB43DD63EEF585B397C5B9D5DC65EEF6D
:107460003E45BE655F96FFBE9FE7BE2D1E4EBF86A2
:107470003FB7BFE73B269C4EFD865EB7BFE733258F
:10748000B54D5886FBB69EE7CD653086B4A639CF9C
:10749000BDEF6C9EB0AE14C779DFDDF70AD72EDFE3
:1074A00073E7B8F7DCFF6BFF8EFFB3FFD8FFFCFF7D
:1074B00045FEA9FE10FF76FFDCFF24FDA9FD70FE4E
:1074C00016FF9CFF88FB4CFC52FD77FE5CFF6C8B2B
:1074D0004FA454BD79D65DEF937C3595F8B5DBCEDE
:1074E0007EEFF7BD1CE77DEFBEF7DFFFC6E165D19C
:1074F00045C1E3B0CCD8CBC0AAA869883589F47857
:10750000D368B148B65975513441D230553AF33148
:10751000B2290F195C1CBA1B3813340ADC045A0454
:10752000B703B3027805B40411040C034F04CD0370
:107530004B0368020845673CE62BE41A887DE76C3C
:107540004554433346C6A5ADE49CA283C6FE05FE62
:1075500044FDE2F380FD00FD60FC60FB60FCE0F3B5
:1075600060EB80E283F243E202DAA1B9686A065A6C
:10757000A54924396F53CC4229328721AE730C635D
:107580000842042100003C027804B306EE08280BF0
:10759000610D990FD01106143A166C189D1ACB1C68
:1075A000F71E212148236C258E27AC29C72BDF2D00
:1075B000F32F0332103418361C381C3A173C0E3E99
:1075C000FF3FEC41D443B64593476A493C4B084DD5
:1075D000CD4E8D504652F953A5554B57EA58825A15
:1075E000135C9C5D1F5F9A600D627963DD64396690
:1075F0008D67D9681D6A596B8C6CB76DD96EF36F46
:1076000004710C720B730174EE74D275AD767F77D2
:1076100047780679BB79677A0A7BA27B327CB77C94
:10762000337DA57D0D7E6C7EC07E0B7F4B7F827F80
:10763000AF7FD27FEB7FFA7FFF7F0000000000006A
:107640000004040404040404040404000000000012
:107650000606060606060500000000000000000001
:107660000000000000000000020000000000000018
:107670000000040000020002020000000000000000
:1076800002020202000200000002000000000000EE
:1076900002000000000101050505010500000000D1
:1076A00000100101000000001002020C0C12120078
:1076B0000000FF0055AAFF00112233445566778869
:1076C00099AABBCCDDEEFF00010203040506070802
:1076D000090A0B0C0D0E0F101112131415161718A2
:1076E000191A1B1C1D1E1F20212223242526272892
:1076F000292A2B2C2D2E2F30313233343536373882
:10770000393A3B3C3D3E3F40414243444546474871
:10771000494A4B4C4D4E4F50515253545556575861
:10772000595A5B5C5D5E5F60616263646566676851
:10773000696A6B6C6D6E6F70717273747576777841
:10774000797A7B7C7D7E7F80818283848586878831
:10775000898A8B8C8D8E8F90919293949596979821
:10776000999A9B9C9D9E9FA0A1A2A3A4A5A6A7A811
:10777000A9AAABACADAEAFB0B1B2B3B4B5B6B7B801
:10778000B9BABBBCBDBEBFC0C1C2C3C4C5C6C7C8F1
:10779000C9CACBCCCDCECFD0D1D2D3D4D5D6D7D8E1
:1077A000D9DADBDCDDDEDFE0E1E2E3E4E5E6E7E8D1
:1077B000E9EAEBECEDEEEFF0F1F2F3F4F5F6F7F8C1
:1077C000F9FAFBFCFDFEFF80808081818282838448
:1077D000858687898A8C8D8F91939597999B9EA09A
:1077E000A2A5A7AAADAFB2B5FF1FFF1F01E001E040
:1077F0000EA0D90D90C80C80B70A60110B80D91F5C
:107800000991F0881F0880F088000000000D203CDE
:1078100000000F0069002FFFFFFFF7015C11A610A9
:10782000006900C300008800D2009FFFFFFFF01234
:10783000C523E22000D203C00000F004B000000025
:10784000700000000E00000000E0000019EFEA30B8
:107850000CD6E6A702F40E00001F80E000006FEFD8
:1078600050000016FFE500000E0AF00100E05F1373
:10787000F85E6EB005CFFE9100000E0000000070B3
:10788000000008DD3000A7004B02D004C0007700E4
:10789000D01D20004B03D0A7000007DC34C4CC303F
:1078A00000001D2D22D00000A63B00B30005C03A09
:1078B00000A3001D200D00D000A60004CC40004D08
:1078C000FC300000F718C00001F205D00000BB6ECC
:1078D0004000005FF3000007E6DB03802F301DBA95
:1078E000A05F0001DF401FB448FEC003BFFC40B2F0
:1078F00000000000001F01F01F00F0000003F10B6A
:10790000900F404F007D009B00AA00AA009B007DC5
:10791000004F000F400B9003F15E000E6008C004A2
:10792000F001F300F500E600E600F501F304F008CD
:10793000C00E605E0000930088A6C209FE404DDDC7
:10794000B1429350005200000450000008A0000013
:1079500008A0001FFFFFF30339B3300008A00000A8
:1079600008A0000103F61E60E12C00000003FFF9EF
:107970000333100003F52E4000000E400004E00029
:10798000009A00000E400004F000009A00000E4033
:107990000003F000009A00000E500003F000009A6F
:1079A00000000E500003F00000004CFE70004FB6C7
:1079B0008F900DB0005F32F40000E74F20000CA460
:1079C000F20000CA2F40000E70DB0005F204FB68D5
:1079D000F90004CFE700EFFB44CB00AB00AB00ABFA
:1079E00000AB00AB00AB00AB00AB07DFEA108E854D
:1079F0007EC0010006F1000006F000000D900000BE
:107A0000CC00001CC00001DB00001DE544427FFFEC
:107A1000FFF97FFFFFF024445F900000BC000009E5
:107A2000E100003FD81000046DD0000002F4100007
:107A300002F4BD757DD019DFEA1000000DA0000032
:107A400000AC00000007E10000004F40100002F60B
:107A500000F5001DA000F5007FFFFFFFF313333397
:107A6000F730000000F500000000F50009FFFFF00E
:107A70000AB444400C8000000E7000000FFFFC4070
:107A800003345CF2000000F7100000F78E856CF103
:107A900008DFFB30002AEFD5003FD657400CC0006E
:107AA0000002F40000004F5BFFA104FE845DD03FA4
:107AB00080003F30E80003F206F845DC0005DFE90E
:107AC000109FFFFFFD9D4444E99C0004F200000B61
:107AD000B000002F400000AD000001F6000008E0FB
:107AE00000000E8000006F1000019EFE9100BE633A
:107AF0006EC00F60006F00CC202BC002EFFFE200D1
:107B0000DC424CD05F20001F55F20002F50ED53547
:107B1000DE001AEFEA1003BFEA202FA44BE18E002B
:107B200000E99D0000DD4F7129FF07FFFC9E000268
:107B300010AC000002F607658FB00AEFD7002E5395
:107B4000F50000000000003F52E42E53F500000055
:107B50000000002E52F60D21D0010000000031007F
:107B6000006CF2018ED6000FC300000AFB4000003B
:107B700017EE70000005C3000000001FFFFFF303B5
:107B800033333000000000000000001FFFFFF3034C
:107B9000333330040000000ED71000005CF92000E1
:107BA000002AF20003AFB106DE82001C6000000074
:107BB00000000007DFEA109E746EC0010006F000AE
:107BC0000009C000008E200006F2000008700000CE
:107BD000000000000B8000000C900000006CEFDA49
:107BE0004000003DA41016D90001E509EE98CA90A6
:107BF0000A80BD43AFC0D30F13F2000CC0693C062E
:107C0000D00007C03B4B06D00007C02C3C03F2005D
:107C10000CC04A0F10BD439EE3C50A8009EE91CF08
:107C20009001E50000000000003DA41028000000C5
:107C3000007CEFD9100000000CF1000000003FD7DD
:107C400000000000B96E00000002F20E50000009B2
:107C5000A007D000001F3000F400007FFFFFFB00F2
:107C600000E733334F2005F000000C900C9000002B
:107C700006F18FFFFEC408E3334BF28E00001F585D
:107C8000E00018F18FFFFFF808E33337F68E0000AD
:107C900009C8E000009D8E33347F78FFFFFD70003F
:107CA00007CFFB4000CF966AF50AE20000301F6064
:107CB0000000004F200000004F200000001F600067
:107CC00000000AE200003001CF966AF50007DFFBF2
:107CD000408FFFFEA4008E4446CF708E000007F355
:107CE0008E000000DA8E0000009D8E0000009D8E48
:107CF000000000DA8E000007F38E4446BF708FFF4D
:107D0000FEA4008FFFFFF68E4444418E0000008EDB
:107D10000000008FFFFFC08E3333208E0000008EE6
:107D20000000008E4444428FFFFFF98FFFFFF68E64
:107D30004444418E0000008E0000008E0000008F41
:107D4000FFFFC08E3333208E0000008E0000008EB7
:107D50000000000007CFFC5000CF966AF60AE20050
:107D600000201F600000004F200000004F20000096
:107D7000B91F600000B90AE30000B900CF966AF8A5
:107D80000007DFFC608E000008E8E000008E8E0037
:107D90000008E8E000008E8FFFFFFFE8E333339E2A
:107DA0008E000008E8E000008E8E000008E8E00089
:107DB000008E8E8E8E8E8E8E8E8E8E8E02FFFFC0E9
:107DC0000444BC000009C000009C000009C0000081
:107DD0009C000009C02000BA0EB58F603CFE808E6A
:107DE00000004F508E0004F6008E003F70008E039E
:107DF000F800008E2EC000008EECF600008FB07FE1
:107E000030008E000AE1008E0000CC008E00001EC3
:107E1000A08E0000008E0000008E0000008E00008A
:107E2000008E0000008E0000008E0000008E00001A
:107E3000008E4444408FFFFFF28E00000008E8F7F8
:107E4000000002FE8FF10000BFE8DCA0004F9E8D15
:107E50002F300D87E8D09C06E07E8D01E7E507E82E
:107E6000D006FC007E8D000A2007E8D00000007ECE
:107E70008E100008E8FC00008E8FF90008E8E6F696
:107E8000008E8E09F308E8E00CE18E8E001EB8E843
:107E9000E0003FEE8E00006FE8E00000AE0007CF8C
:107EA000EB500000CF966BF9000AE200005F601F04
:107EB0006000000AD04F20000006F04F20000006AE
:107EC000F01F6000000AD00AE200005F6000CF9659
:107ED0006BFA000007DFEB50008FFFFD7008E445F0
:107EE0008FB08E00005F38E00001F58E00003F4843
:107EF000E0014DD08FFFFFB208E33310008E000089
:107F00000008E00000000007CFEB500000CF966BA8
:107F1000F9000AE200005F601F6000000AD04F20F5
:107F2000000006F04F20000005F01F6000000AD09E
:107F30000AE200005F6001DF855AFA000008DFFCFA
:107F40005000000001EC21940000001BFFC1000064
:107F5000000012008FFFFD7008E4458FB08E000016
:107F60005F38E00001F58E00003F38E0014DD08F12
:107F7000FFFFC208E333DA008E0002F608E00005D6
:107F8000F3019EFDA200CE646B702F40000001F84B
:107F900000000006FD950000016AEE500000009F01
:107FA00000200005F13FA547EB004BEFE910FFFF74
:107FB000FFFF2444BD44400009C00000009C0000B5
:107FC0000009C00000009C00000009C00000009CE7
:107FD00000000009C00000009C00009C00000BA9EC
:107FE000C00000BA9C00000BA9C00000BA9C0000B1
:107FF0000BA9C00000BA8E00000D94F40003F50C2C
:10800000F868FD0009EFE9100CB000000AC05F201D
:108010000001F500E900008E0008F0000E70001F5E
:108020006005F10000AD00C9000003F43F3000001E
:108030000CBAC00000005FF500000000EE00006F09
:1080400010000DB00002F21F60003FF10008D00BDD
:10805000B0008BE6000D7006F000E69B002F2001BB
:10806000F503F14F108D0000CA09B00E60D8000072
:108070006F0E6009B2F300001F9F1004F9D00000DA
:108080000CFB0000EF80000007F600009F30003F6F
:1080900050000DA008F2009D0000CC04F300002F5A
:1080A0009E70000006FC00000009FE1000004F4D0D
:1080B000B00001E802F7000BD0007F207F20000B0A
:1080C000D00CB000009C002F50002F30009E000C00
:1080D000900000E805F1000005F3E60000000CFD4B
:1080E000000000003F4000000002F3000000002FED
:1080F0003000000002F300004FFFFFFF9144444AAC
:10810000F3000003F6000001EA000000CC000000CC
:108110009E1000006F4000003F7000001ED44444D9
:1081200036FFFFFFFC8FF68D318D008D008D008DA9
:10813000008D008D008D008D008D008D008D318FA4
:10814000F65D000000F200000B8000006D000001F1
:10815000F200000B8000006D000001F200000B70C7
:1081600000006D000001F200000B7000006D0000C7
:1081700001F2BFF325F302F302F302F302F302F379
:1081800002F302F302F302F302F325F3BFF300ADAF
:1081900000001EC4000885A000E20E105B00970BD3
:1081A0005002E0EEEEEEE00BC00009B004CFEA10A2
:1081B0000B745DB0000004F004CEEEF21F8214F2E6
:1081C0004F1004F21F703DF204DFD7F2BA00000036
:1081D000BA000000BA000000BA8EFC30BFD54BF3E5
:1081E000BE1000CABA00007EBA00007EBE1000CAEF
:1081F000BFD55BF3B98EFC30007DFD6009F748F414
:108200002F5000205F0000005F0000002F50002072
:1082100009F748F4007DFD600000001F40000001E8
:10822000F40000001F4008EFC4F40AF748FF42F5CD
:108230000007F45F00002F45F00001F42F50006F9D
:1082400040AE637EF4008EFC4F40008EFC400AD5A9
:1082500038F42F20008C5FEEEEFF5F2111112F709C
:10826000001009F846E4007DFE80009EE305F4411D
:1082700008C000CFFFF029D32008D00008D00008A4
:10828000D00008D00008D00008D000007EFC4E606E
:10829000AF747FF62F50005F65F00000F65F0000BE
:1082A0000F62F60006F609F747FF5007EFC4F50026
:1082B00000003F20CB646EB003AEFD8000BA00002A
:1082C00000BA000000BA000000BA8EFB20BFC56DE6
:1082D000D0BE0003F2BA0000F4BA0000F5BA000004
:1082E000F5BA0000F5BA0000F5BAA800BABABABAF1
:1082F000BABABABA000AB0009900000000AB000A8E
:10830000B000AB000AB000AB000AB000AB000AB08E
:1083100000AA064E71DFA0BA000000BA000000BA41
:10832000000000BA001CC0BA01CC00BA1CD100BBCE
:10833000CF6000BFDBE100BD11DC00BA003F70BAC6
:108340000007F3BABABABABABABABABABABAB99EDE
:10835000FA15DFD40BFB45EDE64AF2BE0006F60047
:108360000E7BA0004F2000C9BA0003F1000C9BA0B7
:10837000003F1000C9BA0003F1000C9BA0003F10A1
:1083800000C9B99EFB20BFB45DD0BE0003F2BA00A5
:1083900000F4BA0000F5BA0000F5BA0000F5BA0022
:1083A00000F5007DFD60009F748F702F50007F05E9
:1083B000F00001F35F00002F32F50007F009F748E5
:1083C000F70007DFD600B98EFC30BFC43AF3BE1009
:1083D00000CABA00007EBA00007EBE1000CABFD537
:1083E0005BF3BA7EFC30BA000000BA000000BA00AD
:1083F0000000008EFC3F40AF748EF42F50007F458C
:10840000F00001F45F00002F42F50007F40AF7487E
:10841000FF4008EFC4F40000001F40000001F4001A
:1084200000001F40B98E4BFD71BE100BB000BA00AA
:108430000BA000BA000BA00005DFEA13F735A06F10
:10844000000001EE9610016AEF300000D96C646FF5
:1084500062AEFD7008D00008D000CFFFF029D32015
:1084600008D00008D00008D00008D00005F5510061
:108470009FE3C80002F3C80002F3C80002F3C8007B
:1084800002F3C90003F3AB0007F35F837EF306DF5B
:10849000C5F30D90000AA06E0001F300F5007D0009
:1084A00009C00E60003F24F00000C8B9000006FFBC
:1084B0003000000FC000C80006F1000D56D000CFFC
:1084C0006003F01F302F9C009A00B807B2F10E40F5
:1084D00005E0D60C74E0000F6F007C990000AFA09F
:1084E00001FF400005F4000BE0004F3007E109D028
:1084F0002F4000D9D900003FD000004FE10001E734
:10850000BB000BB01E707E1005F30D90000AA06F2B
:108510000001F300F6007D0009C00D60002F34F06B
:108520000000C9A9000005FF2000000EC0000000E7
:10853000E5000094AD00001BFC2000005FFFFFA1E0
:108540003337F40001E70000CB00008E10004F40ED
:10855000001EA33326FFFFFC006EA00F9201F40063
:108560001F4001F4003F303FC0006F3001F4001F96
:108570004001F4001F4000FA2005EA8B8B8B8B8BA7
:108580008B8B8B8B8B8B8B8B8BBE5002AE0005F055
:10859000005F0005F0004F1000DF104F5005F000A5
:1085A0005F0005F0005F002AE00BE40007EC40B438
:1085B0001E25DFC00100000004CC302B01C0570095
:1085C000932B01C005CC3006A10FF60BE200000092
:1085D000000000000000000000027BFB000000041F
:1085E0009DFFFFD00003AFFFFFFFFD0000AFFFFFC7
:1085F000FFDFD0000AFFFFB610ED0000AF940000CF
:108600000ED0000AF1000000ED0000AF1000000ED7
:10861000D0000AF1000045FD0000AF1001EFFFD0CF
:10862000179DF1005FFFFC0EFFFF1000AFFD31FF53
:10863000FFE00000010003BDA3000000000050188F
:108640008888888405FABFDDDDDDFDAFE47F10009A
:1086500000CA4EE04F100000C80EFEEF100000CF21
:10866000EFE03FEEEEEEF80EF68F766666EB6FF813
:10867000AF100000CC8FE03F100000C80EFCDF659B
:108680005555EECFC25FFFFFFFF92C577505777781
:108690007775FFFF1FFFFFFFFFFFFF2FFFFFFFFFAC
:1086A000EFFF0EFFFFFFFE01100011111110EFFE92
:1086B0000EFFFFFFFEFFFF2FFFFFFFFFFFFF1FFF6C
:1086C000FFFFFF688707888888866887078888880B
:1086D00086FFFF1FFFFFFFFFFFFF2FFFFFFFFFDFF3
:1086E000FD0DFFFFFFFD0000000000015000000035
:1086F00000001DF80000000001DFFD000000001D6B
:10870000FFE22D600001DFFE20DFF7001DFFE20029
:108710008FFF71DFFE200008FFFEFFE20000008FE8
:10872000FFFE2000000008FFE200000000007D20A6
:1087300000000000000000007F60000BE2EFF60088
:10874000BFF84FFF6BFFD104FFFFFD10005FFFE19B
:108750000000BFFFF6000BFFDFFF60BFFD14FFF559
:10876000CFD1004FF6171000036000000011000089
:1087700000000000FF000000006F21FF12F700065C
:10878000FF61FF16FF601FF901FF109FF16FE0010D
:10879000FF100EF6AF8001FF1008FACF6001FF1046
:1087A00006FCAF8000AA0008FB7FD00000000DF798
:1087B0001FF80000008FF107FF91002AFF70009F53
:1087C000FFEEFFF9000005CFFFFD5000000002445E
:1087D0002000000000000000000000000AFFA000D0
:1087E0000000000CFFC0000003D6DFFFFD6D300E5F
:1087F000FFFFFFFFFFE05FFFFFAAFFFFF51AFFF497
:10880000004FFFA103FFD0000DFF3004FFF0000F69
:10881000FF404FFFFB22BFFFF42FFFFFFFFFFFF2E0
:1088200009FEFFFFFFEF9000505EFFE5050000002E
:108830000CFFC000000000047740000000000003AF
:10884000100341000000009FF50DF50000001BFD26
:10885000FF8DF5000002DFB12DFFF500004FF83E5F
:10886000C2BFF50007FF55FFFE39FE409FE38FFFB3
:10887000FFF56FF6AC2AFFFFFFFF73E6005FFFFF17
:10888000FFFFF100006FFFD77FFFF200006FFF9046
:108890000DFFF200006FFF900DFFF200004FFF7020
:1088A0000BFFE1000000003300000000000BFFB0F0
:1088B000000000000CFFC0000000000CFFC0000022
:1088C00000000CFFC0000000000CFFC00000008F83
:1088D000FFFFFFF800002EFFFFFFE2000002EFFFA6
:1088E000FE200000002DFFE20000799982DE289929
:1088F00097FFFFFB22BFFFFFFFFFFFFFFFFFFFFF11
:10890000FFFFFFFAB3CFACCCCCCCCCCCCA0006BBBB
:10891000BBBBBA3000004FFFFFFFFFE10000EF30AC
:10892000000006FB0009F800000000CF504FD00007
:108930000000002FE1DF84420000344BF9FFFFFD0F
:108940000001FFFFFBFFFFFF988BFFFFFCFFFFFF16
:10895000FFFFFFFFFCFFFFFFFFFFFFFFFB9FFFFF8E
:10896000FFFFFFFFF60000000000003300018DFF55
:10897000C600EF004EFFFFFFE4DF04FFB3004CFF33
:10898000FF0EF90000008FFF6FC00001FFFFFF8E98
:10899000500001DEEEED0000000000000022222267
:1089A00000000021FFFFFF100008F8FFFBBC1000D3
:1089B0001EF4FFFC100001DFC0FEEFE8448EFE1045
:1089C000FE1AFFFFFFC100FD0028BB94000000005D
:1089D00002700002EF0002EFFDFFFFFFFFFFFFFF4D
:1089E000FFFFFFFFFFFFFFFFFFFF3447FFF0000522
:1089F000FF000005C000000000000270000000023F
:108A0000EF00000002EFF0000DFFFFFF0220FFFF6C
:108A1000FFF08E1FFFFFFF00E7FFFFFFF03F5FFF4C
:108A2000FFFF08903447FFF000000005FF00000042
:108A30000005C0000000000000000000000000076A
:108A40007000000002700005FA0000002EF00081A6
:108A50004F600002EFF001DD07F0DFFFFFF0321E94
:108A600080F6FFFFFFF08E27E0B9FFFFFFF00E73E7
:108A7000F19BFFFFFFF03F54F09AFFFFFFF0890AE0
:108A8000C0D83447FFF0007F43F300005FF002F6E8
:108A90000CB0000005C00000BF100000000000097D
:108AA000E3000000000000021000378888888888F2
:108AB00073EFFFFFFFFFFFFEFE32DFFFFFFFFFF957
:108AC000007FFFFDFFFFFD10CFFFA07FFFFFFFFF37
:108AD000FA0007FFFFF35FA00000CFFF30030000A4
:108AE00000CFFC0000000000CFFFCCCCCCCCCCFFF2
:108AF000AFFFFFFFFFFFF900002000000001FA00B8
:108B0000000006FF1000000DFF7000006FFFF10075
:108B100001EFFFFA000BFFFFFF605FFFFFFFE0CFF9
:108B2000FFFFFFF6FEBFFFFFF9FD4FFFFFF9BF4953
:108B3000FFFFF53FE52EFFD006FFFFFD200028BA1E
:108B4000600004300000311FE00006F91FE0007FE4
:108B5000FA1FE009FFFA1FE0AFFFFA1FEBFFFFFA71
:108B60001FFFFFFFFA1FFFFFFFFA1FE6FFFFFA1FBD
:108B7000E05FFFFA1FE004FFFA1FE0003EFA0FD0AB
:108B80000002D700000000000200000000000CFB03
:108B90002000000000FFFF900000000FFFFFE60034
:108BA0000000FFFFFFFC30000FFFFFFFFF9100FF01
:108BB000FFFFFFFFE60FFFFFFFFFFFF2FFFFFFFFDB
:108BC000FFFD0FFFFFFFFFF800FFFFFFFFB2000FE9
:108BD000FFFFFD400000FFFFF70000000FFFA100B6
:108BE0000000006A400000000000144420014442DC
:108BF0000DFFFF10DFFFF1FFFFF30FFFFF3FFFFF50
:108C000040FFFFF4FFFFF40FFFFF4FFFFF40FFFFA8
:108C1000F4FFFFF40FFFFF4FFFFF40FFFFF4FFFFE4
:108C2000F40FFFFF4FFFFF40FFFFF4FFFFF40FFFC4
:108C3000FF4FFFFF30FFFFF39FFFC009FFFC001451
:108C400044444444420DFFFFFFFFFFF1FFFFFFFFDD
:108C5000FFFF3FFFFFFFFFFFF4FFFFFFFFFFFF4F9F
:108C6000FFFFFFFFFFF4FFFFFFFFFFFF4FFFFFFFCF
:108C7000FFFFF4FFFFFFFFFFFF4FFFFFFFFFFFF4CA
:108C8000FFFFFFFFFFFF4FFFFFFFFFFFF39FFFFF10
:108C9000FFFFFC0002100000420FE20003FB0FFE8A
:108CA0003004FB0FFFF404FB0FFFFF54FB0FFFFF2B
:108CB000FAFB0FFFFFFFFB0FFFFFFFFB0FFFFFD6CE
:108CC000FB0FFFFD14FB0FFFC104FB0FFB0004FBB8
:108CD0000CA00003FA0000000000000000120000D9
:108CE00000000003FF60000000002EFFF500000000
:108CF00001EFFFFF4000001DFFFFFFF30000CFFF6B
:108D0000FFFFFE200AFFFFFFFFFFE00EFFFFFFFF58
:108D1000FFF20399999999995005888888888870F5
:108D20000FFFFFFFFFFFF30FFFFFFFFFFFF40BFF3E
:108D3000FFFFFFFFD1000000000000003F90000097
:108D40003FFC00003FFD10003FFD10003FFD100004
:108D50001FFD100000CFF4000000CFF4000000CF92
:108D6000F4000000CFF4000000CFE0000000A400F9
:108D70000000000000CD1000001FFD1000003FFDAE
:108D80001000003FFD1000003FFD1000003FFD00FF
:108D90000008FF900008FF900008FF900008FF9077
:108DA0000002FF9000000780000000000004500057
:108DB00000000002FF60000000003FF7000000001C
:108DC00003FF70000000003FF7000006999AFFC9FA
:108DD0009980FFFFFFFFFFFF3DFFFFFFFFFFF20155
:108DE000113FF71110000003FF70000000003FF773
:108DF0000000000003FF70000000000CD300000022
:108E00006999999999980FFFFFFFFFFFF3DFFFFF23
:108E1000FFFFFF200000000000000000015664007A
:108E200000000003BFFEEFF91000007FFA1003DF1F
:108E3000E40008FFA009B41EFF504FFF200BFF26DF
:108E4000FFE1EFFF09CFFF63FFFABFFF09FFFF5408
:108E5000FFF61EFF51DFFB09FFB003EFE204305FB6
:108E6000FC10002CFF956AFF9000000049DFFD9286
:108E70000000000000000000000000CD2000000005
:108E8000000000008FF50014664000000004EFAC05
:108E9000FFEFFF910000001CFFA1004DFE3000001D
:108EA000009FF5AB31EFF40007B105FFFFE17FFE56
:108EB000100FFE302DFFF54FFF900CFFE000AFF6D6
:108EC0005FFF6002FFF40006FFEFFB00004FFD10A4
:108ED000003EFFC0000002DFE85401BFE3000000D5
:108EE00005AEFF6007FF60000000000000004EF6C6
:108EF0000000000000000001A100000000000000D0
:108F000000000000003ED00000000000000CFF80C8
:108F1000000000000006FFFF200000000000EFFF3F
:108F2000FB00000000008FFCCFF4000000002FFBCE
:108F300000FFD00000000BFFC00FFF70000004FF17
:108F4000FD01FFFF100000DFFFE02FFFFA00007FB0
:108F5000FFFF9BFFFFF3001FFFFFB00EFFFFC00AE4
:108F6000FFFFFE24FFFFFF60FFFFFFFFFFFFFFFA91
:108F700006CCCCCCCCCCCCCB3000000000003600F2
:108F800000000000007F80DDDB00008DEFF8FFFFB8
:108F9000B007FFFFFD556FF46FF8AFE2000574FFF7
:108FA000907E2000003FFA0000000002EFB2504A1D
:108FB00000012EFD1DF48FB0FFFFD10BFFFFFBFF63
:108FC000FE2000CFFFFB12210000029FC000000026
:108FD00000005B00000007A00000000008FFB000D8
:108FE000000008FFFFB0000008FF95FFB00008FF79
:108FF0009005FFB007FF900005FFB09F90000005AF
:10900000FD004000000003104C20000000B60BFEE5
:10901000200000CFF02EFE2000CFF4002EFE20CF47
:10902000F400002EFECFF40000002EFFF40000003C
:10903000002EF400000000001300000000083000C3
:10904000000000000000BFF308BBBBBB90000BFF9B
:10905000FF39FFFFFFF1008FCFCFF000000AF100D2
:10906000382F948000000AF100002F900000000AC1
:10907000F100002F900000030AF130002F90000053
:109080001FCBF8F8002FEBBBBB39FFFFE2001FFF3F
:10909000FFFFB09FFD2000000000000008D1003756
:1090A000888700000000EFFFFFA0000000FFFFFF27
:1090B000FDCCCCB6FFFFFFFFFFFFFFFFFFFFFFFF71
:1090C000FFFFFFFFFFFFFFFFFFFFFFFFFFFFFFFFB0
:1090D000FFFFFFFFFFFFFFFFFFFFFFFFFFFFFFFFA0
:1090E000FFFFFFFFFFAFFFFFFFFFFFF900000000E2
:1090F000000000000001DD10000000001DFFD10095
:10910000000001DFFFFD1000001DFFFFFFD1000088
:109110009FFFFFFFF90000011CFFC1100000000CC1
:10912000FFC0000000000CFFC0000000000CFFC0EA
:10913000000079993BFFB39997FFFFB2442BFFFFE3
:10914000FFFFFEDDEFFFFFFFFFFFFFFAB3CFACCC69
:10915000CCCCCCCCCA000000000002000000000013
:109160000004FFC70000000000AFFFF00000000097
:109170001FFFFD0000000006FFFFC0000000000808
:10918000FFF700000000000CFF300000000004FFAB
:10919000C00000000001EFF300004A3002DFF800D9
:1091A00005DFFE15EFFB0000EFFFFFFFFA00000BED
:1091B000FFFFFFF70000007FFFFFA200000002BAE0
:1091C00085000000000004860000001006FFFA0081
:1091D00002DFD1EF3CF101DFFA0EE0AF21DFFA0050
:1091E0009FEFF6DFFA00008DFFFFFB00000006FF97
:1091F000FD00000048EFFFF600006FFFFBFFF600E8
:109200000EF3CF23FFF600EE0AF204FFF609FEFC90
:109210000004FFF108DA1000026200000000000004
:109220000000006FFFF987000008FFFF98F708A60D
:109230008FFFF95990FFA8FFFFFCCC0FFA8FFFFFBB
:10924000FFF1FFA8FFFFFFFF1FFA8FFFFFFFF1FFF6
:10925000A8FFFFFFFF1FFA8FFFFFFFF1FFA8FFFF2F
:10926000FFFF1FFA7FFFFFFFF0FFE3122222210F13
:10927000FFFFFFF90000ACCCCCCB5000004999991E
:109280009995000EFFFFFFFFF600FD2222224FF608
:109290000FC0000001FFF3FC0000001FFF6FC000C3
:1092A0000002FFF6FFFFFFFFFFFF6FFFFFDCFFFF86
:1092B000F6FFFFB005FFFF6FFFF6000FFFF6FFFFA1
:1092C000C006FFFF6FFFFFEDFFFFF69FFFFFFFFFF1
:1092D000FD10CDDDDDDDDDDD2FFFFFFFFFFFF31234
:1092E00022222222220000000000000000000000D4
:1092F00000000FFFFFFFFFFFF3DEEEEEEEEEEE20CD
:109300000000000000000000000000000DEEEEEE86
:10931000EEEEE2FFFFFFFFFFFF3000000000000065
:1093200037888888888873EFFFFFFFFFFFFEEFFF15
:10933000FFFFFFFFFE1CFFFFFFFFFFC1D28FFFFFFC
:10934000FFF82DFF64EFFFFE45FFFFFA2BFFB2AFE2
:10935000FFFFFFD3553DFFFFFFFFFFBBFFFFFFFFF9
:10936000FFFFFFFFFFFFAFFFFFFFFFFFF900000060
:10937000000001FFFFF00004FFFFD00006FFFF80A8
:109380000008FFFF30000AFFFFAAA60CFFFFFFF84E
:109390000EFFFFFFE10BDDDFFF6000004FFD00006F
:1093A000007FF3000000BFA0000000FF10000003DA
:1093B000F800000003C00000000020000000045579
:1093C000EFB5520000FFFD1FFFB0000FFFFFFFFCD5
:1093D0000000FFFF533320000FFF97FFFB5700FFF4
:1093E000F8AFFFC6F80FFF8AFFFC4AA1FFF8AFFFF6
:1093F000E3220FFF8AFFFFFFF4FFF8AFFFFFFF4FED
:10940000FF8AFFFFFFF43552AFFFFFFF40000AFF66
:10941000FFFFF400007FFFFFFE20000001100000AE
:10942000000000AF00000000018FFA30000002EFE2
:10943000FFFF500000BFFFFFFF10001FFFFFFFF501
:109440000003FFFFFFFF70005FFFFFFFF90008FF51
:10945000FFFFFFC000DFFFFFFFFF209FFFFFFFFFB9
:10946000FD0EFFFFFFFFFFF2022222222221000059
:1094700008FFC00000000009A20000005BBBBBBBEE
:10948000BBBBBBA3FFFFFFFFFFFFFFFBFC0C30E1FB
:109490001D0D11FCFC0B30E01D0D10FCFFFEFFEF5D
:1094A000FEFEEFFCFFF15A0870A05FFCFFF37B2982
:1094B00092C27FFCFFBFCBBBBBBFCBFCFC0B200031
:1094C000000D00FCFFCFCCCCCCCFCCFB9FFFFFFF2F
:1094D000FFFFFFF600000000000002000000000097
:1094E0000005DFB00000000007EFFFD0000000180B
:1094F000FFFFFF70000029FFFFFFFF00003BFFFFA1
:10950000FFFFF8000AFFFFFFFFFFF1000FFFFFFF63
:10951000FFFFA000049AAAAFFFFF20000000000E8A
:10952000FFFB00000000000EFFF400000000000E32
:10953000FFC000000000000EFF5000000000000D02
:10954000FD00000000000004B30000003555550286
:10955000000FFFFFF2F400FFFFFF2FF40FFFFFF2F9
:10956000FFF3FFFFFF32221FFFFFFFFFF7FFFFFFA9
:10957000FFFF8FFFFFFFFFF8FFFFFFFFFF8FFFFFE2
:10958000FFFFF8FFFFFFFFFF8FFFFFFFFFF8FFFF69
:10959000FFFFFF8FFFFFFFFFF88AAAAAAAAA3000E9
:1095A00000002455310000000003AFFFFFFFC7009B
:1095B0000002BFFFFEDEFFFFF6005FFFB5100003F5
:1095C0008EFFB0DFD300000000008FF5180005AE5D
:1095D000FEC81004600002DFFFFFFFF80000000C6F
:1095E000FF95347DFF40000002A2000000770000DC
:1095F0000000000296000000000000000DFF500077
:1096000000000000000EFF6000000000000005DA0E
:10961000000000005BBBBBBBBBBBBBBA20FFFFFFB6
:10962000FFFFFFFFFF90FC1222222222220FF7FCF5
:109630005FFFFFFFFFFF2CFAFC5FFFFFFFFFFF2133
:10964000FAFC5FFFFFFFFFFF27FAFC2666666666EF
:10965000661FFAFEBBBBBBBBBBBBBFB1AFFFFFFF0F
:10966000FFFFFFFF500000000000000000005BBB98
:10967000BBBBBBBBBBBA20FFFFFFFFFFFFFFFF90E1
:10968000FC1222222221000FF7FC5FFFFFFFF800EF
:109690000CFAFC5FFFFFFFF80001FAFC5FFFFFFF21
:1096A000F80007FAFC2666666663000FFAFEBBBB8D
:1096B000BBBBBBBBBFB1AFFFFFFFFFFFFFFF500056
:1096C00000000000000000005BBBBBBBBBBBBBBA23
:1096D00020FFFFFFFFFFFFFFFF90FC122222100080
:1096E000000FF7FC5FFFFFD000000CFAFC5FFFFFEC
:1096F000D0000001FAFC5FFFFFD0000007FAFC2653
:1097000066665000000FFAFEBBBBBBBBBBBBBFB164
:10971000AFFFFFFFFFFFFFFF500000000000000051
:1097200000005BBBBBBBBBBBBBBA20FFFFFFFFFFA7
:10973000FFFFFF90FC1222000000000FF7FC5FFF0C
:10974000300000000CFAFC5FFF3000000001FAFC62
:109750005FFF3000000007FAFC2666100000000FD3
:10976000FAFEBBBBBBBBBBBBBFB1AFFFFFFFFFFF85
:10977000FFFF500000000000000000005BBBBBBB0F
:10978000BBBBBBBA20FFFFFFFFFFFFFFFF90FC004A
:1097900000000000000FF7FC0000000000000CFAC1
:1097A000FC00000000000001FAFC000000000000C6
:1097B00007FAFC0000000000000FFAFEBBBBBBBBB9
:1097C000BBBBBFB1AFFFFFFFFFFFFFFF50000000BB
:1097D0000000000000000000000007B200000000D0
:1097E00000000ADFFA000000000000A93DF50000BB
:1097F00000044002E00010000000AFF80B60000021
:10980000006C30FFFFFFFFFFFFFFFFF4AFF9000C1C
:109810005000006D4005500004C000001000000022
:109820000000C43EE80000000000002EEFFA000037
:1098300000000000004FFA000000000000000000DF
:1098400000000000011000000007EFFFB30000AFB0
:10985000FD8FFF2004FFFD09FFB00AFEFD12AFF0EF
:109860000EF55D2C0EF30FFF33129FF50FFFF3077C
:10987000FFF60FFFE206FFF60FFE24137FF50DF54E
:109880007D2C0DF30AFFFD11BFF003FFFE0BFFA0BF
:10989000007FFEBFFE100003ACDC810000003443FB
:1098A000000005667FFFF96650FFFFFFFFFFFF35F1
:1098B0006666666666501CCCCCCCCCC402FFFFFF4B
:1098C000FFFF602FF3FB7F6DF602FF2FB7F5DF6020
:1098D0002FF2FB7F5DF602FF2FB7F5DF602FF2FB63
:1098E0007F5DF602FF2FB7F5DF602FF3FB7F6DF68C
:1098F00001FFFFFFFFFF5007BCCCCCCC9000000065
:109900000000000120000000000004FF50000000E3
:109910000002FFFF500000000439FFFE00000004B9
:10992000FF39FFA0000004FFFF39B0000004FFFF73
:10993000FF20000004FFFFFFB0000004FFFFFFB0A6
:10994000000004FFFFFFB0000004FFFFFFB00000B5
:1099500000BFFFFFB00000000DFFFFB000000000DF
:10996000FFFFB00000000009A86000000000000038
:1099700000178888888887400002EFFFFFFFFFFFFD
:10998000F4003EFFFFCFFFCFFFF703EFFFF908F82A
:1099900009FFF83EFFFFFE20402EFFF8DFFFFFFF2C
:1099A000E101EFFFF89FFFFFFF80008FFFF809FF45
:1099B000FFF902C209FFF8009FFFFE4EFE4EFFF8BE
:1099C0000009FFFFFFFFFFFFF700008FFFFFFFFF12
:1099D000FFC100000000000003EFFFFFE203FBFBFC
:1099E000CEBFA4FF1D03A1FAFFF1D03A1FAFFFFFC6
:1099F000FFFFFAFFFFFFFFFFAFFFFFFFFFFAFFFFD1
:109A0000FFFFFFAFFFFFFFFFFAFFFFFFFFFFAFFF0B
:109A1000FFFFFFFAFFFFFFFFFFADFFFFFFFFF8298A
:109A2000AAAAAAA80000000000000003000000008D
:109A3000000004F1000820000001FF100BF70000F7
:109A4000002FF10CFF94444445FF1BFFFFFFFFFF75
:109A5000FFF18FFFFFFFFFFFFD007FF70000000019
:109A600000006F60000000000000300000000000F7
:109A700000000000000000000000C0030000000023
:109A80000000C003030A00000F0080050505000563
:109A90001C00D0090A0A00004E00B008090F00FEA1
:109AA0009200D00B0C0A0000CE00A0090A0B00FFA8
:109AB0000501F002030500050D01B004040E01FDCF
:109AC0002901C004040E00FD4501A005060600059D
:109AD000570120080807000273013003030500FE48
:109AE0007B016005050300038301300303030000CD
:109AF0008801F004070EFFFFB9015009090A0000B0
:109B0000E6013005040A0000FA011008080A000006
:109B100022020008080A00004A0260090A0A00003E
:109B20007C021008080A0000A402A008090A00002C
:109B3000D1026008080A0000F9020009090A0000C1
:109B40002603A008080A00004E03300303080000A3
:109B50005A033003030B00FD6B03200808080001C3
:109B60008B03200808060002A30320080808000150
:109B7000C3030008080A0000EB03800E0E0D00FD71
:109B80004604400A0C0AFF008204A00A090A0100E8
:109B9000AF04200A0A0A0000E104900B0A0A01003F
:109BA00013056009080A01003B05E008080A0100E6
:109BB0006305D00A0A0A00009505600B090A010036
:109BC000C2055004020A0100CC053007070AFF0055
:109BD000EF05100A0A0A010021065008080A0100D0
:109BE0004906600D0B0A01008006600B090A01009E
:109BF000AD06C00B0C0A0000E906200A090A0100A4
:109C00001607C00B0C0D00FD6407300A090A01009D
:109C10009107B008090A0000BE073008090A0000D1
:109C2000EB07100B090A01001808F0090B0AFF00E6
:109C30004F08C00F100A00009F0870090A0A0000B0
:109C4000D10810090B0AFF0008093009090A0000B1
:109C50003509B004040E01FD5109F004070EFFFFA1
:109C60008209B004040E00FD9E09300807060102B7
:109C7000B3090007070100FFB709600805020109E1
:109C8000BC09600808080000DC099009080B010005
:109C9000080A000808080000280A9009090B0000BB
:109CA0005A0A9008080800007A0AF004060B00001F
:109CB0009B0AB009090B00FDCD0A9009080B0100B1
:109CC000F90AE003020B0100040B0004050EFEFD7F
:109CD000270BA008080B0100530BE003020B010047
:109CE0005E0BD00E0D080100920B900908080100D0
:109CF000B20BE00809080000D60B9009080B01FD23
:109D0000020C9009090B00FD340CC0050508010088
:109D1000480C000707080000640CD005060A000084
:109D2000820C800908080100A20CD0070908FF0076
:109D3000C60C900C0D080000FA0CC00708080000C3
:109D40001A0DD007090BFFFD4C0D50070708000046
:109D5000680DF004050E00FD8B0D3004020E01FDB0
:109D6000990DF004050E00FDBC0D2008080300034A
:109D7000C80DE00506050006D70D600404030003C6
:109D8000DD0D000E0F0FFFFE4E0E000E0E0B00003D
:109D90009B0E000E0E0D00FFF60E000E0E0B0000C7
:109DA000430FA0090A0B00007A0F000E0E0F00FEF1
:109DB000E30F000E0E0F00FE4C10C00F100D00FF41
:109DC000B410000E0E0F00FE1D11C00F100B00008E
:109DD0007511000E0E0F00FEDE110007070C00FFCC
:109DE0000812800A0B0C00FF4A12C00F100E00FE72
:109DF000BA12000E0E0B00000713A0090A0F00FE96
:109E00005213400C0A0E01FE9813400C0D0F00FE79
:109E1000FA13400C0D0D00FF4F14400C0D0D00FF08
:109E2000A414400C0A0E01FEEA14400C0E0DFFFFB4
:109E30004515C008090D00FF8015C008090D00FF79
:109E4000BB15400C0D0D00FF1016400C0D04000357
:109E50002A16C00F100B000082168011120F00FE90
:109E60000917C00F110FFFFE8917000E0E0D00FF1E
:109E7000E417400C0D0800011818400C0D080001F3
:109E80004C188011120B0000AF18000E0E0B0000D2
:109E9000FC18000E0E0F00FE6519000E0F0FFFFEDE
:109EA000D619400C0D0D00FF2B1A400C0D0F00FEB3
:109EB0008D1A400C0D0D00FFE21A400C0D0C00FF36
:109EC000301B000E0E0B00007D1BC0080A0FFFFEAA
:109ED000C81B400C0D0F00FE2A1C400C0D0F00FE8D
:109EE0008C1CC00F100B0000E41C000E100FFFFEB6
:109EF0005C1D800A0B0F00FEAF1D8011120D00FFCC
:109F0000241E8011120A00007E1E8011120A000019
:109F1000D81E8011120A0000321F8011120A0000A0
:109F20008C1F8011120A0000E61F8011120C00FF26
:109F30005220400C0C0F00FEAC20400C0D0F00FE18
:109F40000E21000E0F0FFFFE7F218011120B00006B
:109F5000E221800A0B0F00FE3522100E0F0A0000CE
:109F60000000721F51EF58EF5BEF5CEF5DEF61EFA8
:109F700063EF65EF69EF6CEF71EF76EF77EF78EFF6
:109F80008EEF93EF98EF9BEF9CEF9DEFA1EFA2EF89
:109F9000A3EFA4EFB7EFB8EFBEEFC0EFC1EFC4EF90
:109FA000C7EFC8EFC9EFCBEFE3EFE5EF14F015F023
:109FB00017F019F030F037F03AF043F06CF074F02D
:109FC000ABF03BF190F191F192F193F194F1D7F173
:109FD000E3F13DF254F2AAF412F7F2F72000000088
:109FE0005F0001000000000000000000000002000F
:109FF000B0000000F3F76000609F0408000000005C
:10A000003E000300000001020003040502060708E9
:10A01000090A090A0B0C000D0E0F101112130C1473
:10A02000140000001516171819161A1B1C1D1D1EEA
:10A030001F201D1D1621222303241E252526272827
:10A04000292A2B002C002D2E2F303132332D343481
:10A0500035302D2D2E2E36373839333A3A3B3A3CAF
:10A06000290000093D090000000000000000000078
:10A0700000000000000000000000000000000000E0
:10A0800000000000000000000000000000000000D0
:10A0900000000000000000000000000000000000C0
:10A0A0000000000001020003040502060708090A77
:10A0B000090A0B0C0D0E0F10110C121314151500BC
:10A0C000000016171819171919191719191A19193B
:10A0D000191917191719031B1C1D1D1E1F202122DA
:10A0E000230024002526272727002726282926267F
:10A0F0002A2A272A272A2B2C2D2E2E2F2E300000FD
:10A1000023093109000000000000000000000000E9
:10A11000000000000000000000000000000000003F
:10A12000000000000000000000000000000000002F
:10A13000000000000000000000000000000000001F
:10A14000000100000000000000010000020000000B
:10A1500000020000000000000000000000000000FD
:10A1600000000100000000000000000000000000EE
:10A1700000010A0006FB00000000F4F3020B0504D6
:10A18000F7020B01090207000000000000000000B8
:10A1900000000D02FE0000000000000000000000B2
:10A1A000000400F90000000000FC04040000FE00B0
:10A1B000FE0200FE00FEFFFC00000000FE0000FDAD
:10A1C000FD0000FE00FC000000000000000000FE9A
:10A1D000FE00FD00FA00E50000FC0004070000FCA2
:10A1E00002020704FC040000F3000000000000006D
:10A1F00000000000F8000000000000000000000067
:10A20000000000FAFDF500F7FE0000000000090064
:10A21000F9FEFF0100FC0000FEEF0000000000005E
:10A220000000000000EEFE09000000000000000039
:10A2300000000000F7000000000000000000000720
:10A2400000020000FC000000000000000000000010
:10A2500000000000000009020100000000000000F2
:10A2600000000000000000000000000000000000EE
:10A2700000000000000000000000000000000000DE
:10A28000F8000000000000000000000000000000D6
:10A290000000000000000002040207FE000004FEAF
:10A2A000F9E102060400FD00080007000700EB00CA
:10A2B000FD070007FE0402000001FE0000FC120082
:10A2C0001200070009030407000000F80000000066
:10A2D00001FE0002FCFDFC0200FE000000F7000091
:10A2E000000000000000000000F10000000000007D
:10A2F00000000000000000000001F400F200000077
:10A3000000FE0016FDFD0202FE00FD020000F4004A
:10A3100000000000000000000000EA000200000051
:10A32000000000000000000000F2000D0000F80036
:10A330000700F1EAF1FC070000F10003FB00FD005B
:10A3400000000000000000000000000607E500001B
:10A35000000000000000000000000B0002000000F0
:10A3600000000202FDFC00FFFFFE0000FE000000F6
:10A37000FC00FE00FBFC00FAF9F9FC00FC00FC000C
:10A38000000000FE0000020002FE000100000002CA
:10A39000FE000000FE0202FF000000FC00FF0000C3
:10A3A000000000010003FE00FD00FC0000FE0007AD
:10A3B0000000FE0000000000FF01FEFE0000FE00A5
:10A3C000FE000000000000000000FFFF00FEFD0096
:10A3D00000000000010000FE00FEFEFE0000000084
:10A3E0000000000000FF00000000FEFD00FD00F97D
:10A3F000FEF9040000FC02040600FAFFFD00FFF570
:10A4000002FE02F402000001F400F4FEEDFE00F58D
:10A410000004060003000000000000FCFD00F9003D
:10A420000000FE000000FE0000000000FFFF00FF33
:10A43000FD00000000000000FEFE00FEFDFE00002A
:10A44000FE0000000000000000000000FEFE00FD15
:10A4500000FE00FC020000FD0102020000000000FE
:10A4600000FE0000000000020000FE00FEFEFD00F5
:10A470000000000000000200FE00000000FEFD00E1
:10A48000FC0007FE01F9000006F5F4F7FC0200FEEF
:10A49000F1FC00FC00FC03FCF200FA000001FF02EA
:10A4A000FE000200F9F700F5FBFBFBF9FDFA00FCEA
:10A4B000FA01000100FE000000020002000000009E
:10A4C00000000000000000FE00FF00FFFE00FCFB9B
:10A4D000FBFF00F9000000000000FE00000000018A
:10A4E000FF0000000200000000000000000B000060
:10A4F0000000000002000000FE000000000000005C
:10A5000000000000FC00020000000000000000004D
:10A5100000000000FE000000FC00000000F5F90053
:10A520000000FDF50000FE0200FA0000000000003F
:10A5300000000000FC0000FC000000000000000023
:10A54000000000000200FC00000000030002FCFC10
:10A5500000FEFEFD000000000000F900FE00FDFE10
:10A5600000FBFAF9FE00FC00F900000000120000F8
:10A57000010000FD000200F60000000000EBFC07F7
:10A5800007FEF70002FD00F5FFFD02F0FE030003E9
:10A59000F8FDF8F9F70000F3000D0000FF000000DF
:10A5A000FFFFFEFAF900EB000000000000000000D1
:10A5B000010000000000000000000000000000009A
:10A5C00000FE00FFFEFD0000FC00FE000000000099
:10A5D00000000000000000000000FF00FC0000047C
:10A5E000FF0300FB02FEFFFAFE00FDFEFE00FDFC85
:10A5F0000000FEFFFEFCFD0000FE0002FE00FB006E
:10A600000000FC00FC00FCFC020000000000000058
:10A6100000FC0200FD00FEFDF9FEFEFEFFFEFDFF58
:10A620000000000000FEFEFE0000000003FE00FE31
:10A63000000000FEFDFEFEFDFE000209FF00FA0024
:10A64000FE0400FEF7FD030000F5FC02FC0200FE24
:10A65000FEF900FD010000FC0000000202FCFC000D
:10A66000FCFEFDFEFE00FC01FCFC070000000000FB
:10A6700000000000020000000000000000000000D8
:10A68000000000000000000000000000FC000000CE
:10A6900000000000000000000000000000000000BA
:10A6A00000000000000000000000000000000000AA
:10A6B0000000000000000000FE000000000000009C
:10A6C000000000000000000000000000000000008A
:10A6D000000000000000FEFE00000000000000007E
:10A6E00000000000FD0000FD0000FEFE0000000074
:10A6F000FE00000000FF0000000000FE000000005F
:10A70000FD00FC000000F90002FB0400FEF5000063
:10A71000FBFE00F7FAFA0000F6FEF7F7F500FA0084
:10A72000020FFD00FBFEFFFEFCFAFCF8F7FBFE004B
:10A7300000FE00010000F0FE0705FBF80001F90033
:10A74000F5FEFE04EBFD010000F1FDF4FEF000005B
:10A75000F0000D0100FE00000000FFFEF7FE00F11A
:10A7600000000000F900FE00FFFAF50000FFFDF90F
:10A77000FE00FE00000000F6FEF9F9FEFCFAFEFC09
:10A7800000FCFEF9FD00FDFCFEFC000100FEF900EE
:10A790000400FC00000000030002FC0900FEFEFDB6
:10A7A000000000000000F900FE00FDFE00FBFAF9C9
:10A7B000FE00FC020900000000120000010000FD84
:10A7C0000002000000000000000000000000000087
:10A7D000FEFC0000000000FF000000FEFE0000FC88
:10A7E000FE0000FC0004FF0000000000000100006B
:10A7F0000000030402FE00F9FC0007F9F9FCFC0963
:10A800000402EDFE04FE00FE02FEF800FE02FDFE64
:10A81000F9FE0000070400FA00F4FD06FDF701FD53
:10A82000F9F9FE090200FD00FA000207FBF8F7FA49
:10A83000070001F0FE02FCFEFB00FBF8FDFDFE0040
:10A8400000FBFBFE000705FEF400F4FD00F8F3FF3B
:10A85000F9FCF9FA060000FD00FCFE00FEFC000415
:10A86000F9020000F400FEFBFCFEF9FAF9FB00F926
:10A87000FEFBFCF9FE0000010BFC00F9FE00FEFCF3
:10A88000FBFAFAF7FDFC0400FD00F5FD0104F9F800
:10A89000FCF907FE01EBFC04FBFCF800F9F7FDFEF8
:10A8A000FEFEFBF9FF00000706FEF100F3FB05F7D3
:10A8B000F1FCF8F7F5F90400000000FD000002FDCE
:10A8C0000402FC040000F9FF00FF000101FE00008B
:10A8D00000000000FE0000000002070000FD000074
:10A8E0000000FEFEFD00000001020000000002006A
:10A8F000FE000900040101FD000400000002000048
:10A90000000000000000000000070006000000003A
:10A9100000000000000000000000F300FE0400073B
:10A9200000001603FCFC0202FE01F500000BF30020
:10A9300000000000000000000000F1091F000000FE
:10A94000000000000000000000F300000000000014
:10A9500000000000000000000000000000000000F7
:10A9600000000000FC0000FCFE00000000000000F1
:10A97000000000000000000000000000FE00FA00DF
:10A9800000010000021DFCFE0706FA0200000202A0
:10A99000FD0000000000000000000000E3060000D1
:10A9A000000000000000000000000000000000FAAD
:10A9B000000000FA00000000FBFF000000FB00FDAB
:10A9C00000F50000000000000000000000F10000A1
:10A9D000000001000000000000FE0000FC00FD007F
:10A9E000FA000000FC02FD0000FAFEFB0000FA0085
:10A9F000FE00F500FE0000EEFCF7FEF80000F1009E
:10AA0000FAFF0000000000000000FDFCFEFC00005A
:10AA10000000FB00FB03FE0400FEFBFEFCFC00FD4F
:10AA2000FFFE02FAFF000000ECFEFD00FB00FEF559
:10AA3000FE0000FEFE000000000200FEFCFE04001E
:10AA40000000000000000000000000000000000006
:10AA500000000000000000000000000000000000F6
:10AA600000000000000000000000030000000000E3
:10AA700000FB00FE000000FC02000000FAFEFC00EB
:10AA800000FA00FE00F500000000EA00FCF8F50006
:10AA900000F100FEFD0000000000000000FEFDFFD0
:10AAA000FD01000004FD00070BFEFEF9030B040589
:10AAB000FA0309030605060000000000000000007C
:10AAC00000000E0BFCFE00FE120A12000000020045
:10AAD00000080000FC000000000000000000FE0074
:10AAE000000000000000000300000000EDFDFEF784
:10AAF000F50000F100000000000000000000000070
:10AB00000000000000FC000000000000000000FE4B
:10AB100000000000000000000300000000EDFDFE4A
:10AB2000F7F50000F7000000000000000000000042
:10AB30000000000000000000FE000000FB0200FE1C
:10AB4000020402F90000FE02000200000000FA0008
:10AB5000FEFEFC00FEF7000EFE00FBFE00FEFC0009
:10AB6000FEFAFCFD000000FC0000000000000000F8
:10AB700000FE00000000000000000300000000EDE7
:10AB8000FDFEF7F50000F10000000000000B0000E2
:10AB90000000000000000000FC00F9FDFE07FEFEC2
:10ABA000F701FF01FEFA000500020102FBF7FD00BC
:10ABB000F7FCFAF7F700FCFCFDFDFEFEFDFE00FED3
:10ABC000FF030003FE00070000000000000000007B
:10ABD000000000FEFEFE0000FA00FF00FC00000086
:10ABE0000000000000000000F30000000000000072
:10ABF00000000000FEFE00FD00000000FE0000FC62
:10AC0000FE0200FCFCFE00FAFEFBFEFD00FC000064
:10AC1000000000000000000000F100070000FC0040
:10AC2000000000FD00FE0000FF0000FE00FB000031
:10AC300009FDF9F902020200FA020302070207FE07
:10AC4000FA0000F70000F9FA0000FC00FDFC00FD2E
:10AC500000FD00FE0300FEF9FE080000FE00FC00FF
:10AC60000003FB0002FE020000F900FEFF00FE02EE
:10AC7000FE000000F7FDFB00F90000F50008FE00F3
:10AC8000FC000100FE00FEF900FE0200000000FED4
:10AC9000000002FD010000FDFE00FD0000000000BC
:10ACA000000000000000000000000000F2000500AD
:10ACB00000FE000000000000FEFE00000004000591
:10ACC0000000000000F2F3010A0704F7020900087F
:10ACD000000400000000000000000000000C000064
:10ACE0000000000000000000000000000000000064
:10ACF00040A1040804A00408A2A004083D310000FB
:10AD0000F0770408709A0408DC9F0408F0AC04088B
:10AD100010000228640000207DB90108A1B80108D4
:10AD20001000030000FF010000AD04080000000057
:10AD300000000000000000003DFA010821FB0108AE
:10AD4000000000005DFE0108820082004A0200004F
:10AD5000000001E001E0000034AD04089B58010848
:10AD60000000000000000000C55A010800000000BB
:10AD70004104000034AD0408ED6301083B640108A0
:10AD8000000000005964010804010D0000060000E5
:10AD900034AD0408C7660108000000000000000090
:10ADA00000000000D127D1274402000034AD040880
:10ADB000616701089D67010800000000B567010890
:10ADC000040182008503000034AD0408BD7601084B
:10ADD000F576010800000000C5780108D127D127C9
:10ADE000C402000034AD040839B10108D9B101082A
:10ADF00000000000FDB101088200D1270504000019
:10AE000034AD04083FB7010871B701080000000025
:10AE100089B30108000000008002000034AD04087E
:10AE2000BFC20108EBCA01080000000015CB0108F1
:10AE3000D127D127C003000034AD040825D501086F
:10AE4000A1D5010800000000E5D50108D127D127D0
:10AE5000C004000034AD040825E60108000000002D
:10AE60000000000039E60108D127D127C002000008
:10AE700034AD04080D360208000000000000000098
:10AE800085360208D1278200C502000038AE0408CA
:10AE9000000000000000000000000000ED37020884
:10AEA00000000000C004000074AD040897390208D7
:10AEB0000000000000000000F1390208000000005E
:10AEC0008507000034AD0408334A02085B4A0208D3
:10AED00000000000654A020834001E0084020000E1
:10AEE00034AD0408C14B0208FD4B0208000000000D
:10AEF0005D4C0208D127D1278503000034AD04083A
:10AF0000B5520208CF54020800000000F9540208AC
:10AF1000040182004406000034AD0408ED6F01080E
:10AF2000000000000000000000000000C300C3009B
:10AF3000041C000034AD0408FD7802080000000085
:10AF4000000000000000000064202B000000000052
:10AF500034AD0408D97902080000000000000000A8
:10AF6000000000006420D1270000000034AD040878
:10AF7000337201088D72010800000000F1720108AF
:10AF800064200401C008000034AD0408597F0108A2
:10AF90000000000000000000A57F0108040104017A
:10AFA00001040000ACAD040845D201080000000017
:10AFB00000000000000000006420322001040000B6
:10AFC000A4BB0408F8BB040810BC0408D0BB0408E8
:10AFD000FCBB040804BC040818BC040808BC040832
:10AFE000DCBB0408F0BB0408F4BB04082CBC040858
:10AFF0005CB80408B8BB0408C0BB040800BC040863
:10B00000CCBB0408D4BB0408D8BB0408B4B80408FB
:10B01000E0BB0408E4BB0408BCB8040834BC040862
:10B020005CB80408BCBB0408ACBB04081CBC040826
:10B0300014BC0408C8BB04080CBC0408C4BB040846
:10B04000ECBB0408E8BB0408B0BB0408A8BB0408B8
:10B05000B4BB04085CB8040830BC040824BC040871
:10B06000A0BB040828BC040820BC040888B8040855
:10B070002503040404040404040404040404040470
:10B080000404040404040701260303040304030462
:10B090000304030403040304030403040701010578
:10B0A0000105010401040104010401040104010477
:10B0B0000105010501052203020106000201220328
:10B0C000A4BB040878BC040890BC040848BC04086D
:10B0D0007CBC040884BC040898BC040888BC040830
:10B0E00058BC040870BC040874BC04082CBC0408D8
:10B0F0005CB80408A0BC040838BC040880BC040880
:10B1000044BC04084CBC040850BC040854BC0408EB
:10B110005CBC040860BC040864BC040834BC0408BB
:10B120005CB80408BCBB0408ACBB04089CBC0408A5
:10B1300094BC040840BC04088CBC04083CBC040853
:10B140006CBC040868BC0408B0BB0408A8BB0408B5
:10B15000B4BB04085CB8040830BC040824BC040870
:10B16000A0BB040828BC040820BC040888B8040854
:10B17000250304040404040404040404040404046F
:10B180000404040404040701260303040304030461
:10B190000304030403040304030403040701010577
:10B1A0000105010401040104010401040104010476
:10B1B0000105010501052203020106000201220327
:10B1C000D8BC0408DCBC0408E0BC0408E4BC0408E7
:10B1D000E8BC0408ECBC0408F0BC0408F4BC040897
:10B1E000F8BC0408D4BC04082CBC04085CB80408EF
:10B1F000A0BC0408CCBC0408B8BC0408D0BC04083B
:10B20000C8BC040804BD0408B4BC0408A4BC0408F9
:10B210000CBD0408ACBC040800BD040808BD04084B
:10B220005CB8040818BD040810BD0408B0BC0408CC
:10B23000C0BC0408C4BC040820BD040824BD040824
:10B2400014BD04081CBD0408FCBC0408A8BC040808
:10B25000BCBC04085CB8040830BC040824BC040866
:10B26000A0BB040828BC040820BC040888B8040853
:10B2700001040104010401040104010401040104A6
:10B280000104010402012203010401040104010478
:10B290000104010401040104010401040104010486
:10B2A0000104010401040104010401040104010476
:10B2B0000104010401042203020106000201220329
:10B2C000D8BC0408DCBC0408E0BC040830BC04089A
:10B2D0005CB80408E4BC0408E8BC0408ECBC04083E
:10B2E00020BC04085CB80408F0BC0408F4BC0408E2
:10B2F000F8BC04082CBC04085CB8040828BD040889
:10B30000D4BC0408B0BB040824BC040828BC04084E
:10B3100088B80408010001000100220301000100B7
:10B3200001002203010001000100020001000100F0
:10B33000010001000100000034AD0408CDE3010864
:10B340000000000000000000E9E301081A001A00F4
:10B350008002000034AD040800000000000000007E
:10B360000000000000000000C30004010000000015
:10B3700090AD040800000000000000000000000084
:10B3800000000000000000000000000038AE0408CB
:10B3900000000000000000000000000000000000AD
:10B3A000000000000000000034AD0408A5EC010816
:10B3B00009EE01080000000000000000C3000401C5
:10B3C0004006000034AD040811EE010845EE010806
:10B3D00000000000000000006420D127800200006F
:10B3E00034AD0408E5ED0108000000000000000095
:10B3F000000000006420D1270000000034AD0408E4
:10B40000CDEE010800000000000000000000000078
:10B410006420D1270000000034AD040800000000C3
:10B42000000000000000000000000000D127D1272C
:10B430000000000034AD040800000000000000001F
:10B4400000000000000000000000000000000000FC
:10B4500034AD0408000000000000000000000000FF
:10B4600000000000000000000000000034AD0408EF
:10B4700000000000000000000000000000000000CC
:10B48000000000000000000034AD040800000000CF
:10B4900000000000000000000000000000000000AC
:10B4A0000000000034AD04081BF0010837F001086B
:10B4B0000000000051F0010800000000C00300007F
:10B4C00034AD04080000000000000000000000008F
:10B4D000000000000401D1278003000034AD0408FF
:10B4E000000000000000000000000000000000005C
:10B4F0006420D1274002000034AD040800000000A1
:10B500000000000000000000000000006420642033
:10B5100040020000FCAE0408153F020800000000D5
:10B5200000000000993F020882000000810700002F
:10B5300058AD04088D420208000000000000000021
:10B5400000000000000000000000000034AD04080E
:10B55000214E0208614F020800000000BD4F0208A2
:10B56000642064200003000034AD0408D5590208AB
:10B5700000000000000000000000000000000000CB
:10B580008002000034AD0408115A020800000000D7
:10B590000000000000000000000000008002000029
:10B5A00034AD040841630208000000000000000000
:10B5B0000000000064206420400200002100200000
:10B5C00069006A006C006B006D006E006300620031
:10B5D0000000004040404040404040404141414127
:10B5E000414040404040404040404040404040405A
:10B5F000404040050202020202020202020202026E
:10B6000002020220202020202020202020020202EE
:10B610000202020290909090909010101010101062
:10B620001010101010101010101010101010020236
:10B6300002020202888888888888080808080808A2
:10B640000808080808080808080808080808020286
:10B6500002024000D3B504087B226964223A222505
:10B6600073222C2276657273696F6E223A22312E14
:10B6700030222C22706172616D73223A7B224375F5
:10B680007272656E7454656D706572617475726501
:10B69000223A7B2276616C7565223A25642E2564F8
:10B6A0007D2C2252656C617469766548756D69649C
:10B6B000697479223A7B2276616C7565223A256439
:10B6C0002E25647D2C226C65645F627269676874E4
:10B6D0006E657373223A7B2276616C7565223A251A
:10B6E000647D2C224C696768744C757856616C7562
:10B6F00065223A7B2276616C7565223A25642E2597
:10B70000647D2C224C696768744D6F64756C655359
:10B710007461747573223A7B2276616C7565223A86
:10B7200025647D2C22536F756E644D6F64756C6556
:10B73000537461747573223A7B2276616C7565224D
:10B740003A25647D2C2248756D69747572654D6F5C
:10B7500064756C65537461747573223A7B227661EB
:10B760006C7565223A25647D7D7D00004745542037
:10B770002F76332F776561746865722F6461696C09
:10B78000792E6A736F6E3F6B65793D2573266C6FFA
:10B79000636174696F6E3D6265696A696E67266C84
:10B7A000616E67756167653D7A682D48616E7326C5
:10B7B000756E69743D632673746172743D302664DE
:10B7C0006179733D3120485454502F312E310D0A88
:10B7D000486F73743A206170692E73656E6976657F
:10B7E0007273652E636F6D0D0A436F6E6E656374C1
:10B7F000696F6E3A20636C6F73650D0A0D0A000065
:10B8000076657273696F6E3D323031382D31302D6F
:10B810003331267265733D70726F6475637473257E
:10B82000253246257325253246646576696365733E
:10B830002525324625732665743D32303137383838
:10B8400031373736266D6574686F643D73686131D2
:10B85000267369676E3D2573000000000A00000032
:10B8600042746E310000000042746E32000000002D
:10B8700042746E330000000042746E340000000019
:10B8800042746E35000000000000000053610000AB
:10B8900057650000546800004D6F000046720000BC
:10B8A00053750000547500004A756E650000000075
:10B8B0004D61726368000000417072696C000000A5
:10B8C000446563656D6265720000000053657074C5
:10B8D000656D6265720000004E6F76656D6265721F
:10B8E000000000004F63746F6265720041756775F8
:10B8F000737400004D6179004A756C790000000096
:10B900004A616E756172790046656272756172791D
:10B9100000000000323032330A323032320A323024
:10B9200032310A323032300A323031390A32303173
:10B93000380A323031370A323031360A3230313556
:10B940000A323031340A323031330A323031320A7D
:10B95000323031310A323031300A323030390A3245
:10B960003030380A323030370A323030360A32302E
:10B9700030350A323030340A323030330A32303027
:10B98000320A323030310A323030300A3139393906
:10B990000A313939380A313939370A313939360AF1
:10B9A000313939350A313939340A313939330A31C3
:10B9B0003939320A313939310A313939300A3139B4
:10B9C00038390A313938380A313938370A31393893
:10B9D000360A313938350A313938340A3139383391
:10B9E0000A313938320A313938310A313938300AB6
:10B9F000313937390A313937380A313937370A316D
:10BA00003937360A313937350A313937340A31395D
:10BA100037330A313937320A313937310A31393758
:10BA2000300A313936390A313936380A3139363740
:10BA30000A313936360A313936350A313936340A5F
:10BA4000313936330A313936320A313936310A3131
:10BA50003936300A313935390A313935380A313910
:10BA600035370A313935360A313935350A31393504
:10BA7000340A313935330A313935320A3139353101
:10BA80000A313935300A313934390A313934380A12
:10BA9000313934370A313934360A313934350A31DB
:10BAA0003934340A313934330A313934320A3139CC
:10BAB00034310A313934300A313933390A313933C2
:10BAC000380A313933370A313933360A31393335A7
:10BAD0000A313933340A313933330A313933320ACE
:10BAE000313933310A313933300A313932390A3197
:10BAF0003932380A313932370A313932360A313976
:10BB000032350A313932340A313932330A31393275
:10BB1000320A313932310A313932300A3139313968
:10BB20000A313931380A313931370A313931360A77
:10BB3000313931350A313931340A313931330A3149
:10BB40003931320A313931310A313931300A31393A
:10BB500030390A313930380A313930370A31393021
:10BB6000360A313930350A313930340A3139303317
:10BB70000A313930320A31393031000030310A307F
:10BB8000320A30330A30340A30350A30360A303758
:10BB90000A30380A30390A31300A31310A3132007C
:10BBA00020000000312300002C0000002D000000C8
:10BBB0002E0000003A000000414243005F000000F8
:10BBC00061000000620000006300000064000000EB
:10BBD00065000000660000006700000069000000CA
:10BBE0006A0000006B0000006D0000006E000000A5
:10BBF0006F00000070000000710000007200000083
:10BC00007300000074000000750000007600000062
:10BC10007700000078000000790000007A00000042
:10BC2000EF808C00EF819300EF819400EF959A00F4
:10BC3000EF849C00EFA2A20041000000420000003F
:10BC400043000000440000004500000046000000E2
:10BC50004700000048000000490000004A000000C2
:10BC60004B0000004C0000004D0000004E000000A2
:10BC70004F00000050000000510000005200000082
:10BC80005300000054000000550000005600000062
:10BC90005700000058000000590000005A00000042
:10BCA0006162630021000000220000002300000008
:10BCB00024000000250000002600000027000000EE
:10BCC00028000000290000002A0000002B000000CE
:10BCD0002F000000300000003100000032000000A2
:10BCE0003300000034000000350000003600000082
:10BCF0003700000038000000390000003B00000061
:10BD00003C0000003D0000003E0000003F0000003D
:10BD1000400000005B0000005C0000005D000000CF
:10BD20007B0000007D0000002B2F2D006CBD04085F
:10BD300000000020DC0100005C100008F4BD0408D5
:10BD400000C00120F80100005C100008F4BD0408E8
:10BD5000DC01002034BC0100364A00084CBE040857
:10BD6000F8C10120103C0000364A000801487270FA
:10BD70001EF562020821041E9961020815041AD1F9
:10BD8000040118021F2D32011E60B8040868041A4D
:10BD900070041A5C041A78041A80041A88040119C1
:10BDA0001DB9040808041AB0241AB8041AF4041AB5
:10BDB000A8041AF8041AEC041ACC041AE4041AD8D9
:10BDC000041AC0041E7CBB040814301BC0AF041A44
:10BDD000B0041AB1045AB210990439E819201A7043
:10BDE000201A70201B14B30829109904014802433B
:10BDF0001F0000003201C210036924F42A017D11E2
:10BE00000350EA072390D013AD421408ED44140800
:10BE1000293D0233080220800520D4C3B2A10808BE
:10BE200032AD620208F9610280911EA0B804089840
:10BE3000041AA4041A90041A94041A9C041A8C0478
:0CBE40002132FF2AFF0501251AAA01810A
:040000050800018965
:00000001FF
